participant,painting,position,condition,anchor,anchor_c,anchor_c2,rating,has_rating,distance,signed_dev,familiarity,engagement,engagement_z,engagement_hi,engagement_lo,engagement_group,engagement_7item,engagement_7item_z,engagement_7item_hi,engagement_7item_lo,engagement_7item_group,ai_usage,ai_usage_z,age_band,gender,colour_vision,duration,progress,finished,n_trials,complete_ratings,has_engagement,has_ai_usage,has_familiarity,exclude,quadrant,quadrant_code,semantic_level,perceptual_level,object_count,unique_objects,unique_categories,hog,rms_contrast,hog_z,object_count_z,unique_objects_z,unique_categories_z,rms_contrast_z,semantic_z,painting_liking,rater_baseline,eng1_museum,visual_engagement,visual_engagement_3item
R_2o5ZzqcpnrKt3Md,SK-A-1756,1,none,5,-0.5,-8.1561,8.0,yes,3.0,3.0,1.0,1.0,0.6053668015775303,-0.3946331984224697,1.6053668015775302,high,1.2857,0.8529,-0.1471,1.8529,high,0.875,0.6921,65+ years old,Female,"No, I am not colourblind",619,100,True,27,yes,yes,yes,yes,,high_sem_high_perc,Q1,high,high,20,12,9,5.001,12.19,0.1782,-0.3717,-0.2415,0.2636,-0.0008,-0.1165,-1.106,1.1442,1.0,0.5,1.3333333333333333
R_2o5ZzqcpnrKt3Md,SK-A-2320 B,2,ai,7,1.5,-6.1561,8.0,yes,1.0,1.0,1.0,1.0,0.6053668015775303,-0.3946331984224697,1.6053668015775302,high,1.2857,0.8529,-0.1471,1.8529,high,0.875,0.6921,65+ years old,Female,"No, I am not colourblind",619,100,True,27,yes,yes,yes,yes,,low_sem_high_perc,Q2,low,high,11,7,4,4.974,8.222,0.1616,-0.8279,-1.0175,-1.3537,-0.8435,-1.0664,0.3704,1.1442,1.0,0.5,1.3333333333333333
R_2o5ZzqcpnrKt3Md,SK-C-1215,3,ai,9,3.5,3.8439,6.0,yes,3.0,-3.0,1.0,1.0,0.6053668015775303,-0.3946331984224697,1.6053668015775302,high,1.2857,0.8529,-0.1471,1.8529,high,0.875,0.6921,65+ years old,Female,"No, I am not colourblind",619,100,True,27,yes,yes,yes,yes,,high_sem_high_perc,Q1,high,high,24,14,8,5.533,8.134,0.5041,-0.169,0.069,-0.0599,-0.8622,-0.0533,-0.0772,1.1442,1.0,0.5,1.3333333333333333
R_2o5ZzqcpnrKt3Md,SK-C-243,4,human,6,0.5,-8.1561,8.0,yes,2.0,2.0,1.0,1.0,0.6053668015775303,-0.3946331984224697,1.6053668015775302,high,1.2857,0.8529,-0.1471,1.8529,high,0.875,0.6921,65+ years old,Female,"No, I am not colourblind",619,100,True,27,yes,yes,yes,yes,,low_sem_low_perc,Q4,low,low,14,12,6,4.052,8.426,-0.4032,-0.6758,-0.2415,-0.7068,-0.8002,-0.5414,0.1632,1.1442,1.0,0.5,1.3333333333333333
R_2o5ZzqcpnrKt3Md,SK-A-87,5,human,10,4.5,11.8439,8.0,yes,2.0,-2.0,1.0,1.0,0.6053668015775303,-0.3946331984224697,1.6053668015775302,high,1.2857,0.8529,-0.1471,1.8529,high,0.875,0.6921,65+ years old,Female,"No, I am not colourblind",619,100,True,27,yes,yes,yes,yes,,low_sem_low_perc,Q4,low,low,16,9,4,1.284,3.991,-2.099,-0.5744,-0.7071,-1.3537,-1.742,-0.8784,0.5278,1.1442,1.0,0.5,1.3333333333333333
R_2o5ZzqcpnrKt3Md,SK-C-95,6,none,2,-3.5,3.8439,7.0,yes,5.0,5.0,1.0,1.0,0.6053668015775303,-0.3946331984224697,1.6053668015775302,high,1.2857,0.8529,-0.1471,1.8529,high,0.875,0.6921,65+ years old,Female,"No, I am not colourblind",619,100,True,27,yes,yes,yes,yes,,low_sem_high_perc,Q2,low,high,12,10,6,5.078,11.141,0.2254,-0.7772,-0.5519,-0.7068,-0.2236,-0.6786,0.0208,1.1442,1.0,0.5,1.3333333333333333
R_2o5ZzqcpnrKt3Md,SK-A-110,7,none,1,-4.5,11.8439,7.0,yes,6.0,6.0,1.0,1.0,0.6053668015775303,-0.3946331984224697,1.6053668015775302,high,1.2857,0.8529,-0.1471,1.8529,high,0.875,0.6921,65+ years old,Female,"No, I am not colourblind",619,100,True,27,yes,yes,yes,yes,,low_sem_high_perc,Q2,low,high,9,7,5,5.104,15.147,0.2413,-0.9292,-1.0175,-1.0303,0.6271,-0.9923,0.0078,1.1442,1.0,0.5,1.3333333333333333
R_2o5ZzqcpnrKt3Md,SK-A-2110,8,ai,4,-1.5,-6.1561,7.0,yes,3.0,3.0,1.0,1.0,0.6053668015775303,-0.3946331984224697,1.6053668015775302,high,1.2857,0.8529,-0.1471,1.8529,high,0.875,0.6921,65+ years old,Female,"No, I am not colourblind",619,100,True,27,yes,yes,yes,yes,,high_sem_low_perc,Q3,high,low,29,17,13,4.449,10.91,-0.16,0.0845,0.5346,1.5574,-0.2727,0.7255,0.9709,1.1442,1.0,0.5,1.3333333333333333
R_2o5ZzqcpnrKt3Md,SK-A-1940,9,none,1,-4.5,11.8439,5.0,yes,4.0,4.0,1.0,1.0,0.6053668015775303,-0.3946331984224697,1.6053668015775302,high,1.2857,0.8529,-0.1471,1.8529,high,0.875,0.6921,65+ years old,Female,"No, I am not colourblind",619,100,True,27,yes,yes,yes,yes,,high_sem_high_perc,Q1,high,high,39,23,10,7.148,15.116,1.4935,0.5913,1.466,0.587,0.6205,0.8814,-0.3461,1.1442,1.0,0.5,1.3333333333333333
R_2o5ZzqcpnrKt3Md,SK-A-62,10,human,3,-2.5,-2.1561,6.0,yes,3.0,3.0,1.0,1.0,0.6053668015775303,-0.3946331984224697,1.6053668015775302,high,1.2857,0.8529,-0.1471,1.8529,high,0.875,0.6921,65+ years old,Female,"No, I am not colourblind",619,100,True,27,yes,yes,yes,yes,,low_sem_low_perc,Q4,low,low,6,4,4,4.61,10.563,-0.0614,-1.0813,-1.4832,-1.3537,-0.3464,-1.3061,-1.366,1.1442,1.0,0.5,1.3333333333333333
R_2o5ZzqcpnrKt3Md,SK-A-3297,11,none,6,0.5,-8.1561,5.0,yes,1.0,-1.0,1.0,1.0,0.6053668015775303,-0.3946331984224697,1.6053668015775302,high,1.2857,0.8529,-0.1471,1.8529,high,0.875,0.6921,65+ years old,Female,"No, I am not colourblind",619,100,True,27,yes,yes,yes,yes,,low_sem_low_perc,Q4,low,low,17,10,7,4.118,13.599,-0.3628,-0.5237,-0.5519,-0.3834,0.2984,-0.4863,-0.4879,1.1442,1.0,0.5,1.3333333333333333
R_2o5ZzqcpnrKt3Md,SK-A-298,12,ai,4,-1.5,-6.1561,6.0,yes,2.0,2.0,1.0,1.0,0.6053668015775303,-0.3946331984224697,1.6053668015775302,high,1.2857,0.8529,-0.1471,1.8529,high,0.875,0.6921,65+ years old,Female,"No, I am not colourblind",619,100,True,27,yes,yes,yes,yes,,high_sem_low_perc,Q3,high,low,22,19,12,3.588,8.258,-0.6875,-0.2703,0.8451,1.2339,-0.8359,0.6029,0.4922,1.1442,1.0,0.5,1.3333333333333333
R_2o5ZzqcpnrKt3Md,SK-A-1403,13,none,1,-4.5,11.8439,4.0,yes,3.0,3.0,1.0,1.0,0.6053668015775303,-0.3946331984224697,1.6053668015775302,high,1.2857,0.8529,-0.1471,1.8529,high,0.875,0.6921,65+ years old,Female,"No, I am not colourblind",619,100,True,27,yes,yes,yes,yes,,high_sem_high_perc,Q1,high,high,69,22,13,5.281,17.539,0.3497,2.1119,1.3107,1.5574,1.1351,1.66,0.7811,1.1442,1.0,0.5,1.3333333333333333
R_2o5ZzqcpnrKt3Md,SK-A-1684,14,human,8,2.5,-2.1561,5.0,yes,3.0,-3.0,1.0,1.0,0.6053668015775303,-0.3946331984224697,1.6053668015775302,high,1.2857,0.8529,-0.1471,1.8529,high,0.875,0.6921,65+ years old,Female,"No, I am not colourblind",619,100,True,27,yes,yes,yes,yes,,low_sem_low_perc,Q4,low,low,7,6,5,1.478,7.119,-1.9802,-1.0306,-1.1728,-1.0303,-1.0777,-1.0779,1.5061,1.1442,1.0,0.5,1.3333333333333333
R_2o5ZzqcpnrKt3Md,SK-A-232,15,none,8,2.5,-2.1561,8.0,yes,0.0,0.0,1.0,1.0,0.6053668015775303,-0.3946331984224697,1.6053668015775302,high,1.2857,0.8529,-0.1471,1.8529,high,0.875,0.6921,65+ years old,Female,"No, I am not colourblind",619,100,True,27,yes,yes,yes,yes,,high_sem_low_perc,Q3,high,low,76,16,8,2.204,6.579,-1.5354,2.4667,0.3794,-0.0599,-1.1924,0.9287,0.1549,1.1442,1.0,0.5,1.3333333333333333
R_2o5ZzqcpnrKt3Md,SK-C-153,16,none,2,-3.5,3.8439,6.0,yes,4.0,4.0,1.0,1.0,0.6053668015775303,-0.3946331984224697,1.6053668015775302,high,1.2857,0.8529,-0.1471,1.8529,high,0.875,0.6921,65+ years old,Female,"No, I am not colourblind",619,100,True,27,yes,yes,yes,yes,,low_sem_high_perc,Q2,low,high,14,12,8,6.72,23.164,1.2313,-0.6758,-0.2415,-0.0599,2.3297,-0.3257,0.2978,1.1442,1.0,0.5,1.3333333333333333
R_2o5ZzqcpnrKt3Md,SK-A-4717,17,none,1,-4.5,11.8439,5.0,yes,4.0,4.0,1.0,1.0,0.6053668015775303,-0.3946331984224697,1.6053668015775302,high,1.2857,0.8529,-0.1471,1.8529,high,0.875,0.6921,65+ years old,Female,"No, I am not colourblind",619,100,True,27,yes,yes,yes,yes,,low_sem_high_perc,Q2,low,high,12,10,9,6.171,17.158,0.895,-0.7772,-0.5519,0.2636,1.0542,-0.3552,-0.0167,1.1442,1.0,0.5,1.3333333333333333
R_2o5ZzqcpnrKt3Md,SK-A-1906,18,human,10,4.5,11.8439,5.0,yes,5.0,-5.0,1.0,1.0,0.6053668015775303,-0.3946331984224697,1.6053668015775302,high,1.2857,0.8529,-0.1471,1.8529,high,0.875,0.6921,65+ years old,Female,"No, I am not colourblind",619,100,True,27,yes,yes,yes,yes,,high_sem_low_perc,Q3,high,low,43,16,11,4.708,19.343,-0.0013,0.7941,0.3794,0.9105,1.5182,0.6947,0.4853,1.1442,1.0,0.5,1.3333333333333333
R_2o5ZzqcpnrKt3Md,SK-A-388,19,human,4,-1.5,-6.1561,5.0,yes,1.0,1.0,1.0,1.0,0.6053668015775303,-0.3946331984224697,1.6053668015775302,high,1.2857,0.8529,-0.1471,1.8529,high,0.875,0.6921,65+ years old,Female,"No, I am not colourblind",619,100,True,27,yes,yes,yes,yes,,high_sem_low_perc,Q3,high,low,52,24,12,4.026,10.43,-0.4191,1.2502,1.6212,1.2339,-0.3746,1.3684,0.1145,1.1442,1.0,0.5,1.3333333333333333
R_2o5ZzqcpnrKt3Md,SK-A-864,20,human,10,4.5,11.8439,4.0,yes,6.0,-6.0,1.0,1.0,0.6053668015775303,-0.3946331984224697,1.6053668015775302,high,1.2857,0.8529,-0.1471,1.8529,high,0.875,0.6921,65+ years old,Female,"No, I am not colourblind",619,100,True,27,yes,yes,yes,yes,,high_sem_high_perc,Q1,high,high,66,28,11,8.181,13.079,2.1264,1.9598,2.242,0.9105,0.188,1.7041,1.4922,1.1442,1.0,0.5,1.3333333333333333
R_2o5ZzqcpnrKt3Md,SK-A-2320 A,21,ai,2,-3.5,3.8439,6.0,yes,4.0,4.0,1.0,1.0,0.6053668015775303,-0.3946331984224697,1.6053668015775302,high,1.2857,0.8529,-0.1471,1.8529,high,0.875,0.6921,65+ years old,Female,"No, I am not colourblind",619,100,True,27,yes,yes,yes,yes,,high_sem_low_perc,Q3,high,low,47,24,14,4.652,11.926,-0.0356,0.9968,1.6212,1.8808,-0.0569,1.4996,0.4324,1.1442,1.0,0.5,1.3333333333333333
R_2o5ZzqcpnrKt3Md,SK-A-1574,22,ai,7,1.5,-6.1561,5.0,yes,2.0,-2.0,1.0,1.0,0.6053668015775303,-0.3946331984224697,1.6053668015775302,high,1.2857,0.8529,-0.1471,1.8529,high,0.875,0.6921,65+ years old,Female,"No, I am not colourblind",619,100,True,27,yes,yes,yes,yes,,high_sem_high_perc,Q1,high,high,41,19,10,6.451,10.977,1.0665,0.6927,0.8451,0.587,-0.2584,0.7083,-1.9879,1.1442,1.0,0.5,1.3333333333333333
R_2o5ZzqcpnrKt3Md,SK-A-3023,23,ai,8,2.5,-2.1561,6.0,yes,2.0,-2.0,1.0,1.0,0.6053668015775303,-0.3946331984224697,1.6053668015775302,high,1.2857,0.8529,-0.1471,1.8529,high,0.875,0.6921,65+ years old,Female,"No, I am not colourblind",619,100,True,27,yes,yes,yes,yes,,high_sem_low_perc,Q3,high,low,24,9,6,2.609,6.171,-1.2873,-0.169,-0.7071,-0.7068,-1.2791,-0.5276,-0.4284,1.1442,1.0,0.5,1.3333333333333333
R_2o5ZzqcpnrKt3Md,SK-A-1713,24,ai,5,-0.5,-8.1561,7.0,yes,2.0,2.0,1.0,1.0,0.6053668015775303,-0.3946331984224697,1.6053668015775302,high,1.2857,0.8529,-0.1471,1.8529,high,0.875,0.6921,65+ years old,Female,"No, I am not colourblind",619,100,True,27,yes,yes,yes,yes,,low_sem_low_perc,Q4,low,low,15,13,10,2.989,8.961,-1.0545,-0.6251,-0.0862,0.587,-0.6866,-0.0414,-0.1003,1.1442,1.0,0.5,1.3333333333333333
R_2o5ZzqcpnrKt3Md,SK-A-1298,25,human,10,4.5,11.8439,5.0,yes,5.0,-5.0,1.0,1.0,0.6053668015775303,-0.3946331984224697,1.6053668015775302,high,1.2857,0.8529,-0.1471,1.8529,high,0.875,0.6921,65+ years old,Female,"No, I am not colourblind",619,100,True,27,yes,yes,yes,yes,,low_sem_high_perc,Q2,low,high,13,4,3,6.345,12.638,1.0016,-0.7265,-1.4832,-1.6772,0.0943,-1.2956,-1.1122,1.1442,1.0,0.5,1.3333333333333333
R_2o5ZzqcpnrKt3Md,SK-A-261,26,human,5,-0.5,-8.1561,7.0,yes,2.0,2.0,1.0,1.0,0.6053668015775303,-0.3946331984224697,1.6053668015775302,high,1.2857,0.8529,-0.1471,1.8529,high,0.875,0.6921,65+ years old,Female,"No, I am not colourblind",619,100,True,27,yes,yes,yes,yes,,low_sem_low_perc,Q4,low,low,9,8,7,4.292,16.828,-0.2562,-0.9292,-0.8623,-0.3834,0.9841,-0.725,0.1278,1.1442,1.0,0.5,1.3333333333333333
R_2o5ZzqcpnrKt3Md,SK-A-4469,27,ai,9,3.5,3.8439,4.0,yes,5.0,-5.0,1.0,1.0,0.6053668015775303,-0.3946331984224697,1.6053668015775302,high,1.2857,0.8529,-0.1471,1.8529,high,0.875,0.6921,65+ years old,Female,"No, I am not colourblind",619,100,True,27,yes,yes,yes,yes,,high_sem_high_perc,Q1,high,high,31,11,6,6.128,21.628,0.8686,0.1858,-0.3967,-0.7068,2.0035,-0.3059,-0.9165,1.1442,1.0,0.5,1.3333333333333333
R_2esh0qM67MP3Qmq,SK-A-232,1,none,4,-1.5,-6.1561,7.0,yes,3.0,3.0,1.0,2.1666666666666665,2.921903762280879,1.9219037622808788,3.921903762280879,high,2.0,2.3286,1.3286,3.3286,high,0.25,-0.5878,55-64 years old,Male,"No, I am not colourblind",825,100,True,27,yes,yes,yes,yes,,high_sem_low_perc,Q3,high,low,76,16,8,2.204,6.579,-1.5354,2.4667,0.3794,-0.0599,-1.1924,0.9287,0.1549,2.0331,4.0,2.5,2.0
R_2esh0qM67MP3Qmq,SK-C-95,2,none,4,-1.5,-6.1561,7.0,yes,3.0,3.0,1.0,2.1666666666666665,2.921903762280879,1.9219037622808788,3.921903762280879,high,2.0,2.3286,1.3286,3.3286,high,0.25,-0.5878,55-64 years old,Male,"No, I am not colourblind",825,100,True,27,yes,yes,yes,yes,,low_sem_high_perc,Q2,low,high,12,10,6,5.078,11.141,0.2254,-0.7772,-0.5519,-0.7068,-0.2236,-0.6786,0.0208,2.0331,4.0,2.5,2.0
R_2esh0qM67MP3Qmq,SK-A-388,3,none,2,-3.5,3.8439,7.0,yes,5.0,5.0,1.0,2.1666666666666665,2.921903762280879,1.9219037622808788,3.921903762280879,high,2.0,2.3286,1.3286,3.3286,high,0.25,-0.5878,55-64 years old,Male,"No, I am not colourblind",825,100,True,27,yes,yes,yes,yes,,high_sem_low_perc,Q3,high,low,52,24,12,4.026,10.43,-0.4191,1.2502,1.6212,1.2339,-0.3746,1.3684,0.1145,2.0331,4.0,2.5,2.0
R_2esh0qM67MP3Qmq,SK-A-1906,4,none,2,-3.5,3.8439,7.0,yes,5.0,5.0,1.0,2.1666666666666665,2.921903762280879,1.9219037622808788,3.921903762280879,high,2.0,2.3286,1.3286,3.3286,high,0.25,-0.5878,55-64 years old,Male,"No, I am not colourblind",825,100,True,27,yes,yes,yes,yes,,high_sem_low_perc,Q3,high,low,43,16,11,4.708,19.343,-0.0013,0.7941,0.3794,0.9105,1.5182,0.6947,0.4853,2.0331,4.0,2.5,2.0
R_2esh0qM67MP3Qmq,SK-A-1298,5,human,5,-0.5,-8.1561,7.0,yes,2.0,2.0,1.0,2.1666666666666665,2.921903762280879,1.9219037622808788,3.921903762280879,high,2.0,2.3286,1.3286,3.3286,high,0.25,-0.5878,55-64 years old,Male,"No, I am not colourblind",825,100,True,27,yes,yes,yes,yes,,low_sem_high_perc,Q2,low,high,13,4,3,6.345,12.638,1.0016,-0.7265,-1.4832,-1.6772,0.0943,-1.2956,-1.1122,2.0331,4.0,2.5,2.0
R_2esh0qM67MP3Qmq,SK-A-4717,6,none,3,-2.5,-2.1561,7.0,yes,4.0,4.0,1.0,2.1666666666666665,2.921903762280879,1.9219037622808788,3.921903762280879,high,2.0,2.3286,1.3286,3.3286,high,0.25,-0.5878,55-64 years old,Male,"No, I am not colourblind",825,100,True,27,yes,yes,yes,yes,,low_sem_high_perc,Q2,low,high,12,10,9,6.171,17.158,0.895,-0.7772,-0.5519,0.2636,1.0542,-0.3552,-0.0167,2.0331,4.0,2.5,2.0
R_2esh0qM67MP3Qmq,SK-A-2320 B,7,ai,1,-4.5,11.8439,7.0,yes,6.0,6.0,1.0,2.1666666666666665,2.921903762280879,1.9219037622808788,3.921903762280879,high,2.0,2.3286,1.3286,3.3286,high,0.25,-0.5878,55-64 years old,Male,"No, I am not colourblind",825,100,True,27,yes,yes,yes,yes,,low_sem_high_perc,Q2,low,high,11,7,4,4.974,8.222,0.1616,-0.8279,-1.0175,-1.3537,-0.8435,-1.0664,0.3704,2.0331,4.0,2.5,2.0
R_2esh0qM67MP3Qmq,SK-A-1756,8,human,6,0.5,-8.1561,7.0,yes,1.0,1.0,1.0,2.1666666666666665,2.921903762280879,1.9219037622808788,3.921903762280879,high,2.0,2.3286,1.3286,3.3286,high,0.25,-0.5878,55-64 years old,Male,"No, I am not colourblind",825,100,True,27,yes,yes,yes,yes,,high_sem_high_perc,Q1,high,high,20,12,9,5.001,12.19,0.1782,-0.3717,-0.2415,0.2636,-0.0008,-0.1165,-1.106,2.0331,4.0,2.5,2.0
R_2esh0qM67MP3Qmq,SK-A-864,9,human,9,3.5,3.8439,7.0,yes,2.0,-2.0,1.0,2.1666666666666665,2.921903762280879,1.9219037622808788,3.921903762280879,high,2.0,2.3286,1.3286,3.3286,high,0.25,-0.5878,55-64 years old,Male,"No, I am not colourblind",825,100,True,27,yes,yes,yes,yes,,high_sem_high_perc,Q1,high,high,66,28,11,8.181,13.079,2.1264,1.9598,2.242,0.9105,0.188,1.7041,1.4922,2.0331,4.0,2.5,2.0
R_2esh0qM67MP3Qmq,SK-A-1574,10,human,2,-3.5,3.8439,7.0,yes,5.0,5.0,1.0,2.1666666666666665,2.921903762280879,1.9219037622808788,3.921903762280879,high,2.0,2.3286,1.3286,3.3286,high,0.25,-0.5878,55-64 years old,Male,"No, I am not colourblind",825,100,True,27,yes,yes,yes,yes,,high_sem_high_perc,Q1,high,high,41,19,10,6.451,10.977,1.0665,0.6927,0.8451,0.587,-0.2584,0.7083,-1.9879,2.0331,4.0,2.5,2.0
R_2esh0qM67MP3Qmq,SK-A-1940,11,ai,9,3.5,3.8439,7.0,yes,2.0,-2.0,1.0,2.1666666666666665,2.921903762280879,1.9219037622808788,3.921903762280879,high,2.0,2.3286,1.3286,3.3286,high,0.25,-0.5878,55-64 years old,Male,"No, I am not colourblind",825,100,True,27,yes,yes,yes,yes,,high_sem_high_perc,Q1,high,high,39,23,10,7.148,15.116,1.4935,0.5913,1.466,0.587,0.6205,0.8814,-0.3461,2.0331,4.0,2.5,2.0
R_2esh0qM67MP3Qmq,SK-A-2320 A,12,none,10,4.5,11.8439,7.0,yes,3.0,-3.0,1.0,2.1666666666666665,2.921903762280879,1.9219037622808788,3.921903762280879,high,2.0,2.3286,1.3286,3.3286,high,0.25,-0.5878,55-64 years old,Male,"No, I am not colourblind",825,100,True,27,yes,yes,yes,yes,,high_sem_low_perc,Q3,high,low,47,24,14,4.652,11.926,-0.0356,0.9968,1.6212,1.8808,-0.0569,1.4996,0.4324,2.0331,4.0,2.5,2.0
R_2esh0qM67MP3Qmq,SK-A-110,13,ai,6,0.5,-8.1561,7.0,yes,1.0,1.0,1.0,2.1666666666666665,2.921903762280879,1.9219037622808788,3.921903762280879,high,2.0,2.3286,1.3286,3.3286,high,0.25,-0.5878,55-64 years old,Male,"No, I am not colourblind",825,100,True,27,yes,yes,yes,yes,,low_sem_high_perc,Q2,low,high,9,7,5,5.104,15.147,0.2413,-0.9292,-1.0175,-1.0303,0.6271,-0.9923,0.0078,2.0331,4.0,2.5,2.0
R_2esh0qM67MP3Qmq,SK-A-2110,14,ai,5,-0.5,-8.1561,7.0,yes,2.0,2.0,1.0,2.1666666666666665,2.921903762280879,1.9219037622808788,3.921903762280879,high,2.0,2.3286,1.3286,3.3286,high,0.25,-0.5878,55-64 years old,Male,"No, I am not colourblind",825,100,True,27,yes,yes,yes,yes,,high_sem_low_perc,Q3,high,low,29,17,13,4.449,10.91,-0.16,0.0845,0.5346,1.5574,-0.2727,0.7255,0.9709,2.0331,4.0,2.5,2.0
R_2esh0qM67MP3Qmq,SK-A-261,15,human,1,-4.5,11.8439,7.0,yes,6.0,6.0,1.0,2.1666666666666665,2.921903762280879,1.9219037622808788,3.921903762280879,high,2.0,2.3286,1.3286,3.3286,high,0.25,-0.5878,55-64 years old,Male,"No, I am not colourblind",825,100,True,27,yes,yes,yes,yes,,low_sem_low_perc,Q4,low,low,9,8,7,4.292,16.828,-0.2562,-0.9292,-0.8623,-0.3834,0.9841,-0.725,0.1278,2.0331,4.0,2.5,2.0
R_2esh0qM67MP3Qmq,SK-A-3023,16,ai,1,-4.5,11.8439,7.0,yes,6.0,6.0,1.0,2.1666666666666665,2.921903762280879,1.9219037622808788,3.921903762280879,high,2.0,2.3286,1.3286,3.3286,high,0.25,-0.5878,55-64 years old,Male,"No, I am not colourblind",825,100,True,27,yes,yes,yes,yes,,high_sem_low_perc,Q3,high,low,24,9,6,2.609,6.171,-1.2873,-0.169,-0.7071,-0.7068,-1.2791,-0.5276,-0.4284,2.0331,4.0,2.5,2.0
R_2esh0qM67MP3Qmq,SK-A-1684,17,human,4,-1.5,-6.1561,7.0,yes,3.0,3.0,1.0,2.1666666666666665,2.921903762280879,1.9219037622808788,3.921903762280879,high,2.0,2.3286,1.3286,3.3286,high,0.25,-0.5878,55-64 years old,Male,"No, I am not colourblind",825,100,True,27,yes,yes,yes,yes,,low_sem_low_perc,Q4,low,low,7,6,5,1.478,7.119,-1.9802,-1.0306,-1.1728,-1.0303,-1.0777,-1.0779,1.5061,2.0331,4.0,2.5,2.0
R_2esh0qM67MP3Qmq,SK-C-153,18,ai,6,0.5,-8.1561,7.0,yes,1.0,1.0,1.0,2.1666666666666665,2.921903762280879,1.9219037622808788,3.921903762280879,high,2.0,2.3286,1.3286,3.3286,high,0.25,-0.5878,55-64 years old,Male,"No, I am not colourblind",825,100,True,27,yes,yes,yes,yes,,low_sem_high_perc,Q2,low,high,14,12,8,6.72,23.164,1.2313,-0.6758,-0.2415,-0.0599,2.3297,-0.3257,0.2978,2.0331,4.0,2.5,2.0
R_2esh0qM67MP3Qmq,SK-A-298,19,none,4,-1.5,-6.1561,7.0,yes,3.0,3.0,1.0,2.1666666666666665,2.921903762280879,1.9219037622808788,3.921903762280879,high,2.0,2.3286,1.3286,3.3286,high,0.25,-0.5878,55-64 years old,Male,"No, I am not colourblind",825,100,True,27,yes,yes,yes,yes,,high_sem_low_perc,Q3,high,low,22,19,12,3.588,8.258,-0.6875,-0.2703,0.8451,1.2339,-0.8359,0.6029,0.4922,2.0331,4.0,2.5,2.0
R_2esh0qM67MP3Qmq,SK-A-87,20,ai,3,-2.5,-2.1561,7.0,yes,4.0,4.0,1.0,2.1666666666666665,2.921903762280879,1.9219037622808788,3.921903762280879,high,2.0,2.3286,1.3286,3.3286,high,0.25,-0.5878,55-64 years old,Male,"No, I am not colourblind",825,100,True,27,yes,yes,yes,yes,,low_sem_low_perc,Q4,low,low,16,9,4,1.284,3.991,-2.099,-0.5744,-0.7071,-1.3537,-1.742,-0.8784,0.5278,2.0331,4.0,2.5,2.0
R_2esh0qM67MP3Qmq,SK-A-3297,21,human,1,-4.5,11.8439,7.0,yes,6.0,6.0,1.0,2.1666666666666665,2.921903762280879,1.9219037622808788,3.921903762280879,high,2.0,2.3286,1.3286,3.3286,high,0.25,-0.5878,55-64 years old,Male,"No, I am not colourblind",825,100,True,27,yes,yes,yes,yes,,low_sem_low_perc,Q4,low,low,17,10,7,4.118,13.599,-0.3628,-0.5237,-0.5519,-0.3834,0.2984,-0.4863,-0.4879,2.0331,4.0,2.5,2.0
R_2esh0qM67MP3Qmq,SK-C-1215,22,ai,3,-2.5,-2.1561,7.0,yes,4.0,4.0,1.0,2.1666666666666665,2.921903762280879,1.9219037622808788,3.921903762280879,high,2.0,2.3286,1.3286,3.3286,high,0.25,-0.5878,55-64 years old,Male,"No, I am not colourblind",825,100,True,27,yes,yes,yes,yes,,high_sem_high_perc,Q1,high,high,24,14,8,5.533,8.134,0.5041,-0.169,0.069,-0.0599,-0.8622,-0.0533,-0.0772,2.0331,4.0,2.5,2.0
R_2esh0qM67MP3Qmq,SK-A-4469,23,ai,2,-3.5,3.8439,7.0,yes,5.0,5.0,1.0,2.1666666666666665,2.921903762280879,1.9219037622808788,3.921903762280879,high,2.0,2.3286,1.3286,3.3286,high,0.25,-0.5878,55-64 years old,Male,"No, I am not colourblind",825,100,True,27,yes,yes,yes,yes,,high_sem_high_perc,Q1,high,high,31,11,6,6.128,21.628,0.8686,0.1858,-0.3967,-0.7068,2.0035,-0.3059,-0.9165,2.0331,4.0,2.5,2.0
R_2esh0qM67MP3Qmq,SK-A-62,24,none,4,-1.5,-6.1561,7.0,yes,3.0,3.0,1.0,2.1666666666666665,2.921903762280879,1.9219037622808788,3.921903762280879,high,2.0,2.3286,1.3286,3.3286,high,0.25,-0.5878,55-64 years old,Male,"No, I am not colourblind",825,100,True,27,yes,yes,yes,yes,,low_sem_low_perc,Q4,low,low,6,4,4,4.61,10.563,-0.0614,-1.0813,-1.4832,-1.3537,-0.3464,-1.3061,-1.366,2.0331,4.0,2.5,2.0
R_2esh0qM67MP3Qmq,SK-A-1713,25,none,9,3.5,3.8439,7.0,yes,2.0,-2.0,1.0,2.1666666666666665,2.921903762280879,1.9219037622808788,3.921903762280879,high,2.0,2.3286,1.3286,3.3286,high,0.25,-0.5878,55-64 years old,Male,"No, I am not colourblind",825,100,True,27,yes,yes,yes,yes,,low_sem_low_perc,Q4,low,low,15,13,10,2.989,8.961,-1.0545,-0.6251,-0.0862,0.587,-0.6866,-0.0414,-0.1003,2.0331,4.0,2.5,2.0
R_2esh0qM67MP3Qmq,SK-C-243,26,human,9,3.5,3.8439,7.0,yes,2.0,-2.0,1.0,2.1666666666666665,2.921903762280879,1.9219037622808788,3.921903762280879,high,2.0,2.3286,1.3286,3.3286,high,0.25,-0.5878,55-64 years old,Male,"No, I am not colourblind",825,100,True,27,yes,yes,yes,yes,,low_sem_low_perc,Q4,low,low,14,12,6,4.052,8.426,-0.4032,-0.6758,-0.2415,-0.7068,-0.8002,-0.5414,0.1632,2.0331,4.0,2.5,2.0
R_2esh0qM67MP3Qmq,SK-A-1403,27,human,2,-3.5,3.8439,7.0,yes,5.0,5.0,1.0,2.1666666666666665,2.921903762280879,1.9219037622808788,3.921903762280879,high,2.0,2.3286,1.3286,3.3286,high,0.25,-0.5878,55-64 years old,Male,"No, I am not colourblind",825,100,True,27,yes,yes,yes,yes,,high_sem_high_perc,Q1,high,high,69,22,13,5.281,17.539,0.3497,2.1119,1.3107,1.5574,1.1351,1.66,0.7811,2.0331,4.0,2.5,2.0
R_8rPww6NN6Qu4VQg,SK-A-388,1,human,7,1.5,-6.1561,8.0,yes,1.0,1.0,4.0,0.6666666666666666,-0.0565009014805694,-1.0565009014805695,0.9434990985194304,low,1.1429,0.5579,-0.4421,1.5579,high,0.75,0.4361,55-64 years old,Female,"No, I am not colourblind",686,100,True,27,yes,yes,yes,yes,,high_sem_low_perc,Q3,high,low,52,24,12,4.026,10.43,-0.4191,1.2502,1.6212,1.2339,-0.3746,1.3684,0.1145,3.0331,1.0,1.0,1.0
R_8rPww6NN6Qu4VQg,SK-A-1574,2,human,4,-1.5,-6.1561,7.0,yes,3.0,3.0,4.0,0.6666666666666666,-0.0565009014805694,-1.0565009014805695,0.9434990985194304,low,1.1429,0.5579,-0.4421,1.5579,high,0.75,0.4361,55-64 years old,Female,"No, I am not colourblind",686,100,True,27,yes,yes,yes,yes,,high_sem_high_perc,Q1,high,high,41,19,10,6.451,10.977,1.0665,0.6927,0.8451,0.587,-0.2584,0.7083,-1.9879,3.0331,1.0,1.0,1.0
R_8rPww6NN6Qu4VQg,SK-A-2320 A,3,ai,1,-4.5,11.8439,8.0,yes,7.0,7.0,4.0,0.6666666666666666,-0.0565009014805694,-1.0565009014805695,0.9434990985194304,low,1.1429,0.5579,-0.4421,1.5579,high,0.75,0.4361,55-64 years old,Female,"No, I am not colourblind",686,100,True,27,yes,yes,yes,yes,,high_sem_low_perc,Q3,high,low,47,24,14,4.652,11.926,-0.0356,0.9968,1.6212,1.8808,-0.0569,1.4996,0.4324,3.0331,1.0,1.0,1.0
R_8rPww6NN6Qu4VQg,SK-A-4717,4,human,6,0.5,-8.1561,8.0,yes,2.0,2.0,4.0,0.6666666666666666,-0.0565009014805694,-1.0565009014805695,0.9434990985194304,low,1.1429,0.5579,-0.4421,1.5579,high,0.75,0.4361,55-64 years old,Female,"No, I am not colourblind",686,100,True,27,yes,yes,yes,yes,,low_sem_high_perc,Q2,low,high,12,10,9,6.171,17.158,0.895,-0.7772,-0.5519,0.2636,1.0542,-0.3552,-0.0167,3.0331,1.0,1.0,1.0
R_8rPww6NN6Qu4VQg,SK-A-1298,5,ai,2,-3.5,3.8439,7.0,yes,5.0,5.0,4.0,0.6666666666666666,-0.0565009014805694,-1.0565009014805695,0.9434990985194304,low,1.1429,0.5579,-0.4421,1.5579,high,0.75,0.4361,55-64 years old,Female,"No, I am not colourblind",686,100,True,27,yes,yes,yes,yes,,low_sem_high_perc,Q2,low,high,13,4,3,6.345,12.638,1.0016,-0.7265,-1.4832,-1.6772,0.0943,-1.2956,-1.1122,3.0331,1.0,1.0,1.0
R_8rPww6NN6Qu4VQg,SK-A-87,6,none,10,4.5,11.8439,9.0,yes,1.0,-1.0,4.0,0.6666666666666666,-0.0565009014805694,-1.0565009014805695,0.9434990985194304,low,1.1429,0.5579,-0.4421,1.5579,high,0.75,0.4361,55-64 years old,Female,"No, I am not colourblind",686,100,True,27,yes,yes,yes,yes,,low_sem_low_perc,Q4,low,low,16,9,4,1.284,3.991,-2.099,-0.5744,-0.7071,-1.3537,-1.742,-0.8784,0.5278,3.0331,1.0,1.0,1.0
R_8rPww6NN6Qu4VQg,SK-A-2110,7,ai,3,-2.5,-2.1561,8.0,yes,5.0,5.0,4.0,0.6666666666666666,-0.0565009014805694,-1.0565009014805695,0.9434990985194304,low,1.1429,0.5579,-0.4421,1.5579,high,0.75,0.4361,55-64 years old,Female,"No, I am not colourblind",686,100,True,27,yes,yes,yes,yes,,high_sem_low_perc,Q3,high,low,29,17,13,4.449,10.91,-0.16,0.0845,0.5346,1.5574,-0.2727,0.7255,0.9709,3.0331,1.0,1.0,1.0
R_8rPww6NN6Qu4VQg,SK-A-3023,8,human,2,-3.5,3.8439,8.0,yes,6.0,6.0,4.0,0.6666666666666666,-0.0565009014805694,-1.0565009014805695,0.9434990985194304,low,1.1429,0.5579,-0.4421,1.5579,high,0.75,0.4361,55-64 years old,Female,"No, I am not colourblind",686,100,True,27,yes,yes,yes,yes,,high_sem_low_perc,Q3,high,low,24,9,6,2.609,6.171,-1.2873,-0.169,-0.7071,-0.7068,-1.2791,-0.5276,-0.4284,3.0331,1.0,1.0,1.0
R_8rPww6NN6Qu4VQg,SK-C-243,9,none,10,4.5,11.8439,8.0,yes,2.0,-2.0,4.0,0.6666666666666666,-0.0565009014805694,-1.0565009014805695,0.9434990985194304,low,1.1429,0.5579,-0.4421,1.5579,high,0.75,0.4361,55-64 years old,Female,"No, I am not colourblind",686,100,True,27,yes,yes,yes,yes,,low_sem_low_perc,Q4,low,low,14,12,6,4.052,8.426,-0.4032,-0.6758,-0.2415,-0.7068,-0.8002,-0.5414,0.1632,3.0331,1.0,1.0,1.0
R_8rPww6NN6Qu4VQg,SK-C-1215,10,none,3,-2.5,-2.1561,9.0,yes,6.0,6.0,4.0,0.6666666666666666,-0.0565009014805694,-1.0565009014805695,0.9434990985194304,low,1.1429,0.5579,-0.4421,1.5579,high,0.75,0.4361,55-64 years old,Female,"No, I am not colourblind",686,100,True,27,yes,yes,yes,yes,,high_sem_high_perc,Q1,high,high,24,14,8,5.533,8.134,0.5041,-0.169,0.069,-0.0599,-0.8622,-0.0533,-0.0772,3.0331,1.0,1.0,1.0
R_8rPww6NN6Qu4VQg,SK-A-1713,11,ai,9,3.5,3.8439,8.0,yes,1.0,-1.0,4.0,0.6666666666666666,-0.0565009014805694,-1.0565009014805695,0.9434990985194304,low,1.1429,0.5579,-0.4421,1.5579,high,0.75,0.4361,55-64 years old,Female,"No, I am not colourblind",686,100,True,27,yes,yes,yes,yes,,low_sem_low_perc,Q4,low,low,15,13,10,2.989,8.961,-1.0545,-0.6251,-0.0862,0.587,-0.6866,-0.0414,-0.1003,3.0331,1.0,1.0,1.0
R_8rPww6NN6Qu4VQg,SK-A-1940,12,none,8,2.5,-2.1561,8.0,yes,0.0,0.0,4.0,0.6666666666666666,-0.0565009014805694,-1.0565009014805695,0.9434990985194304,low,1.1429,0.5579,-0.4421,1.5579,high,0.75,0.4361,55-64 years old,Female,"No, I am not colourblind",686,100,True,27,yes,yes,yes,yes,,high_sem_high_perc,Q1,high,high,39,23,10,7.148,15.116,1.4935,0.5913,1.466,0.587,0.6205,0.8814,-0.3461,3.0331,1.0,1.0,1.0
R_8rPww6NN6Qu4VQg,SK-A-1684,13,human,5,-0.5,-8.1561,8.0,yes,3.0,3.0,4.0,0.6666666666666666,-0.0565009014805694,-1.0565009014805695,0.9434990985194304,low,1.1429,0.5579,-0.4421,1.5579,high,0.75,0.4361,55-64 years old,Female,"No, I am not colourblind",686,100,True,27,yes,yes,yes,yes,,low_sem_low_perc,Q4,low,low,7,6,5,1.478,7.119,-1.9802,-1.0306,-1.1728,-1.0303,-1.0777,-1.0779,1.5061,3.0331,1.0,1.0,1.0
R_8rPww6NN6Qu4VQg,SK-A-1756,14,none,7,1.5,-6.1561,8.0,yes,1.0,1.0,4.0,0.6666666666666666,-0.0565009014805694,-1.0565009014805695,0.9434990985194304,low,1.1429,0.5579,-0.4421,1.5579,high,0.75,0.4361,55-64 years old,Female,"No, I am not colourblind",686,100,True,27,yes,yes,yes,yes,,high_sem_high_perc,Q1,high,high,20,12,9,5.001,12.19,0.1782,-0.3717,-0.2415,0.2636,-0.0008,-0.1165,-1.106,3.0331,1.0,1.0,1.0
R_8rPww6NN6Qu4VQg,SK-A-62,15,human,1,-4.5,11.8439,8.0,yes,7.0,7.0,4.0,0.6666666666666666,-0.0565009014805694,-1.0565009014805695,0.9434990985194304,low,1.1429,0.5579,-0.4421,1.5579,high,0.75,0.4361,55-64 years old,Female,"No, I am not colourblind",686,100,True,27,yes,yes,yes,yes,,low_sem_low_perc,Q4,low,low,6,4,4,4.61,10.563,-0.0614,-1.0813,-1.4832,-1.3537,-0.3464,-1.3061,-1.366,3.0331,1.0,1.0,1.0
R_8rPww6NN6Qu4VQg,SK-A-4469,16,ai,4,-1.5,-6.1561,8.0,yes,4.0,4.0,4.0,0.6666666666666666,-0.0565009014805694,-1.0565009014805695,0.9434990985194304,low,1.1429,0.5579,-0.4421,1.5579,high,0.75,0.4361,55-64 years old,Female,"No, I am not colourblind",686,100,True,27,yes,yes,yes,yes,,high_sem_high_perc,Q1,high,high,31,11,6,6.128,21.628,0.8686,0.1858,-0.3967,-0.7068,2.0035,-0.3059,-0.9165,3.0331,1.0,1.0,1.0
R_8rPww6NN6Qu4VQg,SK-A-1906,17,none,7,1.5,-6.1561,8.0,yes,1.0,1.0,4.0,0.6666666666666666,-0.0565009014805694,-1.0565009014805695,0.9434990985194304,low,1.1429,0.5579,-0.4421,1.5579,high,0.75,0.4361,55-64 years old,Female,"No, I am not colourblind",686,100,True,27,yes,yes,yes,yes,,high_sem_low_perc,Q3,high,low,43,16,11,4.708,19.343,-0.0013,0.7941,0.3794,0.9105,1.5182,0.6947,0.4853,3.0331,1.0,1.0,1.0
R_8rPww6NN6Qu4VQg,SK-A-298,18,none,7,1.5,-6.1561,7.0,yes,0.0,0.0,4.0,0.6666666666666666,-0.0565009014805694,-1.0565009014805695,0.9434990985194304,low,1.1429,0.5579,-0.4421,1.5579,high,0.75,0.4361,55-64 years old,Female,"No, I am not colourblind",686,100,True,27,yes,yes,yes,yes,,high_sem_low_perc,Q3,high,low,22,19,12,3.588,8.258,-0.6875,-0.2703,0.8451,1.2339,-0.8359,0.6029,0.4922,3.0331,1.0,1.0,1.0
R_8rPww6NN6Qu4VQg,SK-A-232,19,none,10,4.5,11.8439,8.0,yes,2.0,-2.0,4.0,0.6666666666666666,-0.0565009014805694,-1.0565009014805695,0.9434990985194304,low,1.1429,0.5579,-0.4421,1.5579,high,0.75,0.4361,55-64 years old,Female,"No, I am not colourblind",686,100,True,27,yes,yes,yes,yes,,high_sem_low_perc,Q3,high,low,76,16,8,2.204,6.579,-1.5354,2.4667,0.3794,-0.0599,-1.1924,0.9287,0.1549,3.0331,1.0,1.0,1.0
R_8rPww6NN6Qu4VQg,SK-A-3297,20,none,10,4.5,11.8439,7.0,yes,3.0,-3.0,4.0,0.6666666666666666,-0.0565009014805694,-1.0565009014805695,0.9434990985194304,low,1.1429,0.5579,-0.4421,1.5579,high,0.75,0.4361,55-64 years old,Female,"No, I am not colourblind",686,100,True,27,yes,yes,yes,yes,,low_sem_low_perc,Q4,low,low,17,10,7,4.118,13.599,-0.3628,-0.5237,-0.5519,-0.3834,0.2984,-0.4863,-0.4879,3.0331,1.0,1.0,1.0
R_8rPww6NN6Qu4VQg,SK-A-261,21,ai,3,-2.5,-2.1561,8.0,yes,5.0,5.0,4.0,0.6666666666666666,-0.0565009014805694,-1.0565009014805695,0.9434990985194304,low,1.1429,0.5579,-0.4421,1.5579,high,0.75,0.4361,55-64 years old,Female,"No, I am not colourblind",686,100,True,27,yes,yes,yes,yes,,low_sem_low_perc,Q4,low,low,9,8,7,4.292,16.828,-0.2562,-0.9292,-0.8623,-0.3834,0.9841,-0.725,0.1278,3.0331,1.0,1.0,1.0
R_8rPww6NN6Qu4VQg,SK-C-153,22,ai,10,4.5,11.8439,8.0,yes,2.0,-2.0,4.0,0.6666666666666666,-0.0565009014805694,-1.0565009014805695,0.9434990985194304,low,1.1429,0.5579,-0.4421,1.5579,high,0.75,0.4361,55-64 years old,Female,"No, I am not colourblind",686,100,True,27,yes,yes,yes,yes,,low_sem_high_perc,Q2,low,high,14,12,8,6.72,23.164,1.2313,-0.6758,-0.2415,-0.0599,2.3297,-0.3257,0.2978,3.0331,1.0,1.0,1.0
R_8rPww6NN6Qu4VQg,SK-A-110,23,human,9,3.5,3.8439,8.0,yes,1.0,-1.0,4.0,0.6666666666666666,-0.0565009014805694,-1.0565009014805695,0.9434990985194304,low,1.1429,0.5579,-0.4421,1.5579,high,0.75,0.4361,55-64 years old,Female,"No, I am not colourblind",686,100,True,27,yes,yes,yes,yes,,low_sem_high_perc,Q2,low,high,9,7,5,5.104,15.147,0.2413,-0.9292,-1.0175,-1.0303,0.6271,-0.9923,0.0078,3.0331,1.0,1.0,1.0
R_8rPww6NN6Qu4VQg,SK-A-1403,24,human,3,-2.5,-2.1561,8.0,yes,5.0,5.0,4.0,0.6666666666666666,-0.0565009014805694,-1.0565009014805695,0.9434990985194304,low,1.1429,0.5579,-0.4421,1.5579,high,0.75,0.4361,55-64 years old,Female,"No, I am not colourblind",686,100,True,27,yes,yes,yes,yes,,high_sem_high_perc,Q1,high,high,69,22,13,5.281,17.539,0.3497,2.1119,1.3107,1.5574,1.1351,1.66,0.7811,3.0331,1.0,1.0,1.0
R_8rPww6NN6Qu4VQg,SK-A-2320 B,25,ai,7,1.5,-6.1561,7.0,yes,0.0,0.0,4.0,0.6666666666666666,-0.0565009014805694,-1.0565009014805695,0.9434990985194304,low,1.1429,0.5579,-0.4421,1.5579,high,0.75,0.4361,55-64 years old,Female,"No, I am not colourblind",686,100,True,27,yes,yes,yes,yes,,low_sem_high_perc,Q2,low,high,11,7,4,4.974,8.222,0.1616,-0.8279,-1.0175,-1.3537,-0.8435,-1.0664,0.3704,3.0331,1.0,1.0,1.0
R_8rPww6NN6Qu4VQg,SK-A-864,26,human,8,2.5,-2.1561,7.0,yes,1.0,-1.0,4.0,0.6666666666666666,-0.0565009014805694,-1.0565009014805695,0.9434990985194304,low,1.1429,0.5579,-0.4421,1.5579,high,0.75,0.4361,55-64 years old,Female,"No, I am not colourblind",686,100,True,27,yes,yes,yes,yes,,high_sem_high_perc,Q1,high,high,66,28,11,8.181,13.079,2.1264,1.9598,2.242,0.9105,0.188,1.7041,1.4922,3.0331,1.0,1.0,1.0
R_8rPww6NN6Qu4VQg,SK-C-95,27,ai,2,-3.5,3.8439,6.0,yes,4.0,4.0,4.0,0.6666666666666666,-0.0565009014805694,-1.0565009014805695,0.9434990985194304,low,1.1429,0.5579,-0.4421,1.5579,high,0.75,0.4361,55-64 years old,Female,"No, I am not colourblind",686,100,True,27,yes,yes,yes,yes,,low_sem_high_perc,Q2,low,high,12,10,6,5.078,11.141,0.2254,-0.7772,-0.5519,-0.7068,-0.2236,-0.6786,0.0208,3.0331,1.0,1.0,1.0
R_2rBEmVThHLDCcvf,SK-A-110,1,none,7,1.5,-6.1561,7.0,yes,0.0,0.0,1.0,0.0,-1.3802363075967687,-2.3802363075967685,-0.3802363075967687,low,0.0,-1.8031,-2.8031,-0.8031,low,0.75,0.4361,18-24 years old,Male,"No, I am not colourblind",325,100,True,27,yes,yes,yes,yes,,low_sem_high_perc,Q2,low,high,9,7,5,5.104,15.147,0.2413,-0.9292,-1.0175,-1.0303,0.6271,-0.9923,0.0078,-1.7447,0.0,0.0,0.0
R_2rBEmVThHLDCcvf,SK-A-1940,2,human,10,4.5,11.8439,8.0,yes,2.0,-2.0,1.0,0.0,-1.3802363075967687,-2.3802363075967685,-0.3802363075967687,low,0.0,-1.8031,-2.8031,-0.8031,low,0.75,0.4361,18-24 years old,Male,"No, I am not colourblind",325,100,True,27,yes,yes,yes,yes,,high_sem_high_perc,Q1,high,high,39,23,10,7.148,15.116,1.4935,0.5913,1.466,0.587,0.6205,0.8814,-0.3461,-1.7447,0.0,0.0,0.0
R_2rBEmVThHLDCcvf,SK-A-2320 B,3,none,5,-0.5,-8.1561,4.0,yes,1.0,-1.0,1.0,0.0,-1.3802363075967687,-2.3802363075967685,-0.3802363075967687,low,0.0,-1.8031,-2.8031,-0.8031,low,0.75,0.4361,18-24 years old,Male,"No, I am not colourblind",325,100,True,27,yes,yes,yes,yes,,low_sem_high_perc,Q2,low,high,11,7,4,4.974,8.222,0.1616,-0.8279,-1.0175,-1.3537,-0.8435,-1.0664,0.3704,-1.7447,0.0,0.0,0.0
R_2rBEmVThHLDCcvf,SK-A-1684,4,none,2,-3.5,3.8439,2.0,yes,0.0,0.0,1.0,0.0,-1.3802363075967687,-2.3802363075967685,-0.3802363075967687,low,0.0,-1.8031,-2.8031,-0.8031,low,0.75,0.4361,18-24 years old,Male,"No, I am not colourblind",325,100,True,27,yes,yes,yes,yes,,low_sem_low_perc,Q4,low,low,7,6,5,1.478,7.119,-1.9802,-1.0306,-1.1728,-1.0303,-1.0777,-1.0779,1.5061,-1.7447,0.0,0.0,0.0
R_2rBEmVThHLDCcvf,SK-A-1906,5,none,8,2.5,-2.1561,3.0,yes,5.0,-5.0,1.0,0.0,-1.3802363075967687,-2.3802363075967685,-0.3802363075967687,low,0.0,-1.8031,-2.8031,-0.8031,low,0.75,0.4361,18-24 years old,Male,"No, I am not colourblind",325,100,True,27,yes,yes,yes,yes,,high_sem_low_perc,Q3,high,low,43,16,11,4.708,19.343,-0.0013,0.7941,0.3794,0.9105,1.5182,0.6947,0.4853,-1.7447,0.0,0.0,0.0
R_2rBEmVThHLDCcvf,SK-A-864,6,ai,4,-1.5,-6.1561,5.0,yes,1.0,1.0,1.0,0.0,-1.3802363075967687,-2.3802363075967685,-0.3802363075967687,low,0.0,-1.8031,-2.8031,-0.8031,low,0.75,0.4361,18-24 years old,Male,"No, I am not colourblind",325,100,True,27,yes,yes,yes,yes,,high_sem_high_perc,Q1,high,high,66,28,11,8.181,13.079,2.1264,1.9598,2.242,0.9105,0.188,1.7041,1.4922,-1.7447,0.0,0.0,0.0
R_2rBEmVThHLDCcvf,SK-A-1403,7,ai,6,0.5,-8.1561,1.0,yes,5.0,-5.0,1.0,0.0,-1.3802363075967687,-2.3802363075967685,-0.3802363075967687,low,0.0,-1.8031,-2.8031,-0.8031,low,0.75,0.4361,18-24 years old,Male,"No, I am not colourblind",325,100,True,27,yes,yes,yes,yes,,high_sem_high_perc,Q1,high,high,69,22,13,5.281,17.539,0.3497,2.1119,1.3107,1.5574,1.1351,1.66,0.7811,-1.7447,0.0,0.0,0.0
R_2rBEmVThHLDCcvf,SK-A-3023,8,human,9,3.5,3.8439,3.0,yes,6.0,-6.0,1.0,0.0,-1.3802363075967687,-2.3802363075967685,-0.3802363075967687,low,0.0,-1.8031,-2.8031,-0.8031,low,0.75,0.4361,18-24 years old,Male,"No, I am not colourblind",325,100,True,27,yes,yes,yes,yes,,high_sem_low_perc,Q3,high,low,24,9,6,2.609,6.171,-1.2873,-0.169,-0.7071,-0.7068,-1.2791,-0.5276,-0.4284,-1.7447,0.0,0.0,0.0
R_2rBEmVThHLDCcvf,SK-A-87,9,human,4,-1.5,-6.1561,3.0,yes,1.0,-1.0,1.0,0.0,-1.3802363075967687,-2.3802363075967685,-0.3802363075967687,low,0.0,-1.8031,-2.8031,-0.8031,low,0.75,0.4361,18-24 years old,Male,"No, I am not colourblind",325,100,True,27,yes,yes,yes,yes,,low_sem_low_perc,Q4,low,low,16,9,4,1.284,3.991,-2.099,-0.5744,-0.7071,-1.3537,-1.742,-0.8784,0.5278,-1.7447,0.0,0.0,0.0
R_2rBEmVThHLDCcvf,SK-C-1215,10,human,7,1.5,-6.1561,1.0,yes,6.0,-6.0,1.0,0.0,-1.3802363075967687,-2.3802363075967685,-0.3802363075967687,low,0.0,-1.8031,-2.8031,-0.8031,low,0.75,0.4361,18-24 years old,Male,"No, I am not colourblind",325,100,True,27,yes,yes,yes,yes,,high_sem_high_perc,Q1,high,high,24,14,8,5.533,8.134,0.5041,-0.169,0.069,-0.0599,-0.8622,-0.0533,-0.0772,-1.7447,0.0,0.0,0.0
R_2rBEmVThHLDCcvf,SK-A-1298,11,ai,5,-0.5,-8.1561,3.0,yes,2.0,-2.0,1.0,0.0,-1.3802363075967687,-2.3802363075967685,-0.3802363075967687,low,0.0,-1.8031,-2.8031,-0.8031,low,0.75,0.4361,18-24 years old,Male,"No, I am not colourblind",325,100,True,27,yes,yes,yes,yes,,low_sem_high_perc,Q2,low,high,13,4,3,6.345,12.638,1.0016,-0.7265,-1.4832,-1.6772,0.0943,-1.2956,-1.1122,-1.7447,0.0,0.0,0.0
R_2rBEmVThHLDCcvf,SK-A-388,12,ai,5,-0.5,-8.1561,3.0,yes,2.0,-2.0,1.0,0.0,-1.3802363075967687,-2.3802363075967685,-0.3802363075967687,low,0.0,-1.8031,-2.8031,-0.8031,low,0.75,0.4361,18-24 years old,Male,"No, I am not colourblind",325,100,True,27,yes,yes,yes,yes,,high_sem_low_perc,Q3,high,low,52,24,12,4.026,10.43,-0.4191,1.2502,1.6212,1.2339,-0.3746,1.3684,0.1145,-1.7447,0.0,0.0,0.0
R_2rBEmVThHLDCcvf,SK-A-1713,13,human,3,-2.5,-2.1561,2.0,yes,1.0,-1.0,1.0,0.0,-1.3802363075967687,-2.3802363075967685,-0.3802363075967687,low,0.0,-1.8031,-2.8031,-0.8031,low,0.75,0.4361,18-24 years old,Male,"No, I am not colourblind",325,100,True,27,yes,yes,yes,yes,,low_sem_low_perc,Q4,low,low,15,13,10,2.989,8.961,-1.0545,-0.6251,-0.0862,0.587,-0.6866,-0.0414,-0.1003,-1.7447,0.0,0.0,0.0
R_2rBEmVThHLDCcvf,SK-A-232,14,human,10,4.5,11.8439,1.0,yes,9.0,-9.0,1.0,0.0,-1.3802363075967687,-2.3802363075967685,-0.3802363075967687,low,0.0,-1.8031,-2.8031,-0.8031,low,0.75,0.4361,18-24 years old,Male,"No, I am not colourblind",325,100,True,27,yes,yes,yes,yes,,high_sem_low_perc,Q3,high,low,76,16,8,2.204,6.579,-1.5354,2.4667,0.3794,-0.0599,-1.1924,0.9287,0.1549,-1.7447,0.0,0.0,0.0
R_2rBEmVThHLDCcvf,SK-C-153,15,ai,2,-3.5,3.8439,0.0,yes,2.0,-2.0,1.0,0.0,-1.3802363075967687,-2.3802363075967685,-0.3802363075967687,low,0.0,-1.8031,-2.8031,-0.8031,low,0.75,0.4361,18-24 years old,Male,"No, I am not colourblind",325,100,True,27,yes,yes,yes,yes,,low_sem_high_perc,Q2,low,high,14,12,8,6.72,23.164,1.2313,-0.6758,-0.2415,-0.0599,2.3297,-0.3257,0.2978,-1.7447,0.0,0.0,0.0
R_2rBEmVThHLDCcvf,SK-C-243,16,human,7,1.5,-6.1561,1.0,yes,6.0,-6.0,1.0,0.0,-1.3802363075967687,-2.3802363075967685,-0.3802363075967687,low,0.0,-1.8031,-2.8031,-0.8031,low,0.75,0.4361,18-24 years old,Male,"No, I am not colourblind",325,100,True,27,yes,yes,yes,yes,,low_sem_low_perc,Q4,low,low,14,12,6,4.052,8.426,-0.4032,-0.6758,-0.2415,-0.7068,-0.8002,-0.5414,0.1632,-1.7447,0.0,0.0,0.0
R_2rBEmVThHLDCcvf,SK-A-1574,17,none,5,-0.5,-8.1561,1.0,yes,4.0,-4.0,1.0,0.0,-1.3802363075967687,-2.3802363075967685,-0.3802363075967687,low,0.0,-1.8031,-2.8031,-0.8031,low,0.75,0.4361,18-24 years old,Male,"No, I am not colourblind",325,100,True,27,yes,yes,yes,yes,,high_sem_high_perc,Q1,high,high,41,19,10,6.451,10.977,1.0665,0.6927,0.8451,0.587,-0.2584,0.7083,-1.9879,-1.7447,0.0,0.0,0.0
R_2rBEmVThHLDCcvf,SK-A-2110,18,human,2,-3.5,3.8439,1.0,yes,1.0,-1.0,1.0,0.0,-1.3802363075967687,-2.3802363075967685,-0.3802363075967687,low,0.0,-1.8031,-2.8031,-0.8031,low,0.75,0.4361,18-24 years old,Male,"No, I am not colourblind",325,100,True,27,yes,yes,yes,yes,,high_sem_low_perc,Q3,high,low,29,17,13,4.449,10.91,-0.16,0.0845,0.5346,1.5574,-0.2727,0.7255,0.9709,-1.7447,0.0,0.0,0.0
R_2rBEmVThHLDCcvf,SK-A-4717,19,ai,2,-3.5,3.8439,5.0,yes,3.0,3.0,1.0,0.0,-1.3802363075967687,-2.3802363075967685,-0.3802363075967687,low,0.0,-1.8031,-2.8031,-0.8031,low,0.75,0.4361,18-24 years old,Male,"No, I am not colourblind",325,100,True,27,yes,yes,yes,yes,,low_sem_high_perc,Q2,low,high,12,10,9,6.171,17.158,0.895,-0.7772,-0.5519,0.2636,1.0542,-0.3552,-0.0167,-1.7447,0.0,0.0,0.0
R_2rBEmVThHLDCcvf,SK-A-2320 A,20,ai,1,-4.5,11.8439,1.0,yes,0.0,0.0,1.0,0.0,-1.3802363075967687,-2.3802363075967685,-0.3802363075967687,low,0.0,-1.8031,-2.8031,-0.8031,low,0.75,0.4361,18-24 years old,Male,"No, I am not colourblind",325,100,True,27,yes,yes,yes,yes,,high_sem_low_perc,Q3,high,low,47,24,14,4.652,11.926,-0.0356,0.9968,1.6212,1.8808,-0.0569,1.4996,0.4324,-1.7447,0.0,0.0,0.0
R_2rBEmVThHLDCcvf,SK-C-95,21,none,8,2.5,-2.1561,2.0,yes,6.0,-6.0,1.0,0.0,-1.3802363075967687,-2.3802363075967685,-0.3802363075967687,low,0.0,-1.8031,-2.8031,-0.8031,low,0.75,0.4361,18-24 years old,Male,"No, I am not colourblind",325,100,True,27,yes,yes,yes,yes,,low_sem_high_perc,Q2,low,high,12,10,6,5.078,11.141,0.2254,-0.7772,-0.5519,-0.7068,-0.2236,-0.6786,0.0208,-1.7447,0.0,0.0,0.0
R_2rBEmVThHLDCcvf,SK-A-261,22,none,8,2.5,-2.1561,4.0,yes,4.0,-4.0,1.0,0.0,-1.3802363075967687,-2.3802363075967685,-0.3802363075967687,low,0.0,-1.8031,-2.8031,-0.8031,low,0.75,0.4361,18-24 years old,Male,"No, I am not colourblind",325,100,True,27,yes,yes,yes,yes,,low_sem_low_perc,Q4,low,low,9,8,7,4.292,16.828,-0.2562,-0.9292,-0.8623,-0.3834,0.9841,-0.725,0.1278,-1.7447,0.0,0.0,0.0
R_2rBEmVThHLDCcvf,SK-A-1756,23,ai,6,0.5,-8.1561,2.0,yes,4.0,-4.0,1.0,0.0,-1.3802363075967687,-2.3802363075967685,-0.3802363075967687,low,0.0,-1.8031,-2.8031,-0.8031,low,0.75,0.4361,18-24 years old,Male,"No, I am not colourblind",325,100,True,27,yes,yes,yes,yes,,high_sem_high_perc,Q1,high,high,20,12,9,5.001,12.19,0.1782,-0.3717,-0.2415,0.2636,-0.0008,-0.1165,-1.106,-1.7447,0.0,0.0,0.0
R_2rBEmVThHLDCcvf,SK-A-3297,24,human,7,1.5,-6.1561,1.0,yes,6.0,-6.0,1.0,0.0,-1.3802363075967687,-2.3802363075967685,-0.3802363075967687,low,0.0,-1.8031,-2.8031,-0.8031,low,0.75,0.4361,18-24 years old,Male,"No, I am not colourblind",325,100,True,27,yes,yes,yes,yes,,low_sem_low_perc,Q4,low,low,17,10,7,4.118,13.599,-0.3628,-0.5237,-0.5519,-0.3834,0.2984,-0.4863,-0.4879,-1.7447,0.0,0.0,0.0
R_2rBEmVThHLDCcvf,SK-A-62,25,none,4,-1.5,-6.1561,1.0,yes,3.0,-3.0,1.0,0.0,-1.3802363075967687,-2.3802363075967685,-0.3802363075967687,low,0.0,-1.8031,-2.8031,-0.8031,low,0.75,0.4361,18-24 years old,Male,"No, I am not colourblind",325,100,True,27,yes,yes,yes,yes,,low_sem_low_perc,Q4,low,low,6,4,4,4.61,10.563,-0.0614,-1.0813,-1.4832,-1.3537,-0.3464,-1.3061,-1.366,-1.7447,0.0,0.0,0.0
R_2rBEmVThHLDCcvf,SK-A-4469,26,none,9,3.5,3.8439,5.0,yes,4.0,-4.0,1.0,0.0,-1.3802363075967687,-2.3802363075967685,-0.3802363075967687,low,0.0,-1.8031,-2.8031,-0.8031,low,0.75,0.4361,18-24 years old,Male,"No, I am not colourblind",325,100,True,27,yes,yes,yes,yes,,high_sem_high_perc,Q1,high,high,31,11,6,6.128,21.628,0.8686,0.1858,-0.3967,-0.7068,2.0035,-0.3059,-0.9165,-1.7447,0.0,0.0,0.0
R_2rBEmVThHLDCcvf,SK-A-298,27,ai,6,0.5,-8.1561,3.0,yes,3.0,-3.0,1.0,0.0,-1.3802363075967687,-2.3802363075967685,-0.3802363075967687,low,0.0,-1.8031,-2.8031,-0.8031,low,0.75,0.4361,18-24 years old,Male,"No, I am not colourblind",325,100,True,27,yes,yes,yes,yes,,high_sem_low_perc,Q3,high,low,22,19,12,3.588,8.258,-0.6875,-0.2703,0.8451,1.2339,-0.8359,0.6029,0.4922,-1.7447,0.0,0.0,0.0
R_2ffLrdv5x7eLD4G,SK-A-1684,1,ai,9,3.5,3.8439,7.0,yes,2.0,-2.0,1.0,1.5,1.5981683561646798,0.5981683561646798,2.59816835616468,high,1.2857,0.8529,-0.1471,1.8529,high,0.875,0.6921,25-34 years old,Male,"No, I am not colourblind",526,100,True,27,yes,yes,yes,yes,,low_sem_low_perc,Q4,low,low,7,6,5,1.478,7.119,-1.9802,-1.0306,-1.1728,-1.0303,-1.0777,-1.0779,1.5061,1.5886,1.0,0.5,0.6666666666666666
R_2ffLrdv5x7eLD4G,SK-A-2320 A,2,ai,5,-0.5,-8.1561,7.0,yes,2.0,2.0,1.0,1.5,1.5981683561646798,0.5981683561646798,2.59816835616468,high,1.2857,0.8529,-0.1471,1.8529,high,0.875,0.6921,25-34 years old,Male,"No, I am not colourblind",526,100,True,27,yes,yes,yes,yes,,high_sem_low_perc,Q3,high,low,47,24,14,4.652,11.926,-0.0356,0.9968,1.6212,1.8808,-0.0569,1.4996,0.4324,1.5886,1.0,0.5,0.6666666666666666
R_2ffLrdv5x7eLD4G,SK-A-3297,3,none,2,-3.5,3.8439,8.0,yes,6.0,6.0,1.0,1.5,1.5981683561646798,0.5981683561646798,2.59816835616468,high,1.2857,0.8529,-0.1471,1.8529,high,0.875,0.6921,25-34 years old,Male,"No, I am not colourblind",526,100,True,27,yes,yes,yes,yes,,low_sem_low_perc,Q4,low,low,17,10,7,4.118,13.599,-0.3628,-0.5237,-0.5519,-0.3834,0.2984,-0.4863,-0.4879,1.5886,1.0,0.5,0.6666666666666666
R_2ffLrdv5x7eLD4G,SK-C-153,4,none,6,0.5,-8.1561,7.0,yes,1.0,1.0,1.0,1.5,1.5981683561646798,0.5981683561646798,2.59816835616468,high,1.2857,0.8529,-0.1471,1.8529,high,0.875,0.6921,25-34 years old,Male,"No, I am not colourblind",526,100,True,27,yes,yes,yes,yes,,low_sem_high_perc,Q2,low,high,14,12,8,6.72,23.164,1.2313,-0.6758,-0.2415,-0.0599,2.3297,-0.3257,0.2978,1.5886,1.0,0.5,0.6666666666666666
R_2ffLrdv5x7eLD4G,SK-A-1403,5,none,4,-1.5,-6.1561,10.0,yes,6.0,6.0,1.0,1.5,1.5981683561646798,0.5981683561646798,2.59816835616468,high,1.2857,0.8529,-0.1471,1.8529,high,0.875,0.6921,25-34 years old,Male,"No, I am not colourblind",526,100,True,27,yes,yes,yes,yes,,high_sem_high_perc,Q1,high,high,69,22,13,5.281,17.539,0.3497,2.1119,1.3107,1.5574,1.1351,1.66,0.7811,1.5886,1.0,0.5,0.6666666666666666
R_2ffLrdv5x7eLD4G,SK-A-110,6,human,4,-1.5,-6.1561,6.0,yes,2.0,2.0,1.0,1.5,1.5981683561646798,0.5981683561646798,2.59816835616468,high,1.2857,0.8529,-0.1471,1.8529,high,0.875,0.6921,25-34 years old,Male,"No, I am not colourblind",526,100,True,27,yes,yes,yes,yes,,low_sem_high_perc,Q2,low,high,9,7,5,5.104,15.147,0.2413,-0.9292,-1.0175,-1.0303,0.6271,-0.9923,0.0078,1.5886,1.0,0.5,0.6666666666666666
R_2ffLrdv5x7eLD4G,SK-C-243,7,ai,3,-2.5,-2.1561,3.0,yes,0.0,0.0,1.0,1.5,1.5981683561646798,0.5981683561646798,2.59816835616468,high,1.2857,0.8529,-0.1471,1.8529,high,0.875,0.6921,25-34 years old,Male,"No, I am not colourblind",526,100,True,27,yes,yes,yes,yes,,low_sem_low_perc,Q4,low,low,14,12,6,4.052,8.426,-0.4032,-0.6758,-0.2415,-0.7068,-0.8002,-0.5414,0.1632,1.5886,1.0,0.5,0.6666666666666666
R_2ffLrdv5x7eLD4G,SK-A-3023,8,none,9,3.5,3.8439,8.0,yes,1.0,-1.0,1.0,1.5,1.5981683561646798,0.5981683561646798,2.59816835616468,high,1.2857,0.8529,-0.1471,1.8529,high,0.875,0.6921,25-34 years old,Male,"No, I am not colourblind",526,100,True,27,yes,yes,yes,yes,,high_sem_low_perc,Q3,high,low,24,9,6,2.609,6.171,-1.2873,-0.169,-0.7071,-0.7068,-1.2791,-0.5276,-0.4284,1.5886,1.0,0.5,0.6666666666666666
R_2ffLrdv5x7eLD4G,SK-A-62,9,human,8,2.5,-2.1561,9.0,yes,1.0,1.0,1.0,1.5,1.5981683561646798,0.5981683561646798,2.59816835616468,high,1.2857,0.8529,-0.1471,1.8529,high,0.875,0.6921,25-34 years old,Male,"No, I am not colourblind",526,100,True,27,yes,yes,yes,yes,,low_sem_low_perc,Q4,low,low,6,4,4,4.61,10.563,-0.0614,-1.0813,-1.4832,-1.3537,-0.3464,-1.3061,-1.366,1.5886,1.0,0.5,0.6666666666666666
R_2ffLrdv5x7eLD4G,SK-A-261,10,human,1,-4.5,11.8439,3.0,yes,2.0,2.0,1.0,1.5,1.5981683561646798,0.5981683561646798,2.59816835616468,high,1.2857,0.8529,-0.1471,1.8529,high,0.875,0.6921,25-34 years old,Male,"No, I am not colourblind",526,100,True,27,yes,yes,yes,yes,,low_sem_low_perc,Q4,low,low,9,8,7,4.292,16.828,-0.2562,-0.9292,-0.8623,-0.3834,0.9841,-0.725,0.1278,1.5886,1.0,0.5,0.6666666666666666
R_2ffLrdv5x7eLD4G,SK-A-1756,11,ai,5,-0.5,-8.1561,8.0,yes,3.0,3.0,1.0,1.5,1.5981683561646798,0.5981683561646798,2.59816835616468,high,1.2857,0.8529,-0.1471,1.8529,high,0.875,0.6921,25-34 years old,Male,"No, I am not colourblind",526,100,True,27,yes,yes,yes,yes,,high_sem_high_perc,Q1,high,high,20,12,9,5.001,12.19,0.1782,-0.3717,-0.2415,0.2636,-0.0008,-0.1165,-1.106,1.5886,1.0,0.5,0.6666666666666666
R_2ffLrdv5x7eLD4G,SK-A-232,12,ai,9,3.5,3.8439,6.0,yes,3.0,-3.0,1.0,1.5,1.5981683561646798,0.5981683561646798,2.59816835616468,high,1.2857,0.8529,-0.1471,1.8529,high,0.875,0.6921,25-34 years old,Male,"No, I am not colourblind",526,100,True,27,yes,yes,yes,yes,,high_sem_low_perc,Q3,high,low,76,16,8,2.204,6.579,-1.5354,2.4667,0.3794,-0.0599,-1.1924,0.9287,0.1549,1.5886,1.0,0.5,0.6666666666666666
R_2ffLrdv5x7eLD4G,SK-A-1298,13,none,4,-1.5,-6.1561,2.0,yes,2.0,-2.0,1.0,1.5,1.5981683561646798,0.5981683561646798,2.59816835616468,high,1.2857,0.8529,-0.1471,1.8529,high,0.875,0.6921,25-34 years old,Male,"No, I am not colourblind",526,100,True,27,yes,yes,yes,yes,,low_sem_high_perc,Q2,low,high,13,4,3,6.345,12.638,1.0016,-0.7265,-1.4832,-1.6772,0.0943,-1.2956,-1.1122,1.5886,1.0,0.5,0.6666666666666666
R_2ffLrdv5x7eLD4G,SK-A-87,14,ai,7,1.5,-6.1561,8.0,yes,1.0,1.0,1.0,1.5,1.5981683561646798,0.5981683561646798,2.59816835616468,high,1.2857,0.8529,-0.1471,1.8529,high,0.875,0.6921,25-34 years old,Male,"No, I am not colourblind",526,100,True,27,yes,yes,yes,yes,,low_sem_low_perc,Q4,low,low,16,9,4,1.284,3.991,-2.099,-0.5744,-0.7071,-1.3537,-1.742,-0.8784,0.5278,1.5886,1.0,0.5,0.6666666666666666
R_2ffLrdv5x7eLD4G,SK-A-388,15,human,5,-0.5,-8.1561,9.0,yes,4.0,4.0,1.0,1.5,1.5981683561646798,0.5981683561646798,2.59816835616468,high,1.2857,0.8529,-0.1471,1.8529,high,0.875,0.6921,25-34 years old,Male,"No, I am not colourblind",526,100,True,27,yes,yes,yes,yes,,high_sem_low_perc,Q3,high,low,52,24,12,4.026,10.43,-0.4191,1.2502,1.6212,1.2339,-0.3746,1.3684,0.1145,1.5886,1.0,0.5,0.6666666666666666
R_2ffLrdv5x7eLD4G,SK-A-1574,16,human,4,-1.5,-6.1561,8.0,yes,4.0,4.0,1.0,1.5,1.5981683561646798,0.5981683561646798,2.59816835616468,high,1.2857,0.8529,-0.1471,1.8529,high,0.875,0.6921,25-34 years old,Male,"No, I am not colourblind",526,100,True,27,yes,yes,yes,yes,,high_sem_high_perc,Q1,high,high,41,19,10,6.451,10.977,1.0665,0.6927,0.8451,0.587,-0.2584,0.7083,-1.9879,1.5886,1.0,0.5,0.6666666666666666
R_2ffLrdv5x7eLD4G,SK-A-2320 B,17,none,4,-1.5,-6.1561,4.0,yes,0.0,0.0,1.0,1.5,1.5981683561646798,0.5981683561646798,2.59816835616468,high,1.2857,0.8529,-0.1471,1.8529,high,0.875,0.6921,25-34 years old,Male,"No, I am not colourblind",526,100,True,27,yes,yes,yes,yes,,low_sem_high_perc,Q2,low,high,11,7,4,4.974,8.222,0.1616,-0.8279,-1.0175,-1.3537,-0.8435,-1.0664,0.3704,1.5886,1.0,0.5,0.6666666666666666
R_2ffLrdv5x7eLD4G,SK-A-1713,18,human,6,0.5,-8.1561,8.0,yes,2.0,2.0,1.0,1.5,1.5981683561646798,0.5981683561646798,2.59816835616468,high,1.2857,0.8529,-0.1471,1.8529,high,0.875,0.6921,25-34 years old,Male,"No, I am not colourblind",526,100,True,27,yes,yes,yes,yes,,low_sem_low_perc,Q4,low,low,15,13,10,2.989,8.961,-1.0545,-0.6251,-0.0862,0.587,-0.6866,-0.0414,-0.1003,1.5886,1.0,0.5,0.6666666666666666
R_2ffLrdv5x7eLD4G,SK-A-4717,19,none,6,0.5,-8.1561,9.0,yes,3.0,3.0,1.0,1.5,1.5981683561646798,0.5981683561646798,2.59816835616468,high,1.2857,0.8529,-0.1471,1.8529,high,0.875,0.6921,25-34 years old,Male,"No, I am not colourblind",526,100,True,27,yes,yes,yes,yes,,low_sem_high_perc,Q2,low,high,12,10,9,6.171,17.158,0.895,-0.7772,-0.5519,0.2636,1.0542,-0.3552,-0.0167,1.5886,1.0,0.5,0.6666666666666666
R_2ffLrdv5x7eLD4G,SK-C-95,20,human,7,1.5,-6.1561,2.0,yes,5.0,-5.0,1.0,1.5,1.5981683561646798,0.5981683561646798,2.59816835616468,high,1.2857,0.8529,-0.1471,1.8529,high,0.875,0.6921,25-34 years old,Male,"No, I am not colourblind",526,100,True,27,yes,yes,yes,yes,,low_sem_high_perc,Q2,low,high,12,10,6,5.078,11.141,0.2254,-0.7772,-0.5519,-0.7068,-0.2236,-0.6786,0.0208,1.5886,1.0,0.5,0.6666666666666666
R_2ffLrdv5x7eLD4G,SK-A-4469,21,ai,10,4.5,11.8439,9.0,yes,1.0,-1.0,1.0,1.5,1.5981683561646798,0.5981683561646798,2.59816835616468,high,1.2857,0.8529,-0.1471,1.8529,high,0.875,0.6921,25-34 years old,Male,"No, I am not colourblind",526,100,True,27,yes,yes,yes,yes,,high_sem_high_perc,Q1,high,high,31,11,6,6.128,21.628,0.8686,0.1858,-0.3967,-0.7068,2.0035,-0.3059,-0.9165,1.5886,1.0,0.5,0.6666666666666666
R_2ffLrdv5x7eLD4G,SK-A-1906,22,ai,8,2.5,-2.1561,9.0,yes,1.0,1.0,1.0,1.5,1.5981683561646798,0.5981683561646798,2.59816835616468,high,1.2857,0.8529,-0.1471,1.8529,high,0.875,0.6921,25-34 years old,Male,"No, I am not colourblind",526,100,True,27,yes,yes,yes,yes,,high_sem_low_perc,Q3,high,low,43,16,11,4.708,19.343,-0.0013,0.7941,0.3794,0.9105,1.5182,0.6947,0.4853,1.5886,1.0,0.5,0.6666666666666666
R_2ffLrdv5x7eLD4G,SK-A-2110,23,none,8,2.5,-2.1561,3.0,yes,5.0,-5.0,1.0,1.5,1.5981683561646798,0.5981683561646798,2.59816835616468,high,1.2857,0.8529,-0.1471,1.8529,high,0.875,0.6921,25-34 years old,Male,"No, I am not colourblind",526,100,True,27,yes,yes,yes,yes,,high_sem_low_perc,Q3,high,low,29,17,13,4.449,10.91,-0.16,0.0845,0.5346,1.5574,-0.2727,0.7255,0.9709,1.5886,1.0,0.5,0.6666666666666666
R_2ffLrdv5x7eLD4G,SK-A-298,24,human,7,1.5,-6.1561,4.0,yes,3.0,-3.0,1.0,1.5,1.5981683561646798,0.5981683561646798,2.59816835616468,high,1.2857,0.8529,-0.1471,1.8529,high,0.875,0.6921,25-34 years old,Male,"No, I am not colourblind",526,100,True,27,yes,yes,yes,yes,,high_sem_low_perc,Q3,high,low,22,19,12,3.588,8.258,-0.6875,-0.2703,0.8451,1.2339,-0.8359,0.6029,0.4922,1.5886,1.0,0.5,0.6666666666666666
R_2ffLrdv5x7eLD4G,SK-A-1940,25,human,3,-2.5,-2.1561,1.0,yes,2.0,-2.0,1.0,1.5,1.5981683561646798,0.5981683561646798,2.59816835616468,high,1.2857,0.8529,-0.1471,1.8529,high,0.875,0.6921,25-34 years old,Male,"No, I am not colourblind",526,100,True,27,yes,yes,yes,yes,,high_sem_high_perc,Q1,high,high,39,23,10,7.148,15.116,1.4935,0.5913,1.466,0.587,0.6205,0.8814,-0.3461,1.5886,1.0,0.5,0.6666666666666666
R_2ffLrdv5x7eLD4G,SK-C-1215,26,ai,10,4.5,11.8439,3.0,yes,7.0,-7.0,1.0,1.5,1.5981683561646798,0.5981683561646798,2.59816835616468,high,1.2857,0.8529,-0.1471,1.8529,high,0.875,0.6921,25-34 years old,Male,"No, I am not colourblind",526,100,True,27,yes,yes,yes,yes,,high_sem_high_perc,Q1,high,high,24,14,8,5.533,8.134,0.5041,-0.169,0.069,-0.0599,-0.8622,-0.0533,-0.0772,1.5886,1.0,0.5,0.6666666666666666
R_2ffLrdv5x7eLD4G,SK-A-864,27,none,7,1.5,-6.1561,8.0,yes,1.0,1.0,1.0,1.5,1.5981683561646798,0.5981683561646798,2.59816835616468,high,1.2857,0.8529,-0.1471,1.8529,high,0.875,0.6921,25-34 years old,Male,"No, I am not colourblind",526,100,True,27,yes,yes,yes,yes,,high_sem_high_perc,Q1,high,high,66,28,11,8.181,13.079,2.1264,1.9598,2.242,0.9105,0.188,1.7041,1.4922,1.5886,1.0,0.5,0.6666666666666666
R_6dC6vSvGuUF1Ms1,SK-A-2320 B,1,human,10,4.5,11.8439,9.0,yes,1.0,-1.0,2.0,1.3333333333333333,1.26723450463563,0.2672345046356299,2.26723450463563,high,1.7143,1.7384,0.7384,2.7384,high,0.0,-1.0998,18-24 years old,Non-binary / third gender,"No, I am not colourblind",495,100,True,27,yes,yes,yes,yes,,low_sem_high_perc,Q2,low,high,11,7,4,4.974,8.222,0.1616,-0.8279,-1.0175,-1.3537,-0.8435,-1.0664,0.3704,1.5886,1.0,1.0,1.0
R_6dC6vSvGuUF1Ms1,SK-A-1940,2,none,9,3.5,3.8439,4.0,yes,5.0,-5.0,2.0,1.3333333333333333,1.26723450463563,0.2672345046356299,2.26723450463563,high,1.7143,1.7384,0.7384,2.7384,high,0.0,-1.0998,18-24 years old,Non-binary / third gender,"No, I am not colourblind",495,100,True,27,yes,yes,yes,yes,,high_sem_high_perc,Q1,high,high,39,23,10,7.148,15.116,1.4935,0.5913,1.466,0.587,0.6205,0.8814,-0.3461,1.5886,1.0,1.0,1.0
R_6dC6vSvGuUF1Ms1,SK-A-4469,3,human,6,0.5,-8.1561,2.0,yes,4.0,-4.0,2.0,1.3333333333333333,1.26723450463563,0.2672345046356299,2.26723450463563,high,1.7143,1.7384,0.7384,2.7384,high,0.0,-1.0998,18-24 years old,Non-binary / third gender,"No, I am not colourblind",495,100,True,27,yes,yes,yes,yes,,high_sem_high_perc,Q1,high,high,31,11,6,6.128,21.628,0.8686,0.1858,-0.3967,-0.7068,2.0035,-0.3059,-0.9165,1.5886,1.0,1.0,1.0
R_6dC6vSvGuUF1Ms1,SK-A-1298,4,none,1,-4.5,11.8439,2.0,yes,1.0,1.0,2.0,1.3333333333333333,1.26723450463563,0.2672345046356299,2.26723450463563,high,1.7143,1.7384,0.7384,2.7384,high,0.0,-1.0998,18-24 years old,Non-binary / third gender,"No, I am not colourblind",495,100,True,27,yes,yes,yes,yes,,low_sem_high_perc,Q2,low,high,13,4,3,6.345,12.638,1.0016,-0.7265,-1.4832,-1.6772,0.0943,-1.2956,-1.1122,1.5886,1.0,1.0,1.0
R_6dC6vSvGuUF1Ms1,SK-A-864,5,none,1,-4.5,11.8439,8.0,yes,7.0,7.0,2.0,1.3333333333333333,1.26723450463563,0.2672345046356299,2.26723450463563,high,1.7143,1.7384,0.7384,2.7384,high,0.0,-1.0998,18-24 years old,Non-binary / third gender,"No, I am not colourblind",495,100,True,27,yes,yes,yes,yes,,high_sem_high_perc,Q1,high,high,66,28,11,8.181,13.079,2.1264,1.9598,2.242,0.9105,0.188,1.7041,1.4922,1.5886,1.0,1.0,1.0
R_6dC6vSvGuUF1Ms1,SK-A-62,6,human,2,-3.5,3.8439,3.0,yes,1.0,1.0,2.0,1.3333333333333333,1.26723450463563,0.2672345046356299,2.26723450463563,high,1.7143,1.7384,0.7384,2.7384,high,0.0,-1.0998,18-24 years old,Non-binary / third gender,"No, I am not colourblind",495,100,True,27,yes,yes,yes,yes,,low_sem_low_perc,Q4,low,low,6,4,4,4.61,10.563,-0.0614,-1.0813,-1.4832,-1.3537,-0.3464,-1.3061,-1.366,1.5886,1.0,1.0,1.0
R_6dC6vSvGuUF1Ms1,SK-A-2110,7,none,7,1.5,-6.1561,8.0,yes,1.0,1.0,2.0,1.3333333333333333,1.26723450463563,0.2672345046356299,2.26723450463563,high,1.7143,1.7384,0.7384,2.7384,high,0.0,-1.0998,18-24 years old,Non-binary / third gender,"No, I am not colourblind",495,100,True,27,yes,yes,yes,yes,,high_sem_low_perc,Q3,high,low,29,17,13,4.449,10.91,-0.16,0.0845,0.5346,1.5574,-0.2727,0.7255,0.9709,1.5886,1.0,1.0,1.0
R_6dC6vSvGuUF1Ms1,SK-C-1215,8,human,9,3.5,3.8439,3.0,yes,6.0,-6.0,2.0,1.3333333333333333,1.26723450463563,0.2672345046356299,2.26723450463563,high,1.7143,1.7384,0.7384,2.7384,high,0.0,-1.0998,18-24 years old,Non-binary / third gender,"No, I am not colourblind",495,100,True,27,yes,yes,yes,yes,,high_sem_high_perc,Q1,high,high,24,14,8,5.533,8.134,0.5041,-0.169,0.069,-0.0599,-0.8622,-0.0533,-0.0772,1.5886,1.0,1.0,1.0
R_6dC6vSvGuUF1Ms1,SK-A-3297,9,ai,7,1.5,-6.1561,3.0,yes,4.0,-4.0,2.0,1.3333333333333333,1.26723450463563,0.2672345046356299,2.26723450463563,high,1.7143,1.7384,0.7384,2.7384,high,0.0,-1.0998,18-24 years old,Non-binary / third gender,"No, I am not colourblind",495,100,True,27,yes,yes,yes,yes,,low_sem_low_perc,Q4,low,low,17,10,7,4.118,13.599,-0.3628,-0.5237,-0.5519,-0.3834,0.2984,-0.4863,-0.4879,1.5886,1.0,1.0,1.0
R_6dC6vSvGuUF1Ms1,SK-A-3023,10,none,10,4.5,11.8439,8.0,yes,2.0,-2.0,2.0,1.3333333333333333,1.26723450463563,0.2672345046356299,2.26723450463563,high,1.7143,1.7384,0.7384,2.7384,high,0.0,-1.0998,18-24 years old,Non-binary / third gender,"No, I am not colourblind",495,100,True,27,yes,yes,yes,yes,,high_sem_low_perc,Q3,high,low,24,9,6,2.609,6.171,-1.2873,-0.169,-0.7071,-0.7068,-1.2791,-0.5276,-0.4284,1.5886,1.0,1.0,1.0
R_6dC6vSvGuUF1Ms1,SK-C-95,11,ai,3,-2.5,-2.1561,8.0,yes,5.0,5.0,2.0,1.3333333333333333,1.26723450463563,0.2672345046356299,2.26723450463563,high,1.7143,1.7384,0.7384,2.7384,high,0.0,-1.0998,18-24 years old,Non-binary / third gender,"No, I am not colourblind",495,100,True,27,yes,yes,yes,yes,,low_sem_high_perc,Q2,low,high,12,10,6,5.078,11.141,0.2254,-0.7772,-0.5519,-0.7068,-0.2236,-0.6786,0.0208,1.5886,1.0,1.0,1.0
R_6dC6vSvGuUF1Ms1,SK-A-87,12,ai,8,2.5,-2.1561,9.0,yes,1.0,1.0,2.0,1.3333333333333333,1.26723450463563,0.2672345046356299,2.26723450463563,high,1.7143,1.7384,0.7384,2.7384,high,0.0,-1.0998,18-24 years old,Non-binary / third gender,"No, I am not colourblind",495,100,True,27,yes,yes,yes,yes,,low_sem_low_perc,Q4,low,low,16,9,4,1.284,3.991,-2.099,-0.5744,-0.7071,-1.3537,-1.742,-0.8784,0.5278,1.5886,1.0,1.0,1.0
R_6dC6vSvGuUF1Ms1,SK-A-1756,13,human,4,-1.5,-6.1561,2.0,yes,2.0,-2.0,2.0,1.3333333333333333,1.26723450463563,0.2672345046356299,2.26723450463563,high,1.7143,1.7384,0.7384,2.7384,high,0.0,-1.0998,18-24 years old,Non-binary / third gender,"No, I am not colourblind",495,100,True,27,yes,yes,yes,yes,,high_sem_high_perc,Q1,high,high,20,12,9,5.001,12.19,0.1782,-0.3717,-0.2415,0.2636,-0.0008,-0.1165,-1.106,1.5886,1.0,1.0,1.0
R_6dC6vSvGuUF1Ms1,SK-A-261,14,none,8,2.5,-2.1561,6.0,yes,2.0,-2.0,2.0,1.3333333333333333,1.26723450463563,0.2672345046356299,2.26723450463563,high,1.7143,1.7384,0.7384,2.7384,high,0.0,-1.0998,18-24 years old,Non-binary / third gender,"No, I am not colourblind",495,100,True,27,yes,yes,yes,yes,,low_sem_low_perc,Q4,low,low,9,8,7,4.292,16.828,-0.2562,-0.9292,-0.8623,-0.3834,0.9841,-0.725,0.1278,1.5886,1.0,1.0,1.0
R_6dC6vSvGuUF1Ms1,SK-A-1403,15,none,3,-2.5,-2.1561,8.0,yes,5.0,5.0,2.0,1.3333333333333333,1.26723450463563,0.2672345046356299,2.26723450463563,high,1.7143,1.7384,0.7384,2.7384,high,0.0,-1.0998,18-24 years old,Non-binary / third gender,"No, I am not colourblind",495,100,True,27,yes,yes,yes,yes,,high_sem_high_perc,Q1,high,high,69,22,13,5.281,17.539,0.3497,2.1119,1.3107,1.5574,1.1351,1.66,0.7811,1.5886,1.0,1.0,1.0
R_6dC6vSvGuUF1Ms1,SK-A-4717,16,ai,1,-4.5,11.8439,4.0,yes,3.0,3.0,2.0,1.3333333333333333,1.26723450463563,0.2672345046356299,2.26723450463563,high,1.7143,1.7384,0.7384,2.7384,high,0.0,-1.0998,18-24 years old,Non-binary / third gender,"No, I am not colourblind",495,100,True,27,yes,yes,yes,yes,,low_sem_high_perc,Q2,low,high,12,10,9,6.171,17.158,0.895,-0.7772,-0.5519,0.2636,1.0542,-0.3552,-0.0167,1.5886,1.0,1.0,1.0
R_6dC6vSvGuUF1Ms1,SK-A-1574,17,ai,10,4.5,11.8439,2.0,yes,8.0,-8.0,2.0,1.3333333333333333,1.26723450463563,0.2672345046356299,2.26723450463563,high,1.7143,1.7384,0.7384,2.7384,high,0.0,-1.0998,18-24 years old,Non-binary / third gender,"No, I am not colourblind",495,100,True,27,yes,yes,yes,yes,,high_sem_high_perc,Q1,high,high,41,19,10,6.451,10.977,1.0665,0.6927,0.8451,0.587,-0.2584,0.7083,-1.9879,1.5886,1.0,1.0,1.0
R_6dC6vSvGuUF1Ms1,SK-A-388,18,ai,2,-3.5,3.8439,5.0,yes,3.0,3.0,2.0,1.3333333333333333,1.26723450463563,0.2672345046356299,2.26723450463563,high,1.7143,1.7384,0.7384,2.7384,high,0.0,-1.0998,18-24 years old,Non-binary / third gender,"No, I am not colourblind",495,100,True,27,yes,yes,yes,yes,,high_sem_low_perc,Q3,high,low,52,24,12,4.026,10.43,-0.4191,1.2502,1.6212,1.2339,-0.3746,1.3684,0.1145,1.5886,1.0,1.0,1.0
R_6dC6vSvGuUF1Ms1,SK-A-1713,19,none,10,4.5,11.8439,5.0,yes,5.0,-5.0,2.0,1.3333333333333333,1.26723450463563,0.2672345046356299,2.26723450463563,high,1.7143,1.7384,0.7384,2.7384,high,0.0,-1.0998,18-24 years old,Non-binary / third gender,"No, I am not colourblind",495,100,True,27,yes,yes,yes,yes,,low_sem_low_perc,Q4,low,low,15,13,10,2.989,8.961,-1.0545,-0.6251,-0.0862,0.587,-0.6866,-0.0414,-0.1003,1.5886,1.0,1.0,1.0
R_6dC6vSvGuUF1Ms1,SK-A-298,20,ai,9,3.5,3.8439,8.0,yes,1.0,-1.0,2.0,1.3333333333333333,1.26723450463563,0.2672345046356299,2.26723450463563,high,1.7143,1.7384,0.7384,2.7384,high,0.0,-1.0998,18-24 years old,Non-binary / third gender,"No, I am not colourblind",495,100,True,27,yes,yes,yes,yes,,high_sem_low_perc,Q3,high,low,22,19,12,3.588,8.258,-0.6875,-0.2703,0.8451,1.2339,-0.8359,0.6029,0.4922,1.5886,1.0,1.0,1.0
R_6dC6vSvGuUF1Ms1,SK-C-153,21,ai,7,1.5,-6.1561,3.0,yes,4.0,-4.0,2.0,1.3333333333333333,1.26723450463563,0.2672345046356299,2.26723450463563,high,1.7143,1.7384,0.7384,2.7384,high,0.0,-1.0998,18-24 years old,Non-binary / third gender,"No, I am not colourblind",495,100,True,27,yes,yes,yes,yes,,low_sem_high_perc,Q2,low,high,14,12,8,6.72,23.164,1.2313,-0.6758,-0.2415,-0.0599,2.3297,-0.3257,0.2978,1.5886,1.0,1.0,1.0
R_6dC6vSvGuUF1Ms1,SK-C-243,22,human,1,-4.5,11.8439,3.0,yes,2.0,2.0,2.0,1.3333333333333333,1.26723450463563,0.2672345046356299,2.26723450463563,high,1.7143,1.7384,0.7384,2.7384,high,0.0,-1.0998,18-24 years old,Non-binary / third gender,"No, I am not colourblind",495,100,True,27,yes,yes,yes,yes,,low_sem_low_perc,Q4,low,low,14,12,6,4.052,8.426,-0.4032,-0.6758,-0.2415,-0.7068,-0.8002,-0.5414,0.1632,1.5886,1.0,1.0,1.0
R_6dC6vSvGuUF1Ms1,SK-A-2320 A,23,human,3,-2.5,-2.1561,4.0,yes,1.0,1.0,2.0,1.3333333333333333,1.26723450463563,0.2672345046356299,2.26723450463563,high,1.7143,1.7384,0.7384,2.7384,high,0.0,-1.0998,18-24 years old,Non-binary / third gender,"No, I am not colourblind",495,100,True,27,yes,yes,yes,yes,,high_sem_low_perc,Q3,high,low,47,24,14,4.652,11.926,-0.0356,0.9968,1.6212,1.8808,-0.0569,1.4996,0.4324,1.5886,1.0,1.0,1.0
R_6dC6vSvGuUF1Ms1,SK-A-110,24,ai,4,-1.5,-6.1561,3.0,yes,1.0,-1.0,2.0,1.3333333333333333,1.26723450463563,0.2672345046356299,2.26723450463563,high,1.7143,1.7384,0.7384,2.7384,high,0.0,-1.0998,18-24 years old,Non-binary / third gender,"No, I am not colourblind",495,100,True,27,yes,yes,yes,yes,,low_sem_high_perc,Q2,low,high,9,7,5,5.104,15.147,0.2413,-0.9292,-1.0175,-1.0303,0.6271,-0.9923,0.0078,1.5886,1.0,1.0,1.0
R_6dC6vSvGuUF1Ms1,SK-A-1684,25,none,6,0.5,-8.1561,10.0,yes,4.0,4.0,2.0,1.3333333333333333,1.26723450463563,0.2672345046356299,2.26723450463563,high,1.7143,1.7384,0.7384,2.7384,high,0.0,-1.0998,18-24 years old,Non-binary / third gender,"No, I am not colourblind",495,100,True,27,yes,yes,yes,yes,,low_sem_low_perc,Q4,low,low,7,6,5,1.478,7.119,-1.9802,-1.0306,-1.1728,-1.0303,-1.0777,-1.0779,1.5061,1.5886,1.0,1.0,1.0
R_6dC6vSvGuUF1Ms1,SK-A-232,26,human,6,0.5,-8.1561,9.0,yes,3.0,3.0,2.0,1.3333333333333333,1.26723450463563,0.2672345046356299,2.26723450463563,high,1.7143,1.7384,0.7384,2.7384,high,0.0,-1.0998,18-24 years old,Non-binary / third gender,"No, I am not colourblind",495,100,True,27,yes,yes,yes,yes,,high_sem_low_perc,Q3,high,low,76,16,8,2.204,6.579,-1.5354,2.4667,0.3794,-0.0599,-1.1924,0.9287,0.1549,1.5886,1.0,1.0,1.0
R_6dC6vSvGuUF1Ms1,SK-A-1906,27,human,4,-1.5,-6.1561,2.0,yes,2.0,-2.0,2.0,1.3333333333333333,1.26723450463563,0.2672345046356299,2.26723450463563,high,1.7143,1.7384,0.7384,2.7384,high,0.0,-1.0998,18-24 years old,Non-binary / third gender,"No, I am not colourblind",495,100,True,27,yes,yes,yes,yes,,high_sem_low_perc,Q3,high,low,43,16,11,4.708,19.343,-0.0013,0.7941,0.3794,0.9105,1.5182,0.6947,0.4853,1.5886,1.0,1.0,1.0
R_2gGvHt3veC5VRVD,SK-C-1215,1,human,7,1.5,-6.1561,6.0,yes,1.0,-1.0,2.0,1.6666666666666667,1.9291022076937296,0.92910220769373,2.92910220769373,high,1.7143,1.7384,0.7384,2.7384,high,0.875,0.6921,18-24 years old,Female,"No, I am not colourblind",415,100,True,27,yes,yes,yes,yes,,high_sem_high_perc,Q1,high,high,24,14,8,5.533,8.134,0.5041,-0.169,0.069,-0.0599,-0.8622,-0.0533,-0.0772,0.4775,1.0,2.5,2.6666666666666665
R_2gGvHt3veC5VRVD,SK-A-864,2,human,5,-0.5,-8.1561,8.0,yes,3.0,3.0,2.0,1.6666666666666667,1.9291022076937296,0.92910220769373,2.92910220769373,high,1.7143,1.7384,0.7384,2.7384,high,0.875,0.6921,18-24 years old,Female,"No, I am not colourblind",415,100,True,27,yes,yes,yes,yes,,high_sem_high_perc,Q1,high,high,66,28,11,8.181,13.079,2.1264,1.9598,2.242,0.9105,0.188,1.7041,1.4922,0.4775,1.0,2.5,2.6666666666666665
R_2gGvHt3veC5VRVD,SK-A-232,3,human,3,-2.5,-2.1561,5.0,yes,2.0,2.0,2.0,1.6666666666666667,1.9291022076937296,0.92910220769373,2.92910220769373,high,1.7143,1.7384,0.7384,2.7384,high,0.875,0.6921,18-24 years old,Female,"No, I am not colourblind",415,100,True,27,yes,yes,yes,yes,,high_sem_low_perc,Q3,high,low,76,16,8,2.204,6.579,-1.5354,2.4667,0.3794,-0.0599,-1.1924,0.9287,0.1549,0.4775,1.0,2.5,2.6666666666666665
R_2gGvHt3veC5VRVD,SK-A-4469,4,ai,6,0.5,-8.1561,4.0,yes,2.0,-2.0,2.0,1.6666666666666667,1.9291022076937296,0.92910220769373,2.92910220769373,high,1.7143,1.7384,0.7384,2.7384,high,0.875,0.6921,18-24 years old,Female,"No, I am not colourblind",415,100,True,27,yes,yes,yes,yes,,high_sem_high_perc,Q1,high,high,31,11,6,6.128,21.628,0.8686,0.1858,-0.3967,-0.7068,2.0035,-0.3059,-0.9165,0.4775,1.0,2.5,2.6666666666666665
R_2gGvHt3veC5VRVD,SK-A-4717,5,none,8,2.5,-2.1561,4.0,yes,4.0,-4.0,2.0,1.6666666666666667,1.9291022076937296,0.92910220769373,2.92910220769373,high,1.7143,1.7384,0.7384,2.7384,high,0.875,0.6921,18-24 years old,Female,"No, I am not colourblind",415,100,True,27,yes,yes,yes,yes,,low_sem_high_perc,Q2,low,high,12,10,9,6.171,17.158,0.895,-0.7772,-0.5519,0.2636,1.0542,-0.3552,-0.0167,0.4775,1.0,2.5,2.6666666666666665
R_2gGvHt3veC5VRVD,SK-A-2320 A,6,ai,4,-1.5,-6.1561,7.0,yes,3.0,3.0,2.0,1.6666666666666667,1.9291022076937296,0.92910220769373,2.92910220769373,high,1.7143,1.7384,0.7384,2.7384,high,0.875,0.6921,18-24 years old,Female,"No, I am not colourblind",415,100,True,27,yes,yes,yes,yes,,high_sem_low_perc,Q3,high,low,47,24,14,4.652,11.926,-0.0356,0.9968,1.6212,1.8808,-0.0569,1.4996,0.4324,0.4775,1.0,2.5,2.6666666666666665
R_2gGvHt3veC5VRVD,SK-A-2320 B,7,human,6,0.5,-8.1561,7.0,yes,1.0,1.0,2.0,1.6666666666666667,1.9291022076937296,0.92910220769373,2.92910220769373,high,1.7143,1.7384,0.7384,2.7384,high,0.875,0.6921,18-24 years old,Female,"No, I am not colourblind",415,100,True,27,yes,yes,yes,yes,,low_sem_high_perc,Q2,low,high,11,7,4,4.974,8.222,0.1616,-0.8279,-1.0175,-1.3537,-0.8435,-1.0664,0.3704,0.4775,1.0,2.5,2.6666666666666665
R_2gGvHt3veC5VRVD,SK-A-87,8,ai,7,1.5,-6.1561,5.0,yes,2.0,-2.0,2.0,1.6666666666666667,1.9291022076937296,0.92910220769373,2.92910220769373,high,1.7143,1.7384,0.7384,2.7384,high,0.875,0.6921,18-24 years old,Female,"No, I am not colourblind",415,100,True,27,yes,yes,yes,yes,,low_sem_low_perc,Q4,low,low,16,9,4,1.284,3.991,-2.099,-0.5744,-0.7071,-1.3537,-1.742,-0.8784,0.5278,0.4775,1.0,2.5,2.6666666666666665
R_2gGvHt3veC5VRVD,SK-A-1756,9,human,5,-0.5,-8.1561,6.0,yes,1.0,1.0,2.0,1.6666666666666667,1.9291022076937296,0.92910220769373,2.92910220769373,high,1.7143,1.7384,0.7384,2.7384,high,0.875,0.6921,18-24 years old,Female,"No, I am not colourblind",415,100,True,27,yes,yes,yes,yes,,high_sem_high_perc,Q1,high,high,20,12,9,5.001,12.19,0.1782,-0.3717,-0.2415,0.2636,-0.0008,-0.1165,-1.106,0.4775,1.0,2.5,2.6666666666666665
R_2gGvHt3veC5VRVD,SK-A-1574,10,ai,3,-2.5,-2.1561,5.0,yes,2.0,2.0,2.0,1.6666666666666667,1.9291022076937296,0.92910220769373,2.92910220769373,high,1.7143,1.7384,0.7384,2.7384,high,0.875,0.6921,18-24 years old,Female,"No, I am not colourblind",415,100,True,27,yes,yes,yes,yes,,high_sem_high_perc,Q1,high,high,41,19,10,6.451,10.977,1.0665,0.6927,0.8451,0.587,-0.2584,0.7083,-1.9879,0.4775,1.0,2.5,2.6666666666666665
R_2gGvHt3veC5VRVD,SK-A-3023,11,ai,9,3.5,3.8439,6.0,yes,3.0,-3.0,2.0,1.6666666666666667,1.9291022076937296,0.92910220769373,2.92910220769373,high,1.7143,1.7384,0.7384,2.7384,high,0.875,0.6921,18-24 years old,Female,"No, I am not colourblind",415,100,True,27,yes,yes,yes,yes,,high_sem_low_perc,Q3,high,low,24,9,6,2.609,6.171,-1.2873,-0.169,-0.7071,-0.7068,-1.2791,-0.5276,-0.4284,0.4775,1.0,2.5,2.6666666666666665
R_2gGvHt3veC5VRVD,SK-A-3297,12,none,3,-2.5,-2.1561,7.0,yes,4.0,4.0,2.0,1.6666666666666667,1.9291022076937296,0.92910220769373,2.92910220769373,high,1.7143,1.7384,0.7384,2.7384,high,0.875,0.6921,18-24 years old,Female,"No, I am not colourblind",415,100,True,27,yes,yes,yes,yes,,low_sem_low_perc,Q4,low,low,17,10,7,4.118,13.599,-0.3628,-0.5237,-0.5519,-0.3834,0.2984,-0.4863,-0.4879,0.4775,1.0,2.5,2.6666666666666665
R_2gGvHt3veC5VRVD,SK-C-243,13,none,10,4.5,11.8439,5.0,yes,5.0,-5.0,2.0,1.6666666666666667,1.9291022076937296,0.92910220769373,2.92910220769373,high,1.7143,1.7384,0.7384,2.7384,high,0.875,0.6921,18-24 years old,Female,"No, I am not colourblind",415,100,True,27,yes,yes,yes,yes,,low_sem_low_perc,Q4,low,low,14,12,6,4.052,8.426,-0.4032,-0.6758,-0.2415,-0.7068,-0.8002,-0.5414,0.1632,0.4775,1.0,2.5,2.6666666666666665
R_2gGvHt3veC5VRVD,SK-A-1403,14,none,6,0.5,-8.1561,6.0,yes,0.0,0.0,2.0,1.6666666666666667,1.9291022076937296,0.92910220769373,2.92910220769373,high,1.7143,1.7384,0.7384,2.7384,high,0.875,0.6921,18-24 years old,Female,"No, I am not colourblind",415,100,True,27,yes,yes,yes,yes,,high_sem_high_perc,Q1,high,high,69,22,13,5.281,17.539,0.3497,2.1119,1.3107,1.5574,1.1351,1.66,0.7811,0.4775,1.0,2.5,2.6666666666666665
R_2gGvHt3veC5VRVD,SK-A-62,15,none,1,-4.5,11.8439,5.0,yes,4.0,4.0,2.0,1.6666666666666667,1.9291022076937296,0.92910220769373,2.92910220769373,high,1.7143,1.7384,0.7384,2.7384,high,0.875,0.6921,18-24 years old,Female,"No, I am not colourblind",415,100,True,27,yes,yes,yes,yes,,low_sem_low_perc,Q4,low,low,6,4,4,4.61,10.563,-0.0614,-1.0813,-1.4832,-1.3537,-0.3464,-1.3061,-1.366,0.4775,1.0,2.5,2.6666666666666665
R_2gGvHt3veC5VRVD,SK-A-110,16,human,9,3.5,3.8439,5.0,yes,4.0,-4.0,2.0,1.6666666666666667,1.9291022076937296,0.92910220769373,2.92910220769373,high,1.7143,1.7384,0.7384,2.7384,high,0.875,0.6921,18-24 years old,Female,"No, I am not colourblind",415,100,True,27,yes,yes,yes,yes,,low_sem_high_perc,Q2,low,high,9,7,5,5.104,15.147,0.2413,-0.9292,-1.0175,-1.0303,0.6271,-0.9923,0.0078,0.4775,1.0,2.5,2.6666666666666665
R_2gGvHt3veC5VRVD,SK-A-1684,17,human,6,0.5,-8.1561,8.0,yes,2.0,2.0,2.0,1.6666666666666667,1.9291022076937296,0.92910220769373,2.92910220769373,high,1.7143,1.7384,0.7384,2.7384,high,0.875,0.6921,18-24 years old,Female,"No, I am not colourblind",415,100,True,27,yes,yes,yes,yes,,low_sem_low_perc,Q4,low,low,7,6,5,1.478,7.119,-1.9802,-1.0306,-1.1728,-1.0303,-1.0777,-1.0779,1.5061,0.4775,1.0,2.5,2.6666666666666665
R_2gGvHt3veC5VRVD,SK-A-2110,18,ai,8,2.5,-2.1561,8.0,yes,0.0,0.0,2.0,1.6666666666666667,1.9291022076937296,0.92910220769373,2.92910220769373,high,1.7143,1.7384,0.7384,2.7384,high,0.875,0.6921,18-24 years old,Female,"No, I am not colourblind",415,100,True,27,yes,yes,yes,yes,,high_sem_low_perc,Q3,high,low,29,17,13,4.449,10.91,-0.16,0.0845,0.5346,1.5574,-0.2727,0.7255,0.9709,0.4775,1.0,2.5,2.6666666666666665
R_2gGvHt3veC5VRVD,SK-A-1713,19,none,7,1.5,-6.1561,8.0,yes,1.0,1.0,2.0,1.6666666666666667,1.9291022076937296,0.92910220769373,2.92910220769373,high,1.7143,1.7384,0.7384,2.7384,high,0.875,0.6921,18-24 years old,Female,"No, I am not colourblind",415,100,True,27,yes,yes,yes,yes,,low_sem_low_perc,Q4,low,low,15,13,10,2.989,8.961,-1.0545,-0.6251,-0.0862,0.587,-0.6866,-0.0414,-0.1003,0.4775,1.0,2.5,2.6666666666666665
R_2gGvHt3veC5VRVD,SK-C-95,20,ai,4,-1.5,-6.1561,7.0,yes,3.0,3.0,2.0,1.6666666666666667,1.9291022076937296,0.92910220769373,2.92910220769373,high,1.7143,1.7384,0.7384,2.7384,high,0.875,0.6921,18-24 years old,Female,"No, I am not colourblind",415,100,True,27,yes,yes,yes,yes,,low_sem_high_perc,Q2,low,high,12,10,6,5.078,11.141,0.2254,-0.7772,-0.5519,-0.7068,-0.2236,-0.6786,0.0208,0.4775,1.0,2.5,2.6666666666666665
R_2gGvHt3veC5VRVD,SK-A-261,21,none,10,4.5,11.8439,5.0,yes,5.0,-5.0,2.0,1.6666666666666667,1.9291022076937296,0.92910220769373,2.92910220769373,high,1.7143,1.7384,0.7384,2.7384,high,0.875,0.6921,18-24 years old,Female,"No, I am not colourblind",415,100,True,27,yes,yes,yes,yes,,low_sem_low_perc,Q4,low,low,9,8,7,4.292,16.828,-0.2562,-0.9292,-0.8623,-0.3834,0.9841,-0.725,0.1278,0.4775,1.0,2.5,2.6666666666666665
R_2gGvHt3veC5VRVD,SK-A-1906,22,human,3,-2.5,-2.1561,5.0,yes,2.0,2.0,2.0,1.6666666666666667,1.9291022076937296,0.92910220769373,2.92910220769373,high,1.7143,1.7384,0.7384,2.7384,high,0.875,0.6921,18-24 years old,Female,"No, I am not colourblind",415,100,True,27,yes,yes,yes,yes,,high_sem_low_perc,Q3,high,low,43,16,11,4.708,19.343,-0.0013,0.7941,0.3794,0.9105,1.5182,0.6947,0.4853,0.4775,1.0,2.5,2.6666666666666665
R_2gGvHt3veC5VRVD,SK-A-298,23,ai,3,-2.5,-2.1561,6.0,yes,3.0,3.0,2.0,1.6666666666666667,1.9291022076937296,0.92910220769373,2.92910220769373,high,1.7143,1.7384,0.7384,2.7384,high,0.875,0.6921,18-24 years old,Female,"No, I am not colourblind",415,100,True,27,yes,yes,yes,yes,,high_sem_low_perc,Q3,high,low,22,19,12,3.588,8.258,-0.6875,-0.2703,0.8451,1.2339,-0.8359,0.6029,0.4922,0.4775,1.0,2.5,2.6666666666666665
R_2gGvHt3veC5VRVD,SK-C-153,24,ai,7,1.5,-6.1561,6.0,yes,1.0,-1.0,2.0,1.6666666666666667,1.9291022076937296,0.92910220769373,2.92910220769373,high,1.7143,1.7384,0.7384,2.7384,high,0.875,0.6921,18-24 years old,Female,"No, I am not colourblind",415,100,True,27,yes,yes,yes,yes,,low_sem_high_perc,Q2,low,high,14,12,8,6.72,23.164,1.2313,-0.6758,-0.2415,-0.0599,2.3297,-0.3257,0.2978,0.4775,1.0,2.5,2.6666666666666665
R_2gGvHt3veC5VRVD,SK-A-388,25,none,6,0.5,-8.1561,3.0,yes,3.0,-3.0,2.0,1.6666666666666667,1.9291022076937296,0.92910220769373,2.92910220769373,high,1.7143,1.7384,0.7384,2.7384,high,0.875,0.6921,18-24 years old,Female,"No, I am not colourblind",415,100,True,27,yes,yes,yes,yes,,high_sem_low_perc,Q3,high,low,52,24,12,4.026,10.43,-0.4191,1.2502,1.6212,1.2339,-0.3746,1.3684,0.1145,0.4775,1.0,2.5,2.6666666666666665
R_2gGvHt3veC5VRVD,SK-A-1298,26,human,2,-3.5,3.8439,5.0,yes,3.0,3.0,2.0,1.6666666666666667,1.9291022076937296,0.92910220769373,2.92910220769373,high,1.7143,1.7384,0.7384,2.7384,high,0.875,0.6921,18-24 years old,Female,"No, I am not colourblind",415,100,True,27,yes,yes,yes,yes,,low_sem_high_perc,Q2,low,high,13,4,3,6.345,12.638,1.0016,-0.7265,-1.4832,-1.6772,0.0943,-1.2956,-1.1122,0.4775,1.0,2.5,2.6666666666666665
R_2gGvHt3veC5VRVD,SK-A-1940,27,none,6,0.5,-8.1561,6.0,yes,0.0,0.0,2.0,1.6666666666666667,1.9291022076937296,0.92910220769373,2.92910220769373,high,1.7143,1.7384,0.7384,2.7384,high,0.875,0.6921,18-24 years old,Female,"No, I am not colourblind",415,100,True,27,yes,yes,yes,yes,,high_sem_high_perc,Q1,high,high,39,23,10,7.148,15.116,1.4935,0.5913,1.466,0.587,0.6205,0.8814,-0.3461,0.4775,1.0,2.5,2.6666666666666665
R_8C2YaoQPaCdEM9m,SK-C-1215,1,human,2,-3.5,3.8439,7.0,yes,5.0,5.0,1.0,0.6666666666666666,-0.0565009014805694,-1.0565009014805695,0.9434990985194304,low,0.8571,-0.0325,-1.0325,0.9675,low,0.75,0.4361,25-34 years old,Female,"No, I am not colourblind",290,100,True,27,yes,yes,yes,yes,,high_sem_high_perc,Q1,high,high,24,14,8,5.533,8.134,0.5041,-0.169,0.069,-0.0599,-0.8622,-0.0533,-0.0772,1.1442,0.0,0.0,0.6666666666666666
R_8C2YaoQPaCdEM9m,SK-A-864,2,ai,8,2.5,-2.1561,9.0,yes,1.0,1.0,1.0,0.6666666666666666,-0.0565009014805694,-1.0565009014805695,0.9434990985194304,low,0.8571,-0.0325,-1.0325,0.9675,low,0.75,0.4361,25-34 years old,Female,"No, I am not colourblind",290,100,True,27,yes,yes,yes,yes,,high_sem_high_perc,Q1,high,high,66,28,11,8.181,13.079,2.1264,1.9598,2.242,0.9105,0.188,1.7041,1.4922,1.1442,0.0,0.0,0.6666666666666666
R_8C2YaoQPaCdEM9m,SK-A-261,3,none,10,4.5,11.8439,4.0,yes,6.0,-6.0,1.0,0.6666666666666666,-0.0565009014805694,-1.0565009014805695,0.9434990985194304,low,0.8571,-0.0325,-1.0325,0.9675,low,0.75,0.4361,25-34 years old,Female,"No, I am not colourblind",290,100,True,27,yes,yes,yes,yes,,low_sem_low_perc,Q4,low,low,9,8,7,4.292,16.828,-0.2562,-0.9292,-0.8623,-0.3834,0.9841,-0.725,0.1278,1.1442,0.0,0.0,0.6666666666666666
R_8C2YaoQPaCdEM9m,SK-A-2110,4,ai,7,1.5,-6.1561,7.0,yes,0.0,0.0,1.0,0.6666666666666666,-0.0565009014805694,-1.0565009014805695,0.9434990985194304,low,0.8571,-0.0325,-1.0325,0.9675,low,0.75,0.4361,25-34 years old,Female,"No, I am not colourblind",290,100,True,27,yes,yes,yes,yes,,high_sem_low_perc,Q3,high,low,29,17,13,4.449,10.91,-0.16,0.0845,0.5346,1.5574,-0.2727,0.7255,0.9709,1.1442,0.0,0.0,0.6666666666666666
R_8C2YaoQPaCdEM9m,SK-A-1906,5,ai,10,4.5,11.8439,5.0,yes,5.0,-5.0,1.0,0.6666666666666666,-0.0565009014805694,-1.0565009014805695,0.9434990985194304,low,0.8571,-0.0325,-1.0325,0.9675,low,0.75,0.4361,25-34 years old,Female,"No, I am not colourblind",290,100,True,27,yes,yes,yes,yes,,high_sem_low_perc,Q3,high,low,43,16,11,4.708,19.343,-0.0013,0.7941,0.3794,0.9105,1.5182,0.6947,0.4853,1.1442,0.0,0.0,0.6666666666666666
R_8C2YaoQPaCdEM9m,SK-A-388,6,human,1,-4.5,11.8439,7.0,yes,6.0,6.0,1.0,0.6666666666666666,-0.0565009014805694,-1.0565009014805695,0.9434990985194304,low,0.8571,-0.0325,-1.0325,0.9675,low,0.75,0.4361,25-34 years old,Female,"No, I am not colourblind",290,100,True,27,yes,yes,yes,yes,,high_sem_low_perc,Q3,high,low,52,24,12,4.026,10.43,-0.4191,1.2502,1.6212,1.2339,-0.3746,1.3684,0.1145,1.1442,0.0,0.0,0.6666666666666666
R_8C2YaoQPaCdEM9m,SK-A-3023,7,none,6,0.5,-8.1561,5.0,yes,1.0,-1.0,1.0,0.6666666666666666,-0.0565009014805694,-1.0565009014805695,0.9434990985194304,low,0.8571,-0.0325,-1.0325,0.9675,low,0.75,0.4361,25-34 years old,Female,"No, I am not colourblind",290,100,True,27,yes,yes,yes,yes,,high_sem_low_perc,Q3,high,low,24,9,6,2.609,6.171,-1.2873,-0.169,-0.7071,-0.7068,-1.2791,-0.5276,-0.4284,1.1442,0.0,0.0,0.6666666666666666
R_8C2YaoQPaCdEM9m,SK-A-110,8,human,4,-1.5,-6.1561,8.0,yes,4.0,4.0,1.0,0.6666666666666666,-0.0565009014805694,-1.0565009014805695,0.9434990985194304,low,0.8571,-0.0325,-1.0325,0.9675,low,0.75,0.4361,25-34 years old,Female,"No, I am not colourblind",290,100,True,27,yes,yes,yes,yes,,low_sem_high_perc,Q2,low,high,9,7,5,5.104,15.147,0.2413,-0.9292,-1.0175,-1.0303,0.6271,-0.9923,0.0078,1.1442,0.0,0.0,0.6666666666666666
R_8C2YaoQPaCdEM9m,SK-A-1940,9,none,5,-0.5,-8.1561,7.0,yes,2.0,2.0,1.0,0.6666666666666666,-0.0565009014805694,-1.0565009014805695,0.9434990985194304,low,0.8571,-0.0325,-1.0325,0.9675,low,0.75,0.4361,25-34 years old,Female,"No, I am not colourblind",290,100,True,27,yes,yes,yes,yes,,high_sem_high_perc,Q1,high,high,39,23,10,7.148,15.116,1.4935,0.5913,1.466,0.587,0.6205,0.8814,-0.3461,1.1442,0.0,0.0,0.6666666666666666
R_8C2YaoQPaCdEM9m,SK-A-232,10,ai,1,-4.5,11.8439,6.0,yes,5.0,5.0,1.0,0.6666666666666666,-0.0565009014805694,-1.0565009014805695,0.9434990985194304,low,0.8571,-0.0325,-1.0325,0.9675,low,0.75,0.4361,25-34 years old,Female,"No, I am not colourblind",290,100,True,27,yes,yes,yes,yes,,high_sem_low_perc,Q3,high,low,76,16,8,2.204,6.579,-1.5354,2.4667,0.3794,-0.0599,-1.1924,0.9287,0.1549,1.1442,0.0,0.0,0.6666666666666666
R_8C2YaoQPaCdEM9m,SK-C-243,11,human,1,-4.5,11.8439,6.0,yes,5.0,5.0,1.0,0.6666666666666666,-0.0565009014805694,-1.0565009014805695,0.9434990985194304,low,0.8571,-0.0325,-1.0325,0.9675,low,0.75,0.4361,25-34 years old,Female,"No, I am not colourblind",290,100,True,27,yes,yes,yes,yes,,low_sem_low_perc,Q4,low,low,14,12,6,4.052,8.426,-0.4032,-0.6758,-0.2415,-0.7068,-0.8002,-0.5414,0.1632,1.1442,0.0,0.0,0.6666666666666666
R_8C2YaoQPaCdEM9m,SK-A-4469,12,ai,4,-1.5,-6.1561,2.0,yes,2.0,-2.0,1.0,0.6666666666666666,-0.0565009014805694,-1.0565009014805695,0.9434990985194304,low,0.8571,-0.0325,-1.0325,0.9675,low,0.75,0.4361,25-34 years old,Female,"No, I am not colourblind",290,100,True,27,yes,yes,yes,yes,,high_sem_high_perc,Q1,high,high,31,11,6,6.128,21.628,0.8686,0.1858,-0.3967,-0.7068,2.0035,-0.3059,-0.9165,1.1442,0.0,0.0,0.6666666666666666
R_8C2YaoQPaCdEM9m,SK-A-2320 B,13,none,10,4.5,11.8439,10.0,yes,0.0,0.0,1.0,0.6666666666666666,-0.0565009014805694,-1.0565009014805695,0.9434990985194304,low,0.8571,-0.0325,-1.0325,0.9675,low,0.75,0.4361,25-34 years old,Female,"No, I am not colourblind",290,100,True,27,yes,yes,yes,yes,,low_sem_high_perc,Q2,low,high,11,7,4,4.974,8.222,0.1616,-0.8279,-1.0175,-1.3537,-0.8435,-1.0664,0.3704,1.1442,0.0,0.0,0.6666666666666666
R_8C2YaoQPaCdEM9m,SK-A-1574,14,none,2,-3.5,3.8439,2.0,yes,0.0,0.0,1.0,0.6666666666666666,-0.0565009014805694,-1.0565009014805695,0.9434990985194304,low,0.8571,-0.0325,-1.0325,0.9675,low,0.75,0.4361,25-34 years old,Female,"No, I am not colourblind",290,100,True,27,yes,yes,yes,yes,,high_sem_high_perc,Q1,high,high,41,19,10,6.451,10.977,1.0665,0.6927,0.8451,0.587,-0.2584,0.7083,-1.9879,1.1442,0.0,0.0,0.6666666666666666
R_8C2YaoQPaCdEM9m,SK-A-298,15,none,3,-2.5,-2.1561,7.0,yes,4.0,4.0,1.0,0.6666666666666666,-0.0565009014805694,-1.0565009014805695,0.9434990985194304,low,0.8571,-0.0325,-1.0325,0.9675,low,0.75,0.4361,25-34 years old,Female,"No, I am not colourblind",290,100,True,27,yes,yes,yes,yes,,high_sem_low_perc,Q3,high,low,22,19,12,3.588,8.258,-0.6875,-0.2703,0.8451,1.2339,-0.8359,0.6029,0.4922,1.1442,0.0,0.0,0.6666666666666666
R_8C2YaoQPaCdEM9m,SK-A-1756,16,ai,2,-3.5,3.8439,2.0,yes,0.0,0.0,1.0,0.6666666666666666,-0.0565009014805694,-1.0565009014805695,0.9434990985194304,low,0.8571,-0.0325,-1.0325,0.9675,low,0.75,0.4361,25-34 years old,Female,"No, I am not colourblind",290,100,True,27,yes,yes,yes,yes,,high_sem_high_perc,Q1,high,high,20,12,9,5.001,12.19,0.1782,-0.3717,-0.2415,0.2636,-0.0008,-0.1165,-1.106,1.1442,0.0,0.0,0.6666666666666666
R_8C2YaoQPaCdEM9m,SK-C-153,17,none,4,-1.5,-6.1561,5.0,yes,1.0,1.0,1.0,0.6666666666666666,-0.0565009014805694,-1.0565009014805695,0.9434990985194304,low,0.8571,-0.0325,-1.0325,0.9675,low,0.75,0.4361,25-34 years old,Female,"No, I am not colourblind",290,100,True,27,yes,yes,yes,yes,,low_sem_high_perc,Q2,low,high,14,12,8,6.72,23.164,1.2313,-0.6758,-0.2415,-0.0599,2.3297,-0.3257,0.2978,1.1442,0.0,0.0,0.6666666666666666
R_8C2YaoQPaCdEM9m,SK-A-1298,18,human,7,1.5,-6.1561,4.0,yes,3.0,-3.0,1.0,0.6666666666666666,-0.0565009014805694,-1.0565009014805695,0.9434990985194304,low,0.8571,-0.0325,-1.0325,0.9675,low,0.75,0.4361,25-34 years old,Female,"No, I am not colourblind",290,100,True,27,yes,yes,yes,yes,,low_sem_high_perc,Q2,low,high,13,4,3,6.345,12.638,1.0016,-0.7265,-1.4832,-1.6772,0.0943,-1.2956,-1.1122,1.1442,0.0,0.0,0.6666666666666666
R_8C2YaoQPaCdEM9m,SK-A-87,19,none,3,-2.5,-2.1561,8.0,yes,5.0,5.0,1.0,0.6666666666666666,-0.0565009014805694,-1.0565009014805695,0.9434990985194304,low,0.8571,-0.0325,-1.0325,0.9675,low,0.75,0.4361,25-34 years old,Female,"No, I am not colourblind",290,100,True,27,yes,yes,yes,yes,,low_sem_low_perc,Q4,low,low,16,9,4,1.284,3.991,-2.099,-0.5744,-0.7071,-1.3537,-1.742,-0.8784,0.5278,1.1442,0.0,0.0,0.6666666666666666
R_8C2YaoQPaCdEM9m,SK-A-3297,20,ai,1,-4.5,11.8439,2.0,yes,1.0,1.0,1.0,0.6666666666666666,-0.0565009014805694,-1.0565009014805695,0.9434990985194304,low,0.8571,-0.0325,-1.0325,0.9675,low,0.75,0.4361,25-34 years old,Female,"No, I am not colourblind",290,100,True,27,yes,yes,yes,yes,,low_sem_low_perc,Q4,low,low,17,10,7,4.118,13.599,-0.3628,-0.5237,-0.5519,-0.3834,0.2984,-0.4863,-0.4879,1.1442,0.0,0.0,0.6666666666666666
R_8C2YaoQPaCdEM9m,SK-A-1403,21,human,2,-3.5,3.8439,5.0,yes,3.0,3.0,1.0,0.6666666666666666,-0.0565009014805694,-1.0565009014805695,0.9434990985194304,low,0.8571,-0.0325,-1.0325,0.9675,low,0.75,0.4361,25-34 years old,Female,"No, I am not colourblind",290,100,True,27,yes,yes,yes,yes,,high_sem_high_perc,Q1,high,high,69,22,13,5.281,17.539,0.3497,2.1119,1.3107,1.5574,1.1351,1.66,0.7811,1.1442,0.0,0.0,0.6666666666666666
R_8C2YaoQPaCdEM9m,SK-A-1684,22,human,1,-4.5,11.8439,9.0,yes,8.0,8.0,1.0,0.6666666666666666,-0.0565009014805694,-1.0565009014805695,0.9434990985194304,low,0.8571,-0.0325,-1.0325,0.9675,low,0.75,0.4361,25-34 years old,Female,"No, I am not colourblind",290,100,True,27,yes,yes,yes,yes,,low_sem_low_perc,Q4,low,low,7,6,5,1.478,7.119,-1.9802,-1.0306,-1.1728,-1.0303,-1.0777,-1.0779,1.5061,1.1442,0.0,0.0,0.6666666666666666
R_8C2YaoQPaCdEM9m,SK-A-1713,23,none,8,2.5,-2.1561,7.0,yes,1.0,-1.0,1.0,0.6666666666666666,-0.0565009014805694,-1.0565009014805695,0.9434990985194304,low,0.8571,-0.0325,-1.0325,0.9675,low,0.75,0.4361,25-34 years old,Female,"No, I am not colourblind",290,100,True,27,yes,yes,yes,yes,,low_sem_low_perc,Q4,low,low,15,13,10,2.989,8.961,-1.0545,-0.6251,-0.0862,0.587,-0.6866,-0.0414,-0.1003,1.1442,0.0,0.0,0.6666666666666666
R_8C2YaoQPaCdEM9m,SK-A-2320 A,24,human,3,-2.5,-2.1561,4.0,yes,1.0,1.0,1.0,0.6666666666666666,-0.0565009014805694,-1.0565009014805695,0.9434990985194304,low,0.8571,-0.0325,-1.0325,0.9675,low,0.75,0.4361,25-34 years old,Female,"No, I am not colourblind",290,100,True,27,yes,yes,yes,yes,,high_sem_low_perc,Q3,high,low,47,24,14,4.652,11.926,-0.0356,0.9968,1.6212,1.8808,-0.0569,1.4996,0.4324,1.1442,0.0,0.0,0.6666666666666666
R_8C2YaoQPaCdEM9m,SK-A-62,25,human,5,-0.5,-8.1561,2.0,yes,3.0,-3.0,1.0,0.6666666666666666,-0.0565009014805694,-1.0565009014805695,0.9434990985194304,low,0.8571,-0.0325,-1.0325,0.9675,low,0.75,0.4361,25-34 years old,Female,"No, I am not colourblind",290,100,True,27,yes,yes,yes,yes,,low_sem_low_perc,Q4,low,low,6,4,4,4.61,10.563,-0.0614,-1.0813,-1.4832,-1.3537,-0.3464,-1.3061,-1.366,1.1442,0.0,0.0,0.6666666666666666
R_8C2YaoQPaCdEM9m,SK-A-4717,26,ai,9,3.5,3.8439,6.0,yes,3.0,-3.0,1.0,0.6666666666666666,-0.0565009014805694,-1.0565009014805695,0.9434990985194304,low,0.8571,-0.0325,-1.0325,0.9675,low,0.75,0.4361,25-34 years old,Female,"No, I am not colourblind",290,100,True,27,yes,yes,yes,yes,,low_sem_high_perc,Q2,low,high,12,10,9,6.171,17.158,0.895,-0.7772,-0.5519,0.2636,1.0542,-0.3552,-0.0167,1.1442,0.0,0.0,0.6666666666666666
R_8C2YaoQPaCdEM9m,SK-C-95,27,ai,10,4.5,11.8439,5.0,yes,5.0,-5.0,1.0,0.6666666666666666,-0.0565009014805694,-1.0565009014805695,0.9434990985194304,low,0.8571,-0.0325,-1.0325,0.9675,low,0.75,0.4361,25-34 years old,Female,"No, I am not colourblind",290,100,True,27,yes,yes,yes,yes,,low_sem_high_perc,Q2,low,high,12,10,6,5.078,11.141,0.2254,-0.7772,-0.5519,-0.7068,-0.2236,-0.6786,0.0208,1.1442,0.0,0.0,0.6666666666666666
R_2p4X7YZ9lKvz7zz,SK-A-261,1,ai,8,2.5,-2.1561,7.0,yes,1.0,-1.0,1.0,0.5,-0.3874347530096192,-1.3874347530096192,0.6125652469903808,low,0.5714,-0.6227,-1.6227,0.3773,low,0.125,-0.8438,18-24 years old,Female,"No, I am not colourblind",421,100,True,27,yes,yes,yes,yes,,low_sem_low_perc,Q4,low,low,9,8,7,4.292,16.828,-0.2562,-0.9292,-0.8623,-0.3834,0.9841,-0.725,0.1278,0.5886,1.0,1.0,1.0
R_2p4X7YZ9lKvz7zz,SK-A-232,2,none,7,1.5,-6.1561,4.0,yes,3.0,-3.0,1.0,0.5,-0.3874347530096192,-1.3874347530096192,0.6125652469903808,low,0.5714,-0.6227,-1.6227,0.3773,low,0.125,-0.8438,18-24 years old,Female,"No, I am not colourblind",421,100,True,27,yes,yes,yes,yes,,high_sem_low_perc,Q3,high,low,76,16,8,2.204,6.579,-1.5354,2.4667,0.3794,-0.0599,-1.1924,0.9287,0.1549,0.5886,1.0,1.0,1.0
R_2p4X7YZ9lKvz7zz,SK-A-388,3,human,8,2.5,-2.1561,5.0,yes,3.0,-3.0,1.0,0.5,-0.3874347530096192,-1.3874347530096192,0.6125652469903808,low,0.5714,-0.6227,-1.6227,0.3773,low,0.125,-0.8438,18-24 years old,Female,"No, I am not colourblind",421,100,True,27,yes,yes,yes,yes,,high_sem_low_perc,Q3,high,low,52,24,12,4.026,10.43,-0.4191,1.2502,1.6212,1.2339,-0.3746,1.3684,0.1145,0.5886,1.0,1.0,1.0
R_2p4X7YZ9lKvz7zz,SK-A-1574,4,ai,9,3.5,3.8439,4.0,yes,5.0,-5.0,1.0,0.5,-0.3874347530096192,-1.3874347530096192,0.6125652469903808,low,0.5714,-0.6227,-1.6227,0.3773,low,0.125,-0.8438,18-24 years old,Female,"No, I am not colourblind",421,100,True,27,yes,yes,yes,yes,,high_sem_high_perc,Q1,high,high,41,19,10,6.451,10.977,1.0665,0.6927,0.8451,0.587,-0.2584,0.7083,-1.9879,0.5886,1.0,1.0,1.0
R_2p4X7YZ9lKvz7zz,SK-C-153,5,ai,6,0.5,-8.1561,8.0,yes,2.0,2.0,1.0,0.5,-0.3874347530096192,-1.3874347530096192,0.6125652469903808,low,0.5714,-0.6227,-1.6227,0.3773,low,0.125,-0.8438,18-24 years old,Female,"No, I am not colourblind",421,100,True,27,yes,yes,yes,yes,,low_sem_high_perc,Q2,low,high,14,12,8,6.72,23.164,1.2313,-0.6758,-0.2415,-0.0599,2.3297,-0.3257,0.2978,0.5886,1.0,1.0,1.0
R_2p4X7YZ9lKvz7zz,SK-A-298,6,none,5,-0.5,-8.1561,8.0,yes,3.0,3.0,1.0,0.5,-0.3874347530096192,-1.3874347530096192,0.6125652469903808,low,0.5714,-0.6227,-1.6227,0.3773,low,0.125,-0.8438,18-24 years old,Female,"No, I am not colourblind",421,100,True,27,yes,yes,yes,yes,,high_sem_low_perc,Q3,high,low,22,19,12,3.588,8.258,-0.6875,-0.2703,0.8451,1.2339,-0.8359,0.6029,0.4922,0.5886,1.0,1.0,1.0
R_2p4X7YZ9lKvz7zz,SK-A-1403,7,none,2,-3.5,3.8439,5.0,yes,3.0,3.0,1.0,0.5,-0.3874347530096192,-1.3874347530096192,0.6125652469903808,low,0.5714,-0.6227,-1.6227,0.3773,low,0.125,-0.8438,18-24 years old,Female,"No, I am not colourblind",421,100,True,27,yes,yes,yes,yes,,high_sem_high_perc,Q1,high,high,69,22,13,5.281,17.539,0.3497,2.1119,1.3107,1.5574,1.1351,1.66,0.7811,0.5886,1.0,1.0,1.0
R_2p4X7YZ9lKvz7zz,SK-A-62,8,human,6,0.5,-8.1561,3.0,yes,3.0,-3.0,1.0,0.5,-0.3874347530096192,-1.3874347530096192,0.6125652469903808,low,0.5714,-0.6227,-1.6227,0.3773,low,0.125,-0.8438,18-24 years old,Female,"No, I am not colourblind",421,100,True,27,yes,yes,yes,yes,,low_sem_low_perc,Q4,low,low,6,4,4,4.61,10.563,-0.0614,-1.0813,-1.4832,-1.3537,-0.3464,-1.3061,-1.366,0.5886,1.0,1.0,1.0
R_2p4X7YZ9lKvz7zz,SK-A-864,9,none,9,3.5,3.8439,7.0,yes,2.0,-2.0,1.0,0.5,-0.3874347530096192,-1.3874347530096192,0.6125652469903808,low,0.5714,-0.6227,-1.6227,0.3773,low,0.125,-0.8438,18-24 years old,Female,"No, I am not colourblind",421,100,True,27,yes,yes,yes,yes,,high_sem_high_perc,Q1,high,high,66,28,11,8.181,13.079,2.1264,1.9598,2.242,0.9105,0.188,1.7041,1.4922,0.5886,1.0,1.0,1.0
R_2p4X7YZ9lKvz7zz,SK-A-87,10,ai,6,0.5,-8.1561,6.0,yes,0.0,0.0,1.0,0.5,-0.3874347530096192,-1.3874347530096192,0.6125652469903808,low,0.5714,-0.6227,-1.6227,0.3773,low,0.125,-0.8438,18-24 years old,Female,"No, I am not colourblind",421,100,True,27,yes,yes,yes,yes,,low_sem_low_perc,Q4,low,low,16,9,4,1.284,3.991,-2.099,-0.5744,-0.7071,-1.3537,-1.742,-0.8784,0.5278,0.5886,1.0,1.0,1.0
R_2p4X7YZ9lKvz7zz,SK-A-1298,11,human,9,3.5,3.8439,5.0,yes,4.0,-4.0,1.0,0.5,-0.3874347530096192,-1.3874347530096192,0.6125652469903808,low,0.5714,-0.6227,-1.6227,0.3773,low,0.125,-0.8438,18-24 years old,Female,"No, I am not colourblind",421,100,True,27,yes,yes,yes,yes,,low_sem_high_perc,Q2,low,high,13,4,3,6.345,12.638,1.0016,-0.7265,-1.4832,-1.6772,0.0943,-1.2956,-1.1122,0.5886,1.0,1.0,1.0
R_2p4X7YZ9lKvz7zz,SK-A-4469,12,none,8,2.5,-2.1561,5.0,yes,3.0,-3.0,1.0,0.5,-0.3874347530096192,-1.3874347530096192,0.6125652469903808,low,0.5714,-0.6227,-1.6227,0.3773,low,0.125,-0.8438,18-24 years old,Female,"No, I am not colourblind",421,100,True,27,yes,yes,yes,yes,,high_sem_high_perc,Q1,high,high,31,11,6,6.128,21.628,0.8686,0.1858,-0.3967,-0.7068,2.0035,-0.3059,-0.9165,0.5886,1.0,1.0,1.0
R_2p4X7YZ9lKvz7zz,SK-A-1684,13,ai,10,4.5,11.8439,8.0,yes,2.0,-2.0,1.0,0.5,-0.3874347530096192,-1.3874347530096192,0.6125652469903808,low,0.5714,-0.6227,-1.6227,0.3773,low,0.125,-0.8438,18-24 years old,Female,"No, I am not colourblind",421,100,True,27,yes,yes,yes,yes,,low_sem_low_perc,Q4,low,low,7,6,5,1.478,7.119,-1.9802,-1.0306,-1.1728,-1.0303,-1.0777,-1.0779,1.5061,0.5886,1.0,1.0,1.0
R_2p4X7YZ9lKvz7zz,SK-A-4717,14,ai,5,-0.5,-8.1561,3.0,yes,2.0,-2.0,1.0,0.5,-0.3874347530096192,-1.3874347530096192,0.6125652469903808,low,0.5714,-0.6227,-1.6227,0.3773,low,0.125,-0.8438,18-24 years old,Female,"No, I am not colourblind",421,100,True,27,yes,yes,yes,yes,,low_sem_high_perc,Q2,low,high,12,10,9,6.171,17.158,0.895,-0.7772,-0.5519,0.2636,1.0542,-0.3552,-0.0167,0.5886,1.0,1.0,1.0
R_2p4X7YZ9lKvz7zz,SK-A-1713,15,ai,10,4.5,11.8439,3.0,yes,7.0,-7.0,1.0,0.5,-0.3874347530096192,-1.3874347530096192,0.6125652469903808,low,0.5714,-0.6227,-1.6227,0.3773,low,0.125,-0.8438,18-24 years old,Female,"No, I am not colourblind",421,100,True,27,yes,yes,yes,yes,,low_sem_low_perc,Q4,low,low,15,13,10,2.989,8.961,-1.0545,-0.6251,-0.0862,0.587,-0.6866,-0.0414,-0.1003,0.5886,1.0,1.0,1.0
R_2p4X7YZ9lKvz7zz,SK-C-95,16,human,8,2.5,-2.1561,4.0,yes,4.0,-4.0,1.0,0.5,-0.3874347530096192,-1.3874347530096192,0.6125652469903808,low,0.5714,-0.6227,-1.6227,0.3773,low,0.125,-0.8438,18-24 years old,Female,"No, I am not colourblind",421,100,True,27,yes,yes,yes,yes,,low_sem_high_perc,Q2,low,high,12,10,6,5.078,11.141,0.2254,-0.7772,-0.5519,-0.7068,-0.2236,-0.6786,0.0208,0.5886,1.0,1.0,1.0
R_2p4X7YZ9lKvz7zz,SK-A-3297,17,human,10,4.5,11.8439,2.0,yes,8.0,-8.0,1.0,0.5,-0.3874347530096192,-1.3874347530096192,0.6125652469903808,low,0.5714,-0.6227,-1.6227,0.3773,low,0.125,-0.8438,18-24 years old,Female,"No, I am not colourblind",421,100,True,27,yes,yes,yes,yes,,low_sem_low_perc,Q4,low,low,17,10,7,4.118,13.599,-0.3628,-0.5237,-0.5519,-0.3834,0.2984,-0.4863,-0.4879,0.5886,1.0,1.0,1.0
R_2p4X7YZ9lKvz7zz,SK-A-110,18,none,1,-4.5,11.8439,5.0,yes,4.0,4.0,1.0,0.5,-0.3874347530096192,-1.3874347530096192,0.6125652469903808,low,0.5714,-0.6227,-1.6227,0.3773,low,0.125,-0.8438,18-24 years old,Female,"No, I am not colourblind",421,100,True,27,yes,yes,yes,yes,,low_sem_high_perc,Q2,low,high,9,7,5,5.104,15.147,0.2413,-0.9292,-1.0175,-1.0303,0.6271,-0.9923,0.0078,0.5886,1.0,1.0,1.0
R_2p4X7YZ9lKvz7zz,SK-C-1215,19,human,7,1.5,-6.1561,4.0,yes,3.0,-3.0,1.0,0.5,-0.3874347530096192,-1.3874347530096192,0.6125652469903808,low,0.5714,-0.6227,-1.6227,0.3773,low,0.125,-0.8438,18-24 years old,Female,"No, I am not colourblind",421,100,True,27,yes,yes,yes,yes,,high_sem_high_perc,Q1,high,high,24,14,8,5.533,8.134,0.5041,-0.169,0.069,-0.0599,-0.8622,-0.0533,-0.0772,0.5886,1.0,1.0,1.0
R_2p4X7YZ9lKvz7zz,SK-A-2320 A,20,human,2,-3.5,3.8439,8.0,yes,6.0,6.0,1.0,0.5,-0.3874347530096192,-1.3874347530096192,0.6125652469903808,low,0.5714,-0.6227,-1.6227,0.3773,low,0.125,-0.8438,18-24 years old,Female,"No, I am not colourblind",421,100,True,27,yes,yes,yes,yes,,high_sem_low_perc,Q3,high,low,47,24,14,4.652,11.926,-0.0356,0.9968,1.6212,1.8808,-0.0569,1.4996,0.4324,0.5886,1.0,1.0,1.0
R_2p4X7YZ9lKvz7zz,SK-A-2320 B,21,ai,6,0.5,-8.1561,9.0,yes,3.0,3.0,1.0,0.5,-0.3874347530096192,-1.3874347530096192,0.6125652469903808,low,0.5714,-0.6227,-1.6227,0.3773,low,0.125,-0.8438,18-24 years old,Female,"No, I am not colourblind",421,100,True,27,yes,yes,yes,yes,,low_sem_high_perc,Q2,low,high,11,7,4,4.974,8.222,0.1616,-0.8279,-1.0175,-1.3537,-0.8435,-1.0664,0.3704,0.5886,1.0,1.0,1.0
R_2p4X7YZ9lKvz7zz,SK-A-1756,22,none,10,4.5,11.8439,4.0,yes,6.0,-6.0,1.0,0.5,-0.3874347530096192,-1.3874347530096192,0.6125652469903808,low,0.5714,-0.6227,-1.6227,0.3773,low,0.125,-0.8438,18-24 years old,Female,"No, I am not colourblind",421,100,True,27,yes,yes,yes,yes,,high_sem_high_perc,Q1,high,high,20,12,9,5.001,12.19,0.1782,-0.3717,-0.2415,0.2636,-0.0008,-0.1165,-1.106,0.5886,1.0,1.0,1.0
R_2p4X7YZ9lKvz7zz,SK-A-2110,23,none,6,0.5,-8.1561,9.0,yes,3.0,3.0,1.0,0.5,-0.3874347530096192,-1.3874347530096192,0.6125652469903808,low,0.5714,-0.6227,-1.6227,0.3773,low,0.125,-0.8438,18-24 years old,Female,"No, I am not colourblind",421,100,True,27,yes,yes,yes,yes,,high_sem_low_perc,Q3,high,low,29,17,13,4.449,10.91,-0.16,0.0845,0.5346,1.5574,-0.2727,0.7255,0.9709,0.5886,1.0,1.0,1.0
R_2p4X7YZ9lKvz7zz,SK-C-243,24,human,9,3.5,3.8439,5.0,yes,4.0,-4.0,1.0,0.5,-0.3874347530096192,-1.3874347530096192,0.6125652469903808,low,0.5714,-0.6227,-1.6227,0.3773,low,0.125,-0.8438,18-24 years old,Female,"No, I am not colourblind",421,100,True,27,yes,yes,yes,yes,,low_sem_low_perc,Q4,low,low,14,12,6,4.052,8.426,-0.4032,-0.6758,-0.2415,-0.7068,-0.8002,-0.5414,0.1632,0.5886,1.0,1.0,1.0
R_2p4X7YZ9lKvz7zz,SK-A-3023,25,ai,6,0.5,-8.1561,7.0,yes,1.0,1.0,1.0,0.5,-0.3874347530096192,-1.3874347530096192,0.6125652469903808,low,0.5714,-0.6227,-1.6227,0.3773,low,0.125,-0.8438,18-24 years old,Female,"No, I am not colourblind",421,100,True,27,yes,yes,yes,yes,,high_sem_low_perc,Q3,high,low,24,9,6,2.609,6.171,-1.2873,-0.169,-0.7071,-0.7068,-1.2791,-0.5276,-0.4284,0.5886,1.0,1.0,1.0
R_2p4X7YZ9lKvz7zz,SK-A-1906,26,none,6,0.5,-8.1561,3.0,yes,3.0,-3.0,1.0,0.5,-0.3874347530096192,-1.3874347530096192,0.6125652469903808,low,0.5714,-0.6227,-1.6227,0.3773,low,0.125,-0.8438,18-24 years old,Female,"No, I am not colourblind",421,100,True,27,yes,yes,yes,yes,,high_sem_low_perc,Q3,high,low,43,16,11,4.708,19.343,-0.0013,0.7941,0.3794,0.9105,1.5182,0.6947,0.4853,0.5886,1.0,1.0,1.0
R_2p4X7YZ9lKvz7zz,SK-A-1940,27,human,8,2.5,-2.1561,7.0,yes,1.0,-1.0,1.0,0.5,-0.3874347530096192,-1.3874347530096192,0.6125652469903808,low,0.5714,-0.6227,-1.6227,0.3773,low,0.125,-0.8438,18-24 years old,Female,"No, I am not colourblind",421,100,True,27,yes,yes,yes,yes,,high_sem_high_perc,Q1,high,high,39,23,10,7.148,15.116,1.4935,0.5913,1.466,0.587,0.6205,0.8814,-0.3461,0.5886,1.0,1.0,1.0
R_2FapEVXtx7mpBUU,SK-A-298,1,ai,10,4.5,11.8439,6.0,yes,4.0,-4.0,1.0,0.8333333333333334,0.2744329500484805,-0.7255670499515194,1.2744329500484806,high,1.2857,0.8529,-0.1471,1.8529,high,0.375,-0.3318,18-24 years old,Female,"No, I am not colourblind",478,100,True,27,yes,yes,yes,yes,,high_sem_low_perc,Q3,high,low,22,19,12,3.588,8.258,-0.6875,-0.2703,0.8451,1.2339,-0.8359,0.6029,0.4922,1.3664,1.0,1.5,1.3333333333333333
R_2FapEVXtx7mpBUU,SK-A-3023,2,human,6,0.5,-8.1561,6.0,yes,0.0,0.0,1.0,0.8333333333333334,0.2744329500484805,-0.7255670499515194,1.2744329500484806,high,1.2857,0.8529,-0.1471,1.8529,high,0.375,-0.3318,18-24 years old,Female,"No, I am not colourblind",478,100,True,27,yes,yes,yes,yes,,high_sem_low_perc,Q3,high,low,24,9,6,2.609,6.171,-1.2873,-0.169,-0.7071,-0.7068,-1.2791,-0.5276,-0.4284,1.3664,1.0,1.5,1.3333333333333333
R_2FapEVXtx7mpBUU,SK-A-1940,3,human,10,4.5,11.8439,9.0,yes,1.0,-1.0,1.0,0.8333333333333334,0.2744329500484805,-0.7255670499515194,1.2744329500484806,high,1.2857,0.8529,-0.1471,1.8529,high,0.375,-0.3318,18-24 years old,Female,"No, I am not colourblind",478,100,True,27,yes,yes,yes,yes,,high_sem_high_perc,Q1,high,high,39,23,10,7.148,15.116,1.4935,0.5913,1.466,0.587,0.6205,0.8814,-0.3461,1.3664,1.0,1.5,1.3333333333333333
R_2FapEVXtx7mpBUU,SK-A-388,4,human,9,3.5,3.8439,7.0,yes,2.0,-2.0,1.0,0.8333333333333334,0.2744329500484805,-0.7255670499515194,1.2744329500484806,high,1.2857,0.8529,-0.1471,1.8529,high,0.375,-0.3318,18-24 years old,Female,"No, I am not colourblind",478,100,True,27,yes,yes,yes,yes,,high_sem_low_perc,Q3,high,low,52,24,12,4.026,10.43,-0.4191,1.2502,1.6212,1.2339,-0.3746,1.3684,0.1145,1.3664,1.0,1.5,1.3333333333333333
R_2FapEVXtx7mpBUU,SK-A-261,5,ai,8,2.5,-2.1561,4.0,yes,4.0,-4.0,1.0,0.8333333333333334,0.2744329500484805,-0.7255670499515194,1.2744329500484806,high,1.2857,0.8529,-0.1471,1.8529,high,0.375,-0.3318,18-24 years old,Female,"No, I am not colourblind",478,100,True,27,yes,yes,yes,yes,,low_sem_low_perc,Q4,low,low,9,8,7,4.292,16.828,-0.2562,-0.9292,-0.8623,-0.3834,0.9841,-0.725,0.1278,1.3664,1.0,1.5,1.3333333333333333
R_2FapEVXtx7mpBUU,SK-C-95,6,none,7,1.5,-6.1561,8.0,yes,1.0,1.0,1.0,0.8333333333333334,0.2744329500484805,-0.7255670499515194,1.2744329500484806,high,1.2857,0.8529,-0.1471,1.8529,high,0.375,-0.3318,18-24 years old,Female,"No, I am not colourblind",478,100,True,27,yes,yes,yes,yes,,low_sem_high_perc,Q2,low,high,12,10,6,5.078,11.141,0.2254,-0.7772,-0.5519,-0.7068,-0.2236,-0.6786,0.0208,1.3664,1.0,1.5,1.3333333333333333
R_2FapEVXtx7mpBUU,SK-A-1403,7,none,3,-2.5,-2.1561,7.0,yes,4.0,4.0,1.0,0.8333333333333334,0.2744329500484805,-0.7255670499515194,1.2744329500484806,high,1.2857,0.8529,-0.1471,1.8529,high,0.375,-0.3318,18-24 years old,Female,"No, I am not colourblind",478,100,True,27,yes,yes,yes,yes,,high_sem_high_perc,Q1,high,high,69,22,13,5.281,17.539,0.3497,2.1119,1.3107,1.5574,1.1351,1.66,0.7811,1.3664,1.0,1.5,1.3333333333333333
R_2FapEVXtx7mpBUU,SK-A-2110,8,ai,3,-2.5,-2.1561,10.0,yes,7.0,7.0,1.0,0.8333333333333334,0.2744329500484805,-0.7255670499515194,1.2744329500484806,high,1.2857,0.8529,-0.1471,1.8529,high,0.375,-0.3318,18-24 years old,Female,"No, I am not colourblind",478,100,True,27,yes,yes,yes,yes,,high_sem_low_perc,Q3,high,low,29,17,13,4.449,10.91,-0.16,0.0845,0.5346,1.5574,-0.2727,0.7255,0.9709,1.3664,1.0,1.5,1.3333333333333333
R_2FapEVXtx7mpBUU,SK-A-1574,9,human,9,3.5,3.8439,6.0,yes,3.0,-3.0,1.0,0.8333333333333334,0.2744329500484805,-0.7255670499515194,1.2744329500484806,high,1.2857,0.8529,-0.1471,1.8529,high,0.375,-0.3318,18-24 years old,Female,"No, I am not colourblind",478,100,True,27,yes,yes,yes,yes,,high_sem_high_perc,Q1,high,high,41,19,10,6.451,10.977,1.0665,0.6927,0.8451,0.587,-0.2584,0.7083,-1.9879,1.3664,1.0,1.5,1.3333333333333333
R_2FapEVXtx7mpBUU,SK-A-864,10,none,2,-3.5,3.8439,10.0,yes,8.0,8.0,1.0,0.8333333333333334,0.2744329500484805,-0.7255670499515194,1.2744329500484806,high,1.2857,0.8529,-0.1471,1.8529,high,0.375,-0.3318,18-24 years old,Female,"No, I am not colourblind",478,100,True,27,yes,yes,yes,yes,,high_sem_high_perc,Q1,high,high,66,28,11,8.181,13.079,2.1264,1.9598,2.242,0.9105,0.188,1.7041,1.4922,1.3664,1.0,1.5,1.3333333333333333
R_2FapEVXtx7mpBUU,SK-C-153,11,none,1,-4.5,11.8439,4.0,yes,3.0,3.0,1.0,0.8333333333333334,0.2744329500484805,-0.7255670499515194,1.2744329500484806,high,1.2857,0.8529,-0.1471,1.8529,high,0.375,-0.3318,18-24 years old,Female,"No, I am not colourblind",478,100,True,27,yes,yes,yes,yes,,low_sem_high_perc,Q2,low,high,14,12,8,6.72,23.164,1.2313,-0.6758,-0.2415,-0.0599,2.3297,-0.3257,0.2978,1.3664,1.0,1.5,1.3333333333333333
R_2FapEVXtx7mpBUU,SK-A-1906,12,none,1,-4.5,11.8439,6.0,yes,5.0,5.0,1.0,0.8333333333333334,0.2744329500484805,-0.7255670499515194,1.2744329500484806,high,1.2857,0.8529,-0.1471,1.8529,high,0.375,-0.3318,18-24 years old,Female,"No, I am not colourblind",478,100,True,27,yes,yes,yes,yes,,high_sem_low_perc,Q3,high,low,43,16,11,4.708,19.343,-0.0013,0.7941,0.3794,0.9105,1.5182,0.6947,0.4853,1.3664,1.0,1.5,1.3333333333333333
R_2FapEVXtx7mpBUU,SK-C-243,13,ai,6,0.5,-8.1561,3.0,yes,3.0,-3.0,1.0,0.8333333333333334,0.2744329500484805,-0.7255670499515194,1.2744329500484806,high,1.2857,0.8529,-0.1471,1.8529,high,0.375,-0.3318,18-24 years old,Female,"No, I am not colourblind",478,100,True,27,yes,yes,yes,yes,,low_sem_low_perc,Q4,low,low,14,12,6,4.052,8.426,-0.4032,-0.6758,-0.2415,-0.7068,-0.8002,-0.5414,0.1632,1.3664,1.0,1.5,1.3333333333333333
R_2FapEVXtx7mpBUU,SK-A-62,14,human,8,2.5,-2.1561,3.0,yes,5.0,-5.0,1.0,0.8333333333333334,0.2744329500484805,-0.7255670499515194,1.2744329500484806,high,1.2857,0.8529,-0.1471,1.8529,high,0.375,-0.3318,18-24 years old,Female,"No, I am not colourblind",478,100,True,27,yes,yes,yes,yes,,low_sem_low_perc,Q4,low,low,6,4,4,4.61,10.563,-0.0614,-1.0813,-1.4832,-1.3537,-0.3464,-1.3061,-1.366,1.3664,1.0,1.5,1.3333333333333333
R_2FapEVXtx7mpBUU,SK-A-4469,15,ai,5,-0.5,-8.1561,4.0,yes,1.0,-1.0,1.0,0.8333333333333334,0.2744329500484805,-0.7255670499515194,1.2744329500484806,high,1.2857,0.8529,-0.1471,1.8529,high,0.375,-0.3318,18-24 years old,Female,"No, I am not colourblind",478,100,True,27,yes,yes,yes,yes,,high_sem_high_perc,Q1,high,high,31,11,6,6.128,21.628,0.8686,0.1858,-0.3967,-0.7068,2.0035,-0.3059,-0.9165,1.3664,1.0,1.5,1.3333333333333333
R_2FapEVXtx7mpBUU,SK-A-1298,16,none,2,-3.5,3.8439,3.0,yes,1.0,1.0,1.0,0.8333333333333334,0.2744329500484805,-0.7255670499515194,1.2744329500484806,high,1.2857,0.8529,-0.1471,1.8529,high,0.375,-0.3318,18-24 years old,Female,"No, I am not colourblind",478,100,True,27,yes,yes,yes,yes,,low_sem_high_perc,Q2,low,high,13,4,3,6.345,12.638,1.0016,-0.7265,-1.4832,-1.6772,0.0943,-1.2956,-1.1122,1.3664,1.0,1.5,1.3333333333333333
R_2FapEVXtx7mpBUU,SK-A-3297,17,ai,9,3.5,3.8439,2.0,yes,7.0,-7.0,1.0,0.8333333333333334,0.2744329500484805,-0.7255670499515194,1.2744329500484806,high,1.2857,0.8529,-0.1471,1.8529,high,0.375,-0.3318,18-24 years old,Female,"No, I am not colourblind",478,100,True,27,yes,yes,yes,yes,,low_sem_low_perc,Q4,low,low,17,10,7,4.118,13.599,-0.3628,-0.5237,-0.5519,-0.3834,0.2984,-0.4863,-0.4879,1.3664,1.0,1.5,1.3333333333333333
R_2FapEVXtx7mpBUU,SK-A-232,18,human,10,4.5,11.8439,5.0,yes,5.0,-5.0,1.0,0.8333333333333334,0.2744329500484805,-0.7255670499515194,1.2744329500484806,high,1.2857,0.8529,-0.1471,1.8529,high,0.375,-0.3318,18-24 years old,Female,"No, I am not colourblind",478,100,True,27,yes,yes,yes,yes,,high_sem_low_perc,Q3,high,low,76,16,8,2.204,6.579,-1.5354,2.4667,0.3794,-0.0599,-1.1924,0.9287,0.1549,1.3664,1.0,1.5,1.3333333333333333
R_2FapEVXtx7mpBUU,SK-C-1215,19,none,2,-3.5,3.8439,7.0,yes,5.0,5.0,1.0,0.8333333333333334,0.2744329500484805,-0.7255670499515194,1.2744329500484806,high,1.2857,0.8529,-0.1471,1.8529,high,0.375,-0.3318,18-24 years old,Female,"No, I am not colourblind",478,100,True,27,yes,yes,yes,yes,,high_sem_high_perc,Q1,high,high,24,14,8,5.533,8.134,0.5041,-0.169,0.069,-0.0599,-0.8622,-0.0533,-0.0772,1.3664,1.0,1.5,1.3333333333333333
R_2FapEVXtx7mpBUU,SK-A-1684,20,ai,4,-1.5,-6.1561,9.0,yes,5.0,5.0,1.0,0.8333333333333334,0.2744329500484805,-0.7255670499515194,1.2744329500484806,high,1.2857,0.8529,-0.1471,1.8529,high,0.375,-0.3318,18-24 years old,Female,"No, I am not colourblind",478,100,True,27,yes,yes,yes,yes,,low_sem_low_perc,Q4,low,low,7,6,5,1.478,7.119,-1.9802,-1.0306,-1.1728,-1.0303,-1.0777,-1.0779,1.5061,1.3664,1.0,1.5,1.3333333333333333
R_2FapEVXtx7mpBUU,SK-A-110,21,human,9,3.5,3.8439,7.0,yes,2.0,-2.0,1.0,0.8333333333333334,0.2744329500484805,-0.7255670499515194,1.2744329500484806,high,1.2857,0.8529,-0.1471,1.8529,high,0.375,-0.3318,18-24 years old,Female,"No, I am not colourblind",478,100,True,27,yes,yes,yes,yes,,low_sem_high_perc,Q2,low,high,9,7,5,5.104,15.147,0.2413,-0.9292,-1.0175,-1.0303,0.6271,-0.9923,0.0078,1.3664,1.0,1.5,1.3333333333333333
R_2FapEVXtx7mpBUU,SK-A-2320 A,22,ai,2,-3.5,3.8439,3.0,yes,1.0,1.0,1.0,0.8333333333333334,0.2744329500484805,-0.7255670499515194,1.2744329500484806,high,1.2857,0.8529,-0.1471,1.8529,high,0.375,-0.3318,18-24 years old,Female,"No, I am not colourblind",478,100,True,27,yes,yes,yes,yes,,high_sem_low_perc,Q3,high,low,47,24,14,4.652,11.926,-0.0356,0.9968,1.6212,1.8808,-0.0569,1.4996,0.4324,1.3664,1.0,1.5,1.3333333333333333
R_2FapEVXtx7mpBUU,SK-A-87,23,ai,5,-0.5,-8.1561,3.0,yes,2.0,-2.0,1.0,0.8333333333333334,0.2744329500484805,-0.7255670499515194,1.2744329500484806,high,1.2857,0.8529,-0.1471,1.8529,high,0.375,-0.3318,18-24 years old,Female,"No, I am not colourblind",478,100,True,27,yes,yes,yes,yes,,low_sem_low_perc,Q4,low,low,16,9,4,1.284,3.991,-2.099,-0.5744,-0.7071,-1.3537,-1.742,-0.8784,0.5278,1.3664,1.0,1.5,1.3333333333333333
R_2FapEVXtx7mpBUU,SK-A-1713,24,human,8,2.5,-2.1561,4.0,yes,4.0,-4.0,1.0,0.8333333333333334,0.2744329500484805,-0.7255670499515194,1.2744329500484806,high,1.2857,0.8529,-0.1471,1.8529,high,0.375,-0.3318,18-24 years old,Female,"No, I am not colourblind",478,100,True,27,yes,yes,yes,yes,,low_sem_low_perc,Q4,low,low,15,13,10,2.989,8.961,-1.0545,-0.6251,-0.0862,0.587,-0.6866,-0.0414,-0.1003,1.3664,1.0,1.5,1.3333333333333333
R_2FapEVXtx7mpBUU,SK-A-2320 B,25,none,6,0.5,-8.1561,8.0,yes,2.0,2.0,1.0,0.8333333333333334,0.2744329500484805,-0.7255670499515194,1.2744329500484806,high,1.2857,0.8529,-0.1471,1.8529,high,0.375,-0.3318,18-24 years old,Female,"No, I am not colourblind",478,100,True,27,yes,yes,yes,yes,,low_sem_high_perc,Q2,low,high,11,7,4,4.974,8.222,0.1616,-0.8279,-1.0175,-1.3537,-0.8435,-1.0664,0.3704,1.3664,1.0,1.5,1.3333333333333333
R_2FapEVXtx7mpBUU,SK-A-1756,26,none,10,4.5,11.8439,4.0,yes,6.0,-6.0,1.0,0.8333333333333334,0.2744329500484805,-0.7255670499515194,1.2744329500484806,high,1.2857,0.8529,-0.1471,1.8529,high,0.375,-0.3318,18-24 years old,Female,"No, I am not colourblind",478,100,True,27,yes,yes,yes,yes,,high_sem_high_perc,Q1,high,high,20,12,9,5.001,12.19,0.1782,-0.3717,-0.2415,0.2636,-0.0008,-0.1165,-1.106,1.3664,1.0,1.5,1.3333333333333333
R_2FapEVXtx7mpBUU,SK-A-4717,27,human,10,4.5,11.8439,7.0,yes,3.0,-3.0,1.0,0.8333333333333334,0.2744329500484805,-0.7255670499515194,1.2744329500484806,high,1.2857,0.8529,-0.1471,1.8529,high,0.375,-0.3318,18-24 years old,Female,"No, I am not colourblind",478,100,True,27,yes,yes,yes,yes,,low_sem_high_perc,Q2,low,high,12,10,9,6.171,17.158,0.895,-0.7772,-0.5519,0.2636,1.0542,-0.3552,-0.0167,1.3664,1.0,1.5,1.3333333333333333
R_2Dj8hI09nDJrqEx,SK-A-1713,1,none,5,-0.5,-8.1561,2.0,yes,3.0,-3.0,1.0,0.0,-1.3802363075967687,-2.3802363075967685,-0.3802363075967687,low,0.5714,-0.6227,-1.6227,0.3773,low,0.0,-1.0998,35-44 years old,Male,"No, I am not colourblind",270,100,True,27,yes,yes,yes,yes,,low_sem_low_perc,Q4,low,low,15,13,10,2.989,8.961,-1.0545,-0.6251,-0.0862,0.587,-0.6866,-0.0414,-0.1003,-3.3003,0.0,0.0,0.0
R_2Dj8hI09nDJrqEx,SK-C-1215,2,ai,6,0.5,-8.1561,2.0,yes,4.0,-4.0,1.0,0.0,-1.3802363075967687,-2.3802363075967685,-0.3802363075967687,low,0.5714,-0.6227,-1.6227,0.3773,low,0.0,-1.0998,35-44 years old,Male,"No, I am not colourblind",270,100,True,27,yes,yes,yes,yes,,high_sem_high_perc,Q1,high,high,24,14,8,5.533,8.134,0.5041,-0.169,0.069,-0.0599,-0.8622,-0.0533,-0.0772,-3.3003,0.0,0.0,0.0
R_2Dj8hI09nDJrqEx,SK-A-1298,3,human,6,0.5,-8.1561,2.0,yes,4.0,-4.0,1.0,0.0,-1.3802363075967687,-2.3802363075967685,-0.3802363075967687,low,0.5714,-0.6227,-1.6227,0.3773,low,0.0,-1.0998,35-44 years old,Male,"No, I am not colourblind",270,100,True,27,yes,yes,yes,yes,,low_sem_high_perc,Q2,low,high,13,4,3,6.345,12.638,1.0016,-0.7265,-1.4832,-1.6772,0.0943,-1.2956,-1.1122,-3.3003,0.0,0.0,0.0
R_2Dj8hI09nDJrqEx,SK-C-243,4,human,8,2.5,-2.1561,1.0,yes,7.0,-7.0,1.0,0.0,-1.3802363075967687,-2.3802363075967685,-0.3802363075967687,low,0.5714,-0.6227,-1.6227,0.3773,low,0.0,-1.0998,35-44 years old,Male,"No, I am not colourblind",270,100,True,27,yes,yes,yes,yes,,low_sem_low_perc,Q4,low,low,14,12,6,4.052,8.426,-0.4032,-0.6758,-0.2415,-0.7068,-0.8002,-0.5414,0.1632,-3.3003,0.0,0.0,0.0
R_2Dj8hI09nDJrqEx,SK-A-1684,5,human,3,-2.5,-2.1561,1.0,yes,2.0,-2.0,1.0,0.0,-1.3802363075967687,-2.3802363075967685,-0.3802363075967687,low,0.5714,-0.6227,-1.6227,0.3773,low,0.0,-1.0998,35-44 years old,Male,"No, I am not colourblind",270,100,True,27,yes,yes,yes,yes,,low_sem_low_perc,Q4,low,low,7,6,5,1.478,7.119,-1.9802,-1.0306,-1.1728,-1.0303,-1.0777,-1.0779,1.5061,-3.3003,0.0,0.0,0.0
R_2Dj8hI09nDJrqEx,SK-A-864,6,human,3,-2.5,-2.1561,2.0,yes,1.0,-1.0,1.0,0.0,-1.3802363075967687,-2.3802363075967685,-0.3802363075967687,low,0.5714,-0.6227,-1.6227,0.3773,low,0.0,-1.0998,35-44 years old,Male,"No, I am not colourblind",270,100,True,27,yes,yes,yes,yes,,high_sem_high_perc,Q1,high,high,66,28,11,8.181,13.079,2.1264,1.9598,2.242,0.9105,0.188,1.7041,1.4922,-3.3003,0.0,0.0,0.0
R_2Dj8hI09nDJrqEx,SK-A-87,7,none,6,0.5,-8.1561,1.0,yes,5.0,-5.0,1.0,0.0,-1.3802363075967687,-2.3802363075967685,-0.3802363075967687,low,0.5714,-0.6227,-1.6227,0.3773,low,0.0,-1.0998,35-44 years old,Male,"No, I am not colourblind",270,100,True,27,yes,yes,yes,yes,,low_sem_low_perc,Q4,low,low,16,9,4,1.284,3.991,-2.099,-0.5744,-0.7071,-1.3537,-1.742,-0.8784,0.5278,-3.3003,0.0,0.0,0.0
R_2Dj8hI09nDJrqEx,SK-A-232,8,ai,1,-4.5,11.8439,1.0,yes,0.0,0.0,1.0,0.0,-1.3802363075967687,-2.3802363075967685,-0.3802363075967687,low,0.5714,-0.6227,-1.6227,0.3773,low,0.0,-1.0998,35-44 years old,Male,"No, I am not colourblind",270,100,True,27,yes,yes,yes,yes,,high_sem_low_perc,Q3,high,low,76,16,8,2.204,6.579,-1.5354,2.4667,0.3794,-0.0599,-1.1924,0.9287,0.1549,-3.3003,0.0,0.0,0.0
R_2Dj8hI09nDJrqEx,SK-A-4469,9,none,5,-0.5,-8.1561,1.0,yes,4.0,-4.0,1.0,0.0,-1.3802363075967687,-2.3802363075967685,-0.3802363075967687,low,0.5714,-0.6227,-1.6227,0.3773,low,0.0,-1.0998,35-44 years old,Male,"No, I am not colourblind",270,100,True,27,yes,yes,yes,yes,,high_sem_high_perc,Q1,high,high,31,11,6,6.128,21.628,0.8686,0.1858,-0.3967,-0.7068,2.0035,-0.3059,-0.9165,-3.3003,0.0,0.0,0.0
R_2Dj8hI09nDJrqEx,SK-C-95,10,human,4,-1.5,-6.1561,2.0,yes,2.0,-2.0,1.0,0.0,-1.3802363075967687,-2.3802363075967685,-0.3802363075967687,low,0.5714,-0.6227,-1.6227,0.3773,low,0.0,-1.0998,35-44 years old,Male,"No, I am not colourblind",270,100,True,27,yes,yes,yes,yes,,low_sem_high_perc,Q2,low,high,12,10,6,5.078,11.141,0.2254,-0.7772,-0.5519,-0.7068,-0.2236,-0.6786,0.0208,-3.3003,0.0,0.0,0.0
R_2Dj8hI09nDJrqEx,SK-A-298,11,human,5,-0.5,-8.1561,1.0,yes,4.0,-4.0,1.0,0.0,-1.3802363075967687,-2.3802363075967685,-0.3802363075967687,low,0.5714,-0.6227,-1.6227,0.3773,low,0.0,-1.0998,35-44 years old,Male,"No, I am not colourblind",270,100,True,27,yes,yes,yes,yes,,high_sem_low_perc,Q3,high,low,22,19,12,3.588,8.258,-0.6875,-0.2703,0.8451,1.2339,-0.8359,0.6029,0.4922,-3.3003,0.0,0.0,0.0
R_2Dj8hI09nDJrqEx,SK-A-261,12,none,6,0.5,-8.1561,2.0,yes,4.0,-4.0,1.0,0.0,-1.3802363075967687,-2.3802363075967685,-0.3802363075967687,low,0.5714,-0.6227,-1.6227,0.3773,low,0.0,-1.0998,35-44 years old,Male,"No, I am not colourblind",270,100,True,27,yes,yes,yes,yes,,low_sem_low_perc,Q4,low,low,9,8,7,4.292,16.828,-0.2562,-0.9292,-0.8623,-0.3834,0.9841,-0.725,0.1278,-3.3003,0.0,0.0,0.0
R_2Dj8hI09nDJrqEx,SK-A-1940,13,ai,1,-4.5,11.8439,3.0,yes,2.0,2.0,1.0,0.0,-1.3802363075967687,-2.3802363075967685,-0.3802363075967687,low,0.5714,-0.6227,-1.6227,0.3773,low,0.0,-1.0998,35-44 years old,Male,"No, I am not colourblind",270,100,True,27,yes,yes,yes,yes,,high_sem_high_perc,Q1,high,high,39,23,10,7.148,15.116,1.4935,0.5913,1.466,0.587,0.6205,0.8814,-0.3461,-3.3003,0.0,0.0,0.0
R_2Dj8hI09nDJrqEx,SK-A-1756,14,ai,3,-2.5,-2.1561,2.0,yes,1.0,-1.0,1.0,0.0,-1.3802363075967687,-2.3802363075967685,-0.3802363075967687,low,0.5714,-0.6227,-1.6227,0.3773,low,0.0,-1.0998,35-44 years old,Male,"No, I am not colourblind",270,100,True,27,yes,yes,yes,yes,,high_sem_high_perc,Q1,high,high,20,12,9,5.001,12.19,0.1782,-0.3717,-0.2415,0.2636,-0.0008,-0.1165,-1.106,-3.3003,0.0,0.0,0.0
R_2Dj8hI09nDJrqEx,SK-A-2320 B,15,ai,2,-3.5,3.8439,1.0,yes,1.0,-1.0,1.0,0.0,-1.3802363075967687,-2.3802363075967685,-0.3802363075967687,low,0.5714,-0.6227,-1.6227,0.3773,low,0.0,-1.0998,35-44 years old,Male,"No, I am not colourblind",270,100,True,27,yes,yes,yes,yes,,low_sem_high_perc,Q2,low,high,11,7,4,4.974,8.222,0.1616,-0.8279,-1.0175,-1.3537,-0.8435,-1.0664,0.3704,-3.3003,0.0,0.0,0.0
R_2Dj8hI09nDJrqEx,SK-C-153,16,none,5,-0.5,-8.1561,2.0,yes,3.0,-3.0,1.0,0.0,-1.3802363075967687,-2.3802363075967685,-0.3802363075967687,low,0.5714,-0.6227,-1.6227,0.3773,low,0.0,-1.0998,35-44 years old,Male,"No, I am not colourblind",270,100,True,27,yes,yes,yes,yes,,low_sem_high_perc,Q2,low,high,14,12,8,6.72,23.164,1.2313,-0.6758,-0.2415,-0.0599,2.3297,-0.3257,0.2978,-3.3003,0.0,0.0,0.0
R_2Dj8hI09nDJrqEx,SK-A-110,17,none,3,-2.5,-2.1561,2.0,yes,1.0,-1.0,1.0,0.0,-1.3802363075967687,-2.3802363075967685,-0.3802363075967687,low,0.5714,-0.6227,-1.6227,0.3773,low,0.0,-1.0998,35-44 years old,Male,"No, I am not colourblind",270,100,True,27,yes,yes,yes,yes,,low_sem_high_perc,Q2,low,high,9,7,5,5.104,15.147,0.2413,-0.9292,-1.0175,-1.0303,0.6271,-0.9923,0.0078,-3.3003,0.0,0.0,0.0
R_2Dj8hI09nDJrqEx,SK-A-1906,18,ai,8,2.5,-2.1561,2.0,yes,6.0,-6.0,1.0,0.0,-1.3802363075967687,-2.3802363075967685,-0.3802363075967687,low,0.5714,-0.6227,-1.6227,0.3773,low,0.0,-1.0998,35-44 years old,Male,"No, I am not colourblind",270,100,True,27,yes,yes,yes,yes,,high_sem_low_perc,Q3,high,low,43,16,11,4.708,19.343,-0.0013,0.7941,0.3794,0.9105,1.5182,0.6947,0.4853,-3.3003,0.0,0.0,0.0
R_2Dj8hI09nDJrqEx,SK-A-3023,19,none,8,2.5,-2.1561,1.0,yes,7.0,-7.0,1.0,0.0,-1.3802363075967687,-2.3802363075967685,-0.3802363075967687,low,0.5714,-0.6227,-1.6227,0.3773,low,0.0,-1.0998,35-44 years old,Male,"No, I am not colourblind",270,100,True,27,yes,yes,yes,yes,,high_sem_low_perc,Q3,high,low,24,9,6,2.609,6.171,-1.2873,-0.169,-0.7071,-0.7068,-1.2791,-0.5276,-0.4284,-3.3003,0.0,0.0,0.0
R_2Dj8hI09nDJrqEx,SK-A-4717,20,human,1,-4.5,11.8439,2.0,yes,1.0,1.0,1.0,0.0,-1.3802363075967687,-2.3802363075967685,-0.3802363075967687,low,0.5714,-0.6227,-1.6227,0.3773,low,0.0,-1.0998,35-44 years old,Male,"No, I am not colourblind",270,100,True,27,yes,yes,yes,yes,,low_sem_high_perc,Q2,low,high,12,10,9,6.171,17.158,0.895,-0.7772,-0.5519,0.2636,1.0542,-0.3552,-0.0167,-3.3003,0.0,0.0,0.0
R_2Dj8hI09nDJrqEx,SK-A-1574,21,ai,2,-3.5,3.8439,2.0,yes,0.0,0.0,1.0,0.0,-1.3802363075967687,-2.3802363075967685,-0.3802363075967687,low,0.5714,-0.6227,-1.6227,0.3773,low,0.0,-1.0998,35-44 years old,Male,"No, I am not colourblind",270,100,True,27,yes,yes,yes,yes,,high_sem_high_perc,Q1,high,high,41,19,10,6.451,10.977,1.0665,0.6927,0.8451,0.587,-0.2584,0.7083,-1.9879,-3.3003,0.0,0.0,0.0
R_2Dj8hI09nDJrqEx,SK-A-2320 A,22,human,1,-4.5,11.8439,2.0,yes,1.0,1.0,1.0,0.0,-1.3802363075967687,-2.3802363075967685,-0.3802363075967687,low,0.5714,-0.6227,-1.6227,0.3773,low,0.0,-1.0998,35-44 years old,Male,"No, I am not colourblind",270,100,True,27,yes,yes,yes,yes,,high_sem_low_perc,Q3,high,low,47,24,14,4.652,11.926,-0.0356,0.9968,1.6212,1.8808,-0.0569,1.4996,0.4324,-3.3003,0.0,0.0,0.0
R_2Dj8hI09nDJrqEx,SK-A-1403,23,none,5,-0.5,-8.1561,3.0,yes,2.0,-2.0,1.0,0.0,-1.3802363075967687,-2.3802363075967685,-0.3802363075967687,low,0.5714,-0.6227,-1.6227,0.3773,low,0.0,-1.0998,35-44 years old,Male,"No, I am not colourblind",270,100,True,27,yes,yes,yes,yes,,high_sem_high_perc,Q1,high,high,69,22,13,5.281,17.539,0.3497,2.1119,1.3107,1.5574,1.1351,1.66,0.7811,-3.3003,0.0,0.0,0.0
R_2Dj8hI09nDJrqEx,SK-A-62,24,ai,7,1.5,-6.1561,2.0,yes,5.0,-5.0,1.0,0.0,-1.3802363075967687,-2.3802363075967685,-0.3802363075967687,low,0.5714,-0.6227,-1.6227,0.3773,low,0.0,-1.0998,35-44 years old,Male,"No, I am not colourblind",270,100,True,27,yes,yes,yes,yes,,low_sem_low_perc,Q4,low,low,6,4,4,4.61,10.563,-0.0614,-1.0813,-1.4832,-1.3537,-0.3464,-1.3061,-1.366,-3.3003,0.0,0.0,0.0
R_2Dj8hI09nDJrqEx,SK-A-388,25,none,10,4.5,11.8439,1.0,yes,9.0,-9.0,1.0,0.0,-1.3802363075967687,-2.3802363075967685,-0.3802363075967687,low,0.5714,-0.6227,-1.6227,0.3773,low,0.0,-1.0998,35-44 years old,Male,"No, I am not colourblind",270,100,True,27,yes,yes,yes,yes,,high_sem_low_perc,Q3,high,low,52,24,12,4.026,10.43,-0.4191,1.2502,1.6212,1.2339,-0.3746,1.3684,0.1145,-3.3003,0.0,0.0,0.0
R_2Dj8hI09nDJrqEx,SK-A-3297,26,human,2,-3.5,3.8439,1.0,yes,1.0,-1.0,1.0,0.0,-1.3802363075967687,-2.3802363075967685,-0.3802363075967687,low,0.5714,-0.6227,-1.6227,0.3773,low,0.0,-1.0998,35-44 years old,Male,"No, I am not colourblind",270,100,True,27,yes,yes,yes,yes,,low_sem_low_perc,Q4,low,low,17,10,7,4.118,13.599,-0.3628,-0.5237,-0.5519,-0.3834,0.2984,-0.4863,-0.4879,-3.3003,0.0,0.0,0.0
R_2Dj8hI09nDJrqEx,SK-A-2110,27,ai,5,-0.5,-8.1561,1.0,yes,4.0,-4.0,1.0,0.0,-1.3802363075967687,-2.3802363075967685,-0.3802363075967687,low,0.5714,-0.6227,-1.6227,0.3773,low,0.0,-1.0998,35-44 years old,Male,"No, I am not colourblind",270,100,True,27,yes,yes,yes,yes,,high_sem_low_perc,Q3,high,low,29,17,13,4.449,10.91,-0.16,0.0845,0.5346,1.5574,-0.2727,0.7255,0.9709,-3.3003,0.0,0.0,0.0
R_8hvc6b7TPV903bH,SK-A-87,1,ai,9,3.5,3.8439,2.0,yes,7.0,-7.0,1.0,0.0,-1.3802363075967687,-2.3802363075967685,-0.3802363075967687,low,0.1429,-1.5079,-2.5079,-0.5079,low,0.625,0.1801,25-34 years old,Female,"No, I am not colourblind",446,100,True,27,yes,yes,yes,yes,,low_sem_low_perc,Q4,low,low,16,9,4,1.284,3.991,-2.099,-0.5744,-0.7071,-1.3537,-1.742,-0.8784,0.5278,-1.7447,0.0,0.0,0.0
R_8hvc6b7TPV903bH,SK-A-298,2,human,9,3.5,3.8439,3.0,yes,6.0,-6.0,1.0,0.0,-1.3802363075967687,-2.3802363075967685,-0.3802363075967687,low,0.1429,-1.5079,-2.5079,-0.5079,low,0.625,0.1801,25-34 years old,Female,"No, I am not colourblind",446,100,True,27,yes,yes,yes,yes,,high_sem_low_perc,Q3,high,low,22,19,12,3.588,8.258,-0.6875,-0.2703,0.8451,1.2339,-0.8359,0.6029,0.4922,-1.7447,0.0,0.0,0.0
R_8hvc6b7TPV903bH,SK-C-1215,3,none,7,1.5,-6.1561,3.0,yes,4.0,-4.0,1.0,0.0,-1.3802363075967687,-2.3802363075967685,-0.3802363075967687,low,0.1429,-1.5079,-2.5079,-0.5079,low,0.625,0.1801,25-34 years old,Female,"No, I am not colourblind",446,100,True,27,yes,yes,yes,yes,,high_sem_high_perc,Q1,high,high,24,14,8,5.533,8.134,0.5041,-0.169,0.069,-0.0599,-0.8622,-0.0533,-0.0772,-1.7447,0.0,0.0,0.0
R_8hvc6b7TPV903bH,SK-A-1940,4,none,4,-1.5,-6.1561,4.0,yes,0.0,0.0,1.0,0.0,-1.3802363075967687,-2.3802363075967685,-0.3802363075967687,low,0.1429,-1.5079,-2.5079,-0.5079,low,0.625,0.1801,25-34 years old,Female,"No, I am not colourblind",446,100,True,27,yes,yes,yes,yes,,high_sem_high_perc,Q1,high,high,39,23,10,7.148,15.116,1.4935,0.5913,1.466,0.587,0.6205,0.8814,-0.3461,-1.7447,0.0,0.0,0.0
R_8hvc6b7TPV903bH,SK-A-1684,5,none,4,-1.5,-6.1561,3.0,yes,1.0,-1.0,1.0,0.0,-1.3802363075967687,-2.3802363075967685,-0.3802363075967687,low,0.1429,-1.5079,-2.5079,-0.5079,low,0.625,0.1801,25-34 years old,Female,"No, I am not colourblind",446,100,True,27,yes,yes,yes,yes,,low_sem_low_perc,Q4,low,low,7,6,5,1.478,7.119,-1.9802,-1.0306,-1.1728,-1.0303,-1.0777,-1.0779,1.5061,-1.7447,0.0,0.0,0.0
R_8hvc6b7TPV903bH,SK-A-1298,6,ai,8,2.5,-2.1561,4.0,yes,4.0,-4.0,1.0,0.0,-1.3802363075967687,-2.3802363075967685,-0.3802363075967687,low,0.1429,-1.5079,-2.5079,-0.5079,low,0.625,0.1801,25-34 years old,Female,"No, I am not colourblind",446,100,True,27,yes,yes,yes,yes,,low_sem_high_perc,Q2,low,high,13,4,3,6.345,12.638,1.0016,-0.7265,-1.4832,-1.6772,0.0943,-1.2956,-1.1122,-1.7447,0.0,0.0,0.0
R_8hvc6b7TPV903bH,SK-C-153,7,human,8,2.5,-2.1561,2.0,yes,6.0,-6.0,1.0,0.0,-1.3802363075967687,-2.3802363075967685,-0.3802363075967687,low,0.1429,-1.5079,-2.5079,-0.5079,low,0.625,0.1801,25-34 years old,Female,"No, I am not colourblind",446,100,True,27,yes,yes,yes,yes,,low_sem_high_perc,Q2,low,high,14,12,8,6.72,23.164,1.2313,-0.6758,-0.2415,-0.0599,2.3297,-0.3257,0.2978,-1.7447,0.0,0.0,0.0
R_8hvc6b7TPV903bH,SK-A-261,8,none,1,-4.5,11.8439,4.0,yes,3.0,3.0,1.0,0.0,-1.3802363075967687,-2.3802363075967685,-0.3802363075967687,low,0.1429,-1.5079,-2.5079,-0.5079,low,0.625,0.1801,25-34 years old,Female,"No, I am not colourblind",446,100,True,27,yes,yes,yes,yes,,low_sem_low_perc,Q4,low,low,9,8,7,4.292,16.828,-0.2562,-0.9292,-0.8623,-0.3834,0.9841,-0.725,0.1278,-1.7447,0.0,0.0,0.0
R_8hvc6b7TPV903bH,SK-C-95,9,ai,1,-4.5,11.8439,2.0,yes,1.0,1.0,1.0,0.0,-1.3802363075967687,-2.3802363075967685,-0.3802363075967687,low,0.1429,-1.5079,-2.5079,-0.5079,low,0.625,0.1801,25-34 years old,Female,"No, I am not colourblind",446,100,True,27,yes,yes,yes,yes,,low_sem_high_perc,Q2,low,high,12,10,6,5.078,11.141,0.2254,-0.7772,-0.5519,-0.7068,-0.2236,-0.6786,0.0208,-1.7447,0.0,0.0,0.0
R_8hvc6b7TPV903bH,SK-A-3023,10,human,2,-3.5,3.8439,1.0,yes,1.0,-1.0,1.0,0.0,-1.3802363075967687,-2.3802363075967685,-0.3802363075967687,low,0.1429,-1.5079,-2.5079,-0.5079,low,0.625,0.1801,25-34 years old,Female,"No, I am not colourblind",446,100,True,27,yes,yes,yes,yes,,high_sem_low_perc,Q3,high,low,24,9,6,2.609,6.171,-1.2873,-0.169,-0.7071,-0.7068,-1.2791,-0.5276,-0.4284,-1.7447,0.0,0.0,0.0
R_8hvc6b7TPV903bH,SK-A-864,11,ai,9,3.5,3.8439,4.0,yes,5.0,-5.0,1.0,0.0,-1.3802363075967687,-2.3802363075967685,-0.3802363075967687,low,0.1429,-1.5079,-2.5079,-0.5079,low,0.625,0.1801,25-34 years old,Female,"No, I am not colourblind",446,100,True,27,yes,yes,yes,yes,,high_sem_high_perc,Q1,high,high,66,28,11,8.181,13.079,2.1264,1.9598,2.242,0.9105,0.188,1.7041,1.4922,-1.7447,0.0,0.0,0.0
R_8hvc6b7TPV903bH,SK-A-1756,12,human,5,-0.5,-8.1561,4.0,yes,1.0,-1.0,1.0,0.0,-1.3802363075967687,-2.3802363075967685,-0.3802363075967687,low,0.1429,-1.5079,-2.5079,-0.5079,low,0.625,0.1801,25-34 years old,Female,"No, I am not colourblind",446,100,True,27,yes,yes,yes,yes,,high_sem_high_perc,Q1,high,high,20,12,9,5.001,12.19,0.1782,-0.3717,-0.2415,0.2636,-0.0008,-0.1165,-1.106,-1.7447,0.0,0.0,0.0
R_8hvc6b7TPV903bH,SK-A-1713,13,none,3,-2.5,-2.1561,3.0,yes,0.0,0.0,1.0,0.0,-1.3802363075967687,-2.3802363075967685,-0.3802363075967687,low,0.1429,-1.5079,-2.5079,-0.5079,low,0.625,0.1801,25-34 years old,Female,"No, I am not colourblind",446,100,True,27,yes,yes,yes,yes,,low_sem_low_perc,Q4,low,low,15,13,10,2.989,8.961,-1.0545,-0.6251,-0.0862,0.587,-0.6866,-0.0414,-0.1003,-1.7447,0.0,0.0,0.0
R_8hvc6b7TPV903bH,SK-A-4469,14,human,6,0.5,-8.1561,3.0,yes,3.0,-3.0,1.0,0.0,-1.3802363075967687,-2.3802363075967685,-0.3802363075967687,low,0.1429,-1.5079,-2.5079,-0.5079,low,0.625,0.1801,25-34 years old,Female,"No, I am not colourblind",446,100,True,27,yes,yes,yes,yes,,high_sem_high_perc,Q1,high,high,31,11,6,6.128,21.628,0.8686,0.1858,-0.3967,-0.7068,2.0035,-0.3059,-0.9165,-1.7447,0.0,0.0,0.0
R_8hvc6b7TPV903bH,SK-A-1906,15,human,7,1.5,-6.1561,4.0,yes,3.0,-3.0,1.0,0.0,-1.3802363075967687,-2.3802363075967685,-0.3802363075967687,low,0.1429,-1.5079,-2.5079,-0.5079,low,0.625,0.1801,25-34 years old,Female,"No, I am not colourblind",446,100,True,27,yes,yes,yes,yes,,high_sem_low_perc,Q3,high,low,43,16,11,4.708,19.343,-0.0013,0.7941,0.3794,0.9105,1.5182,0.6947,0.4853,-1.7447,0.0,0.0,0.0
R_8hvc6b7TPV903bH,SK-C-243,16,none,7,1.5,-6.1561,2.0,yes,5.0,-5.0,1.0,0.0,-1.3802363075967687,-2.3802363075967685,-0.3802363075967687,low,0.1429,-1.5079,-2.5079,-0.5079,low,0.625,0.1801,25-34 years old,Female,"No, I am not colourblind",446,100,True,27,yes,yes,yes,yes,,low_sem_low_perc,Q4,low,low,14,12,6,4.052,8.426,-0.4032,-0.6758,-0.2415,-0.7068,-0.8002,-0.5414,0.1632,-1.7447,0.0,0.0,0.0
R_8hvc6b7TPV903bH,SK-A-62,17,human,10,4.5,11.8439,4.0,yes,6.0,-6.0,1.0,0.0,-1.3802363075967687,-2.3802363075967685,-0.3802363075967687,low,0.1429,-1.5079,-2.5079,-0.5079,low,0.625,0.1801,25-34 years old,Female,"No, I am not colourblind",446,100,True,27,yes,yes,yes,yes,,low_sem_low_perc,Q4,low,low,6,4,4,4.61,10.563,-0.0614,-1.0813,-1.4832,-1.3537,-0.3464,-1.3061,-1.366,-1.7447,0.0,0.0,0.0
R_8hvc6b7TPV903bH,SK-A-2110,18,none,7,1.5,-6.1561,3.0,yes,4.0,-4.0,1.0,0.0,-1.3802363075967687,-2.3802363075967685,-0.3802363075967687,low,0.1429,-1.5079,-2.5079,-0.5079,low,0.625,0.1801,25-34 years old,Female,"No, I am not colourblind",446,100,True,27,yes,yes,yes,yes,,high_sem_low_perc,Q3,high,low,29,17,13,4.449,10.91,-0.16,0.0845,0.5346,1.5574,-0.2727,0.7255,0.9709,-1.7447,0.0,0.0,0.0
R_8hvc6b7TPV903bH,SK-A-1574,19,none,5,-0.5,-8.1561,2.0,yes,3.0,-3.0,1.0,0.0,-1.3802363075967687,-2.3802363075967685,-0.3802363075967687,low,0.1429,-1.5079,-2.5079,-0.5079,low,0.625,0.1801,25-34 years old,Female,"No, I am not colourblind",446,100,True,27,yes,yes,yes,yes,,high_sem_high_perc,Q1,high,high,41,19,10,6.451,10.977,1.0665,0.6927,0.8451,0.587,-0.2584,0.7083,-1.9879,-1.7447,0.0,0.0,0.0
R_8hvc6b7TPV903bH,SK-A-232,20,human,6,0.5,-8.1561,1.0,yes,5.0,-5.0,1.0,0.0,-1.3802363075967687,-2.3802363075967685,-0.3802363075967687,low,0.1429,-1.5079,-2.5079,-0.5079,low,0.625,0.1801,25-34 years old,Female,"No, I am not colourblind",446,100,True,27,yes,yes,yes,yes,,high_sem_low_perc,Q3,high,low,76,16,8,2.204,6.579,-1.5354,2.4667,0.3794,-0.0599,-1.1924,0.9287,0.1549,-1.7447,0.0,0.0,0.0
R_8hvc6b7TPV903bH,SK-A-110,21,ai,10,4.5,11.8439,3.0,yes,7.0,-7.0,1.0,0.0,-1.3802363075967687,-2.3802363075967685,-0.3802363075967687,low,0.1429,-1.5079,-2.5079,-0.5079,low,0.625,0.1801,25-34 years old,Female,"No, I am not colourblind",446,100,True,27,yes,yes,yes,yes,,low_sem_high_perc,Q2,low,high,9,7,5,5.104,15.147,0.2413,-0.9292,-1.0175,-1.0303,0.6271,-0.9923,0.0078,-1.7447,0.0,0.0,0.0
R_8hvc6b7TPV903bH,SK-A-388,22,ai,9,3.5,3.8439,4.0,yes,5.0,-5.0,1.0,0.0,-1.3802363075967687,-2.3802363075967685,-0.3802363075967687,low,0.1429,-1.5079,-2.5079,-0.5079,low,0.625,0.1801,25-34 years old,Female,"No, I am not colourblind",446,100,True,27,yes,yes,yes,yes,,high_sem_low_perc,Q3,high,low,52,24,12,4.026,10.43,-0.4191,1.2502,1.6212,1.2339,-0.3746,1.3684,0.1145,-1.7447,0.0,0.0,0.0
R_8hvc6b7TPV903bH,SK-A-1403,23,none,5,-0.5,-8.1561,5.0,yes,0.0,0.0,1.0,0.0,-1.3802363075967687,-2.3802363075967685,-0.3802363075967687,low,0.1429,-1.5079,-2.5079,-0.5079,low,0.625,0.1801,25-34 years old,Female,"No, I am not colourblind",446,100,True,27,yes,yes,yes,yes,,high_sem_high_perc,Q1,high,high,69,22,13,5.281,17.539,0.3497,2.1119,1.3107,1.5574,1.1351,1.66,0.7811,-1.7447,0.0,0.0,0.0
R_8hvc6b7TPV903bH,SK-A-4717,24,ai,9,3.5,3.8439,6.0,yes,3.0,-3.0,1.0,0.0,-1.3802363075967687,-2.3802363075967685,-0.3802363075967687,low,0.1429,-1.5079,-2.5079,-0.5079,low,0.625,0.1801,25-34 years old,Female,"No, I am not colourblind",446,100,True,27,yes,yes,yes,yes,,low_sem_high_perc,Q2,low,high,12,10,9,6.171,17.158,0.895,-0.7772,-0.5519,0.2636,1.0542,-0.3552,-0.0167,-1.7447,0.0,0.0,0.0
R_8hvc6b7TPV903bH,SK-A-3297,25,human,1,-4.5,11.8439,3.0,yes,2.0,2.0,1.0,0.0,-1.3802363075967687,-2.3802363075967685,-0.3802363075967687,low,0.1429,-1.5079,-2.5079,-0.5079,low,0.625,0.1801,25-34 years old,Female,"No, I am not colourblind",446,100,True,27,yes,yes,yes,yes,,low_sem_low_perc,Q4,low,low,17,10,7,4.118,13.599,-0.3628,-0.5237,-0.5519,-0.3834,0.2984,-0.4863,-0.4879,-1.7447,0.0,0.0,0.0
R_8hvc6b7TPV903bH,SK-A-2320 A,26,ai,7,1.5,-6.1561,3.0,yes,4.0,-4.0,1.0,0.0,-1.3802363075967687,-2.3802363075967685,-0.3802363075967687,low,0.1429,-1.5079,-2.5079,-0.5079,low,0.625,0.1801,25-34 years old,Female,"No, I am not colourblind",446,100,True,27,yes,yes,yes,yes,,high_sem_low_perc,Q3,high,low,47,24,14,4.652,11.926,-0.0356,0.9968,1.6212,1.8808,-0.0569,1.4996,0.4324,-1.7447,0.0,0.0,0.0
R_8hvc6b7TPV903bH,SK-A-2320 B,27,ai,9,3.5,3.8439,3.0,yes,6.0,-6.0,1.0,0.0,-1.3802363075967687,-2.3802363075967685,-0.3802363075967687,low,0.1429,-1.5079,-2.5079,-0.5079,low,0.625,0.1801,25-34 years old,Female,"No, I am not colourblind",446,100,True,27,yes,yes,yes,yes,,low_sem_high_perc,Q2,low,high,11,7,4,4.974,8.222,0.1616,-0.8279,-1.0175,-1.3537,-0.8435,-1.0664,0.3704,-1.7447,0.0,0.0,0.0
R_22al6Woi4PDo1sI,SK-A-232,1,ai,9,3.5,3.8439,6.0,yes,3.0,-3.0,1.0,0.3333333333333333,-0.7183686045386691,-1.7183686045386692,0.2816313954613308,low,0.8571,-0.0325,-1.0325,0.9675,low,0.375,-0.3318,18-24 years old,Female,"No, I am not colourblind",200,100,True,27,yes,yes,yes,yes,,high_sem_low_perc,Q3,high,low,76,16,8,2.204,6.579,-1.5354,2.4667,0.3794,-0.0599,-1.1924,0.9287,0.1549,-0.078,0.0,0.5,0.3333333333333333
R_22al6Woi4PDo1sI,SK-A-864,2,human,3,-2.5,-2.1561,4.0,yes,1.0,1.0,1.0,0.3333333333333333,-0.7183686045386691,-1.7183686045386692,0.2816313954613308,low,0.8571,-0.0325,-1.0325,0.9675,low,0.375,-0.3318,18-24 years old,Female,"No, I am not colourblind",200,100,True,27,yes,yes,yes,yes,,high_sem_high_perc,Q1,high,high,66,28,11,8.181,13.079,2.1264,1.9598,2.242,0.9105,0.188,1.7041,1.4922,-0.078,0.0,0.5,0.3333333333333333
R_22al6Woi4PDo1sI,SK-A-298,3,none,1,-4.5,11.8439,6.0,yes,5.0,5.0,1.0,0.3333333333333333,-0.7183686045386691,-1.7183686045386692,0.2816313954613308,low,0.8571,-0.0325,-1.0325,0.9675,low,0.375,-0.3318,18-24 years old,Female,"No, I am not colourblind",200,100,True,27,yes,yes,yes,yes,,high_sem_low_perc,Q3,high,low,22,19,12,3.588,8.258,-0.6875,-0.2703,0.8451,1.2339,-0.8359,0.6029,0.4922,-0.078,0.0,0.5,0.3333333333333333
R_22al6Woi4PDo1sI,SK-A-261,4,none,9,3.5,3.8439,3.0,yes,6.0,-6.0,1.0,0.3333333333333333,-0.7183686045386691,-1.7183686045386692,0.2816313954613308,low,0.8571,-0.0325,-1.0325,0.9675,low,0.375,-0.3318,18-24 years old,Female,"No, I am not colourblind",200,100,True,27,yes,yes,yes,yes,,low_sem_low_perc,Q4,low,low,9,8,7,4.292,16.828,-0.2562,-0.9292,-0.8623,-0.3834,0.9841,-0.725,0.1278,-0.078,0.0,0.5,0.3333333333333333
R_22al6Woi4PDo1sI,SK-A-1713,5,none,6,0.5,-8.1561,4.0,yes,2.0,-2.0,1.0,0.3333333333333333,-0.7183686045386691,-1.7183686045386692,0.2816313954613308,low,0.8571,-0.0325,-1.0325,0.9675,low,0.375,-0.3318,18-24 years old,Female,"No, I am not colourblind",200,100,True,27,yes,yes,yes,yes,,low_sem_low_perc,Q4,low,low,15,13,10,2.989,8.961,-1.0545,-0.6251,-0.0862,0.587,-0.6866,-0.0414,-0.1003,-0.078,0.0,0.5,0.3333333333333333
R_22al6Woi4PDo1sI,SK-A-1684,6,ai,1,-4.5,11.8439,6.0,yes,5.0,5.0,1.0,0.3333333333333333,-0.7183686045386691,-1.7183686045386692,0.2816313954613308,low,0.8571,-0.0325,-1.0325,0.9675,low,0.375,-0.3318,18-24 years old,Female,"No, I am not colourblind",200,100,True,27,yes,yes,yes,yes,,low_sem_low_perc,Q4,low,low,7,6,5,1.478,7.119,-1.9802,-1.0306,-1.1728,-1.0303,-1.0777,-1.0779,1.5061,-0.078,0.0,0.5,0.3333333333333333
R_22al6Woi4PDo1sI,SK-A-3023,7,human,2,-3.5,3.8439,5.0,yes,3.0,3.0,1.0,0.3333333333333333,-0.7183686045386691,-1.7183686045386692,0.2816313954613308,low,0.8571,-0.0325,-1.0325,0.9675,low,0.375,-0.3318,18-24 years old,Female,"No, I am not colourblind",200,100,True,27,yes,yes,yes,yes,,high_sem_low_perc,Q3,high,low,24,9,6,2.609,6.171,-1.2873,-0.169,-0.7071,-0.7068,-1.2791,-0.5276,-0.4284,-0.078,0.0,0.5,0.3333333333333333
R_22al6Woi4PDo1sI,SK-A-1403,8,ai,8,2.5,-2.1561,2.0,yes,6.0,-6.0,1.0,0.3333333333333333,-0.7183686045386691,-1.7183686045386692,0.2816313954613308,low,0.8571,-0.0325,-1.0325,0.9675,low,0.375,-0.3318,18-24 years old,Female,"No, I am not colourblind",200,100,True,27,yes,yes,yes,yes,,high_sem_high_perc,Q1,high,high,69,22,13,5.281,17.539,0.3497,2.1119,1.3107,1.5574,1.1351,1.66,0.7811,-0.078,0.0,0.5,0.3333333333333333
R_22al6Woi4PDo1sI,SK-A-62,9,ai,9,3.5,3.8439,2.0,yes,7.0,-7.0,1.0,0.3333333333333333,-0.7183686045386691,-1.7183686045386692,0.2816313954613308,low,0.8571,-0.0325,-1.0325,0.9675,low,0.375,-0.3318,18-24 years old,Female,"No, I am not colourblind",200,100,True,27,yes,yes,yes,yes,,low_sem_low_perc,Q4,low,low,6,4,4,4.61,10.563,-0.0614,-1.0813,-1.4832,-1.3537,-0.3464,-1.3061,-1.366,-0.078,0.0,0.5,0.3333333333333333
R_22al6Woi4PDo1sI,SK-A-3297,10,none,2,-3.5,3.8439,7.0,yes,5.0,5.0,1.0,0.3333333333333333,-0.7183686045386691,-1.7183686045386692,0.2816313954613308,low,0.8571,-0.0325,-1.0325,0.9675,low,0.375,-0.3318,18-24 years old,Female,"No, I am not colourblind",200,100,True,27,yes,yes,yes,yes,,low_sem_low_perc,Q4,low,low,17,10,7,4.118,13.599,-0.3628,-0.5237,-0.5519,-0.3834,0.2984,-0.4863,-0.4879,-0.078,0.0,0.5,0.3333333333333333
R_22al6Woi4PDo1sI,SK-A-2320 B,11,human,2,-3.5,3.8439,3.0,yes,1.0,1.0,1.0,0.3333333333333333,-0.7183686045386691,-1.7183686045386692,0.2816313954613308,low,0.8571,-0.0325,-1.0325,0.9675,low,0.375,-0.3318,18-24 years old,Female,"No, I am not colourblind",200,100,True,27,yes,yes,yes,yes,,low_sem_high_perc,Q2,low,high,11,7,4,4.974,8.222,0.1616,-0.8279,-1.0175,-1.3537,-0.8435,-1.0664,0.3704,-0.078,0.0,0.5,0.3333333333333333
R_22al6Woi4PDo1sI,SK-A-2320 A,12,ai,10,4.5,11.8439,5.0,yes,5.0,-5.0,1.0,0.3333333333333333,-0.7183686045386691,-1.7183686045386692,0.2816313954613308,low,0.8571,-0.0325,-1.0325,0.9675,low,0.375,-0.3318,18-24 years old,Female,"No, I am not colourblind",200,100,True,27,yes,yes,yes,yes,,high_sem_low_perc,Q3,high,low,47,24,14,4.652,11.926,-0.0356,0.9968,1.6212,1.8808,-0.0569,1.4996,0.4324,-0.078,0.0,0.5,0.3333333333333333
R_22al6Woi4PDo1sI,SK-C-1215,13,ai,9,3.5,3.8439,2.0,yes,7.0,-7.0,1.0,0.3333333333333333,-0.7183686045386691,-1.7183686045386692,0.2816313954613308,low,0.8571,-0.0325,-1.0325,0.9675,low,0.375,-0.3318,18-24 years old,Female,"No, I am not colourblind",200,100,True,27,yes,yes,yes,yes,,high_sem_high_perc,Q1,high,high,24,14,8,5.533,8.134,0.5041,-0.169,0.069,-0.0599,-0.8622,-0.0533,-0.0772,-0.078,0.0,0.5,0.3333333333333333
R_22al6Woi4PDo1sI,SK-C-243,14,ai,3,-2.5,-2.1561,4.0,yes,1.0,1.0,1.0,0.3333333333333333,-0.7183686045386691,-1.7183686045386692,0.2816313954613308,low,0.8571,-0.0325,-1.0325,0.9675,low,0.375,-0.3318,18-24 years old,Female,"No, I am not colourblind",200,100,True,27,yes,yes,yes,yes,,low_sem_low_perc,Q4,low,low,14,12,6,4.052,8.426,-0.4032,-0.6758,-0.2415,-0.7068,-0.8002,-0.5414,0.1632,-0.078,0.0,0.5,0.3333333333333333
R_22al6Woi4PDo1sI,SK-A-1574,15,human,1,-4.5,11.8439,3.0,yes,2.0,2.0,1.0,0.3333333333333333,-0.7183686045386691,-1.7183686045386692,0.2816313954613308,low,0.8571,-0.0325,-1.0325,0.9675,low,0.375,-0.3318,18-24 years old,Female,"No, I am not colourblind",200,100,True,27,yes,yes,yes,yes,,high_sem_high_perc,Q1,high,high,41,19,10,6.451,10.977,1.0665,0.6927,0.8451,0.587,-0.2584,0.7083,-1.9879,-0.078,0.0,0.5,0.3333333333333333
R_22al6Woi4PDo1sI,SK-A-2110,16,human,3,-2.5,-2.1561,8.0,yes,5.0,5.0,1.0,0.3333333333333333,-0.7183686045386691,-1.7183686045386692,0.2816313954613308,low,0.8571,-0.0325,-1.0325,0.9675,low,0.375,-0.3318,18-24 years old,Female,"No, I am not colourblind",200,100,True,27,yes,yes,yes,yes,,high_sem_low_perc,Q3,high,low,29,17,13,4.449,10.91,-0.16,0.0845,0.5346,1.5574,-0.2727,0.7255,0.9709,-0.078,0.0,0.5,0.3333333333333333
R_22al6Woi4PDo1sI,SK-A-1906,17,none,4,-1.5,-6.1561,2.0,yes,2.0,-2.0,1.0,0.3333333333333333,-0.7183686045386691,-1.7183686045386692,0.2816313954613308,low,0.8571,-0.0325,-1.0325,0.9675,low,0.375,-0.3318,18-24 years old,Female,"No, I am not colourblind",200,100,True,27,yes,yes,yes,yes,,high_sem_low_perc,Q3,high,low,43,16,11,4.708,19.343,-0.0013,0.7941,0.3794,0.9105,1.5182,0.6947,0.4853,-0.078,0.0,0.5,0.3333333333333333
R_22al6Woi4PDo1sI,SK-A-4469,18,human,10,4.5,11.8439,1.0,yes,9.0,-9.0,1.0,0.3333333333333333,-0.7183686045386691,-1.7183686045386692,0.2816313954613308,low,0.8571,-0.0325,-1.0325,0.9675,low,0.375,-0.3318,18-24 years old,Female,"No, I am not colourblind",200,100,True,27,yes,yes,yes,yes,,high_sem_high_perc,Q1,high,high,31,11,6,6.128,21.628,0.8686,0.1858,-0.3967,-0.7068,2.0035,-0.3059,-0.9165,-0.078,0.0,0.5,0.3333333333333333
R_22al6Woi4PDo1sI,SK-A-1940,19,ai,4,-1.5,-6.1561,3.0,yes,1.0,-1.0,1.0,0.3333333333333333,-0.7183686045386691,-1.7183686045386692,0.2816313954613308,low,0.8571,-0.0325,-1.0325,0.9675,low,0.375,-0.3318,18-24 years old,Female,"No, I am not colourblind",200,100,True,27,yes,yes,yes,yes,,high_sem_high_perc,Q1,high,high,39,23,10,7.148,15.116,1.4935,0.5913,1.466,0.587,0.6205,0.8814,-0.3461,-0.078,0.0,0.5,0.3333333333333333
R_22al6Woi4PDo1sI,SK-A-1298,20,ai,1,-4.5,11.8439,4.0,yes,3.0,3.0,1.0,0.3333333333333333,-0.7183686045386691,-1.7183686045386692,0.2816313954613308,low,0.8571,-0.0325,-1.0325,0.9675,low,0.375,-0.3318,18-24 years old,Female,"No, I am not colourblind",200,100,True,27,yes,yes,yes,yes,,low_sem_high_perc,Q2,low,high,13,4,3,6.345,12.638,1.0016,-0.7265,-1.4832,-1.6772,0.0943,-1.2956,-1.1122,-0.078,0.0,0.5,0.3333333333333333
R_22al6Woi4PDo1sI,SK-C-153,21,none,9,3.5,3.8439,4.0,yes,5.0,-5.0,1.0,0.3333333333333333,-0.7183686045386691,-1.7183686045386692,0.2816313954613308,low,0.8571,-0.0325,-1.0325,0.9675,low,0.375,-0.3318,18-24 years old,Female,"No, I am not colourblind",200,100,True,27,yes,yes,yes,yes,,low_sem_high_perc,Q2,low,high,14,12,8,6.72,23.164,1.2313,-0.6758,-0.2415,-0.0599,2.3297,-0.3257,0.2978,-0.078,0.0,0.5,0.3333333333333333
R_22al6Woi4PDo1sI,SK-A-110,22,none,2,-3.5,3.8439,8.0,yes,6.0,6.0,1.0,0.3333333333333333,-0.7183686045386691,-1.7183686045386692,0.2816313954613308,low,0.8571,-0.0325,-1.0325,0.9675,low,0.375,-0.3318,18-24 years old,Female,"No, I am not colourblind",200,100,True,27,yes,yes,yes,yes,,low_sem_high_perc,Q2,low,high,9,7,5,5.104,15.147,0.2413,-0.9292,-1.0175,-1.0303,0.6271,-0.9923,0.0078,-0.078,0.0,0.5,0.3333333333333333
R_22al6Woi4PDo1sI,SK-A-4717,23,human,4,-1.5,-6.1561,7.0,yes,3.0,3.0,1.0,0.3333333333333333,-0.7183686045386691,-1.7183686045386692,0.2816313954613308,low,0.8571,-0.0325,-1.0325,0.9675,low,0.375,-0.3318,18-24 years old,Female,"No, I am not colourblind",200,100,True,27,yes,yes,yes,yes,,low_sem_high_perc,Q2,low,high,12,10,9,6.171,17.158,0.895,-0.7772,-0.5519,0.2636,1.0542,-0.3552,-0.0167,-0.078,0.0,0.5,0.3333333333333333
R_22al6Woi4PDo1sI,SK-A-87,24,human,5,-0.5,-8.1561,6.0,yes,1.0,1.0,1.0,0.3333333333333333,-0.7183686045386691,-1.7183686045386692,0.2816313954613308,low,0.8571,-0.0325,-1.0325,0.9675,low,0.375,-0.3318,18-24 years old,Female,"No, I am not colourblind",200,100,True,27,yes,yes,yes,yes,,low_sem_low_perc,Q4,low,low,16,9,4,1.284,3.991,-2.099,-0.5744,-0.7071,-1.3537,-1.742,-0.8784,0.5278,-0.078,0.0,0.5,0.3333333333333333
R_22al6Woi4PDo1sI,SK-C-95,25,human,4,-1.5,-6.1561,6.0,yes,2.0,2.0,1.0,0.3333333333333333,-0.7183686045386691,-1.7183686045386692,0.2816313954613308,low,0.8571,-0.0325,-1.0325,0.9675,low,0.375,-0.3318,18-24 years old,Female,"No, I am not colourblind",200,100,True,27,yes,yes,yes,yes,,low_sem_high_perc,Q2,low,high,12,10,6,5.078,11.141,0.2254,-0.7772,-0.5519,-0.7068,-0.2236,-0.6786,0.0208,-0.078,0.0,0.5,0.3333333333333333
R_22al6Woi4PDo1sI,SK-A-388,26,none,2,-3.5,3.8439,8.0,yes,6.0,6.0,1.0,0.3333333333333333,-0.7183686045386691,-1.7183686045386692,0.2816313954613308,low,0.8571,-0.0325,-1.0325,0.9675,low,0.375,-0.3318,18-24 years old,Female,"No, I am not colourblind",200,100,True,27,yes,yes,yes,yes,,high_sem_low_perc,Q3,high,low,52,24,12,4.026,10.43,-0.4191,1.2502,1.6212,1.2339,-0.3746,1.3684,0.1145,-0.078,0.0,0.5,0.3333333333333333
R_22al6Woi4PDo1sI,SK-A-1756,27,none,7,1.5,-6.1561,2.0,yes,5.0,-5.0,1.0,0.3333333333333333,-0.7183686045386691,-1.7183686045386692,0.2816313954613308,low,0.8571,-0.0325,-1.0325,0.9675,low,0.375,-0.3318,18-24 years old,Female,"No, I am not colourblind",200,100,True,27,yes,yes,yes,yes,,high_sem_high_perc,Q1,high,high,20,12,9,5.001,12.19,0.1782,-0.3717,-0.2415,0.2636,-0.0008,-0.1165,-1.106,-0.078,0.0,0.5,0.3333333333333333
R_4u2YRxLJRhhdc8F,SK-A-1684,1,ai,1,-4.5,11.8439,5.0,yes,4.0,4.0,1.0,0.5,-0.3874347530096192,-1.3874347530096192,0.6125652469903808,low,0.5714,-0.6227,-1.6227,0.3773,low,0.0,-1.0998,35-44 years old,Female,"No, I am not colourblind",543,100,True,27,yes,yes,yes,yes,,low_sem_low_perc,Q4,low,low,7,6,5,1.478,7.119,-1.9802,-1.0306,-1.1728,-1.0303,-1.0777,-1.0779,1.5061,0.2553,0.0,1.0,0.6666666666666666
R_4u2YRxLJRhhdc8F,SK-A-298,2,human,3,-2.5,-2.1561,4.0,yes,1.0,1.0,1.0,0.5,-0.3874347530096192,-1.3874347530096192,0.6125652469903808,low,0.5714,-0.6227,-1.6227,0.3773,low,0.0,-1.0998,35-44 years old,Female,"No, I am not colourblind",543,100,True,27,yes,yes,yes,yes,,high_sem_low_perc,Q3,high,low,22,19,12,3.588,8.258,-0.6875,-0.2703,0.8451,1.2339,-0.8359,0.6029,0.4922,0.2553,0.0,1.0,0.6666666666666666
R_4u2YRxLJRhhdc8F,SK-C-95,3,none,3,-2.5,-2.1561,6.0,yes,3.0,3.0,1.0,0.5,-0.3874347530096192,-1.3874347530096192,0.6125652469903808,low,0.5714,-0.6227,-1.6227,0.3773,low,0.0,-1.0998,35-44 years old,Female,"No, I am not colourblind",543,100,True,27,yes,yes,yes,yes,,low_sem_high_perc,Q2,low,high,12,10,6,5.078,11.141,0.2254,-0.7772,-0.5519,-0.7068,-0.2236,-0.6786,0.0208,0.2553,0.0,1.0,0.6666666666666666
R_4u2YRxLJRhhdc8F,SK-C-243,4,human,3,-2.5,-2.1561,3.0,yes,0.0,0.0,1.0,0.5,-0.3874347530096192,-1.3874347530096192,0.6125652469903808,low,0.5714,-0.6227,-1.6227,0.3773,low,0.0,-1.0998,35-44 years old,Female,"No, I am not colourblind",543,100,True,27,yes,yes,yes,yes,,low_sem_low_perc,Q4,low,low,14,12,6,4.052,8.426,-0.4032,-0.6758,-0.2415,-0.7068,-0.8002,-0.5414,0.1632,0.2553,0.0,1.0,0.6666666666666666
R_4u2YRxLJRhhdc8F,SK-A-1756,5,none,2,-3.5,3.8439,4.0,yes,2.0,2.0,1.0,0.5,-0.3874347530096192,-1.3874347530096192,0.6125652469903808,low,0.5714,-0.6227,-1.6227,0.3773,low,0.0,-1.0998,35-44 years old,Female,"No, I am not colourblind",543,100,True,27,yes,yes,yes,yes,,high_sem_high_perc,Q1,high,high,20,12,9,5.001,12.19,0.1782,-0.3717,-0.2415,0.2636,-0.0008,-0.1165,-1.106,0.2553,0.0,1.0,0.6666666666666666
R_4u2YRxLJRhhdc8F,SK-A-864,6,human,9,3.5,3.8439,8.0,yes,1.0,-1.0,1.0,0.5,-0.3874347530096192,-1.3874347530096192,0.6125652469903808,low,0.5714,-0.6227,-1.6227,0.3773,low,0.0,-1.0998,35-44 years old,Female,"No, I am not colourblind",543,100,True,27,yes,yes,yes,yes,,high_sem_high_perc,Q1,high,high,66,28,11,8.181,13.079,2.1264,1.9598,2.242,0.9105,0.188,1.7041,1.4922,0.2553,0.0,1.0,0.6666666666666666
R_4u2YRxLJRhhdc8F,SK-A-232,7,none,9,3.5,3.8439,2.0,yes,7.0,-7.0,1.0,0.5,-0.3874347530096192,-1.3874347530096192,0.6125652469903808,low,0.5714,-0.6227,-1.6227,0.3773,low,0.0,-1.0998,35-44 years old,Female,"No, I am not colourblind",543,100,True,27,yes,yes,yes,yes,,high_sem_low_perc,Q3,high,low,76,16,8,2.204,6.579,-1.5354,2.4667,0.3794,-0.0599,-1.1924,0.9287,0.1549,0.2553,0.0,1.0,0.6666666666666666
R_4u2YRxLJRhhdc8F,SK-C-1215,8,ai,8,2.5,-2.1561,5.0,yes,3.0,-3.0,1.0,0.5,-0.3874347530096192,-1.3874347530096192,0.6125652469903808,low,0.5714,-0.6227,-1.6227,0.3773,low,0.0,-1.0998,35-44 years old,Female,"No, I am not colourblind",543,100,True,27,yes,yes,yes,yes,,high_sem_high_perc,Q1,high,high,24,14,8,5.533,8.134,0.5041,-0.169,0.069,-0.0599,-0.8622,-0.0533,-0.0772,0.2553,0.0,1.0,0.6666666666666666
R_4u2YRxLJRhhdc8F,SK-A-3297,9,ai,7,1.5,-6.1561,6.0,yes,1.0,-1.0,1.0,0.5,-0.3874347530096192,-1.3874347530096192,0.6125652469903808,low,0.5714,-0.6227,-1.6227,0.3773,low,0.0,-1.0998,35-44 years old,Female,"No, I am not colourblind",543,100,True,27,yes,yes,yes,yes,,low_sem_low_perc,Q4,low,low,17,10,7,4.118,13.599,-0.3628,-0.5237,-0.5519,-0.3834,0.2984,-0.4863,-0.4879,0.2553,0.0,1.0,0.6666666666666666
R_4u2YRxLJRhhdc8F,SK-A-110,10,human,2,-3.5,3.8439,6.0,yes,4.0,4.0,1.0,0.5,-0.3874347530096192,-1.3874347530096192,0.6125652469903808,low,0.5714,-0.6227,-1.6227,0.3773,low,0.0,-1.0998,35-44 years old,Female,"No, I am not colourblind",543,100,True,27,yes,yes,yes,yes,,low_sem_high_perc,Q2,low,high,9,7,5,5.104,15.147,0.2413,-0.9292,-1.0175,-1.0303,0.6271,-0.9923,0.0078,0.2553,0.0,1.0,0.6666666666666666
R_4u2YRxLJRhhdc8F,SK-A-3023,11,none,6,0.5,-8.1561,2.0,yes,4.0,-4.0,1.0,0.5,-0.3874347530096192,-1.3874347530096192,0.6125652469903808,low,0.5714,-0.6227,-1.6227,0.3773,low,0.0,-1.0998,35-44 years old,Female,"No, I am not colourblind",543,100,True,27,yes,yes,yes,yes,,high_sem_low_perc,Q3,high,low,24,9,6,2.609,6.171,-1.2873,-0.169,-0.7071,-0.7068,-1.2791,-0.5276,-0.4284,0.2553,0.0,1.0,0.6666666666666666
R_4u2YRxLJRhhdc8F,SK-A-87,12,ai,5,-0.5,-8.1561,4.0,yes,1.0,-1.0,1.0,0.5,-0.3874347530096192,-1.3874347530096192,0.6125652469903808,low,0.5714,-0.6227,-1.6227,0.3773,low,0.0,-1.0998,35-44 years old,Female,"No, I am not colourblind",543,100,True,27,yes,yes,yes,yes,,low_sem_low_perc,Q4,low,low,16,9,4,1.284,3.991,-2.099,-0.5744,-0.7071,-1.3537,-1.742,-0.8784,0.5278,0.2553,0.0,1.0,0.6666666666666666
R_4u2YRxLJRhhdc8F,SK-A-2110,13,ai,2,-3.5,3.8439,8.0,yes,6.0,6.0,1.0,0.5,-0.3874347530096192,-1.3874347530096192,0.6125652469903808,low,0.5714,-0.6227,-1.6227,0.3773,low,0.0,-1.0998,35-44 years old,Female,"No, I am not colourblind",543,100,True,27,yes,yes,yes,yes,,high_sem_low_perc,Q3,high,low,29,17,13,4.449,10.91,-0.16,0.0845,0.5346,1.5574,-0.2727,0.7255,0.9709,0.2553,0.0,1.0,0.6666666666666666
R_4u2YRxLJRhhdc8F,SK-A-2320 A,14,none,6,0.5,-8.1561,6.0,yes,0.0,0.0,1.0,0.5,-0.3874347530096192,-1.3874347530096192,0.6125652469903808,low,0.5714,-0.6227,-1.6227,0.3773,low,0.0,-1.0998,35-44 years old,Female,"No, I am not colourblind",543,100,True,27,yes,yes,yes,yes,,high_sem_low_perc,Q3,high,low,47,24,14,4.652,11.926,-0.0356,0.9968,1.6212,1.8808,-0.0569,1.4996,0.4324,0.2553,0.0,1.0,0.6666666666666666
R_4u2YRxLJRhhdc8F,SK-A-2320 B,15,none,1,-4.5,11.8439,9.0,yes,8.0,8.0,1.0,0.5,-0.3874347530096192,-1.3874347530096192,0.6125652469903808,low,0.5714,-0.6227,-1.6227,0.3773,low,0.0,-1.0998,35-44 years old,Female,"No, I am not colourblind",543,100,True,27,yes,yes,yes,yes,,low_sem_high_perc,Q2,low,high,11,7,4,4.974,8.222,0.1616,-0.8279,-1.0175,-1.3537,-0.8435,-1.0664,0.3704,0.2553,0.0,1.0,0.6666666666666666
R_4u2YRxLJRhhdc8F,SK-A-388,16,human,4,-1.5,-6.1561,4.0,yes,0.0,0.0,1.0,0.5,-0.3874347530096192,-1.3874347530096192,0.6125652469903808,low,0.5714,-0.6227,-1.6227,0.3773,low,0.0,-1.0998,35-44 years old,Female,"No, I am not colourblind",543,100,True,27,yes,yes,yes,yes,,high_sem_low_perc,Q3,high,low,52,24,12,4.026,10.43,-0.4191,1.2502,1.6212,1.2339,-0.3746,1.3684,0.1145,0.2553,0.0,1.0,0.6666666666666666
R_4u2YRxLJRhhdc8F,SK-A-4717,17,human,6,0.5,-8.1561,4.0,yes,2.0,-2.0,1.0,0.5,-0.3874347530096192,-1.3874347530096192,0.6125652469903808,low,0.5714,-0.6227,-1.6227,0.3773,low,0.0,-1.0998,35-44 years old,Female,"No, I am not colourblind",543,100,True,27,yes,yes,yes,yes,,low_sem_high_perc,Q2,low,high,12,10,9,6.171,17.158,0.895,-0.7772,-0.5519,0.2636,1.0542,-0.3552,-0.0167,0.2553,0.0,1.0,0.6666666666666666
R_4u2YRxLJRhhdc8F,SK-C-153,18,ai,1,-4.5,11.8439,3.0,yes,2.0,2.0,1.0,0.5,-0.3874347530096192,-1.3874347530096192,0.6125652469903808,low,0.5714,-0.6227,-1.6227,0.3773,low,0.0,-1.0998,35-44 years old,Female,"No, I am not colourblind",543,100,True,27,yes,yes,yes,yes,,low_sem_high_perc,Q2,low,high,14,12,8,6.72,23.164,1.2313,-0.6758,-0.2415,-0.0599,2.3297,-0.3257,0.2978,0.2553,0.0,1.0,0.6666666666666666
R_4u2YRxLJRhhdc8F,SK-A-1574,19,ai,8,2.5,-2.1561,3.0,yes,5.0,-5.0,1.0,0.5,-0.3874347530096192,-1.3874347530096192,0.6125652469903808,low,0.5714,-0.6227,-1.6227,0.3773,low,0.0,-1.0998,35-44 years old,Female,"No, I am not colourblind",543,100,True,27,yes,yes,yes,yes,,high_sem_high_perc,Q1,high,high,41,19,10,6.451,10.977,1.0665,0.6927,0.8451,0.587,-0.2584,0.7083,-1.9879,0.2553,0.0,1.0,0.6666666666666666
R_4u2YRxLJRhhdc8F,SK-A-1298,20,human,3,-2.5,-2.1561,5.0,yes,2.0,2.0,1.0,0.5,-0.3874347530096192,-1.3874347530096192,0.6125652469903808,low,0.5714,-0.6227,-1.6227,0.3773,low,0.0,-1.0998,35-44 years old,Female,"No, I am not colourblind",543,100,True,27,yes,yes,yes,yes,,low_sem_high_perc,Q2,low,high,13,4,3,6.345,12.638,1.0016,-0.7265,-1.4832,-1.6772,0.0943,-1.2956,-1.1122,0.2553,0.0,1.0,0.6666666666666666
R_4u2YRxLJRhhdc8F,SK-A-4469,21,human,10,4.5,11.8439,5.0,yes,5.0,-5.0,1.0,0.5,-0.3874347530096192,-1.3874347530096192,0.6125652469903808,low,0.5714,-0.6227,-1.6227,0.3773,low,0.0,-1.0998,35-44 years old,Female,"No, I am not colourblind",543,100,True,27,yes,yes,yes,yes,,high_sem_high_perc,Q1,high,high,31,11,6,6.128,21.628,0.8686,0.1858,-0.3967,-0.7068,2.0035,-0.3059,-0.9165,0.2553,0.0,1.0,0.6666666666666666
R_4u2YRxLJRhhdc8F,SK-A-1906,22,ai,9,3.5,3.8439,8.0,yes,1.0,-1.0,1.0,0.5,-0.3874347530096192,-1.3874347530096192,0.6125652469903808,low,0.5714,-0.6227,-1.6227,0.3773,low,0.0,-1.0998,35-44 years old,Female,"No, I am not colourblind",543,100,True,27,yes,yes,yes,yes,,high_sem_low_perc,Q3,high,low,43,16,11,4.708,19.343,-0.0013,0.7941,0.3794,0.9105,1.5182,0.6947,0.4853,0.2553,0.0,1.0,0.6666666666666666
R_4u2YRxLJRhhdc8F,SK-A-1403,23,none,9,3.5,3.8439,9.0,yes,0.0,0.0,1.0,0.5,-0.3874347530096192,-1.3874347530096192,0.6125652469903808,low,0.5714,-0.6227,-1.6227,0.3773,low,0.0,-1.0998,35-44 years old,Female,"No, I am not colourblind",543,100,True,27,yes,yes,yes,yes,,high_sem_high_perc,Q1,high,high,69,22,13,5.281,17.539,0.3497,2.1119,1.3107,1.5574,1.1351,1.66,0.7811,0.2553,0.0,1.0,0.6666666666666666
R_4u2YRxLJRhhdc8F,SK-A-62,24,none,5,-0.5,-8.1561,3.0,yes,2.0,-2.0,1.0,0.5,-0.3874347530096192,-1.3874347530096192,0.6125652469903808,low,0.5714,-0.6227,-1.6227,0.3773,low,0.0,-1.0998,35-44 years old,Female,"No, I am not colourblind",543,100,True,27,yes,yes,yes,yes,,low_sem_low_perc,Q4,low,low,6,4,4,4.61,10.563,-0.0614,-1.0813,-1.4832,-1.3537,-0.3464,-1.3061,-1.366,0.2553,0.0,1.0,0.6666666666666666
R_4u2YRxLJRhhdc8F,SK-A-1713,25,none,10,4.5,11.8439,6.0,yes,4.0,-4.0,1.0,0.5,-0.3874347530096192,-1.3874347530096192,0.6125652469903808,low,0.5714,-0.6227,-1.6227,0.3773,low,0.0,-1.0998,35-44 years old,Female,"No, I am not colourblind",543,100,True,27,yes,yes,yes,yes,,low_sem_low_perc,Q4,low,low,15,13,10,2.989,8.961,-1.0545,-0.6251,-0.0862,0.587,-0.6866,-0.0414,-0.1003,0.2553,0.0,1.0,0.6666666666666666
R_4u2YRxLJRhhdc8F,SK-A-1940,26,ai,8,2.5,-2.1561,6.0,yes,2.0,-2.0,1.0,0.5,-0.3874347530096192,-1.3874347530096192,0.6125652469903808,low,0.5714,-0.6227,-1.6227,0.3773,low,0.0,-1.0998,35-44 years old,Female,"No, I am not colourblind",543,100,True,27,yes,yes,yes,yes,,high_sem_high_perc,Q1,high,high,39,23,10,7.148,15.116,1.4935,0.5913,1.466,0.587,0.6205,0.8814,-0.3461,0.2553,0.0,1.0,0.6666666666666666
R_4u2YRxLJRhhdc8F,SK-A-261,27,human,10,4.5,11.8439,8.0,yes,2.0,-2.0,1.0,0.5,-0.3874347530096192,-1.3874347530096192,0.6125652469903808,low,0.5714,-0.6227,-1.6227,0.3773,low,0.0,-1.0998,35-44 years old,Female,"No, I am not colourblind",543,100,True,27,yes,yes,yes,yes,,low_sem_low_perc,Q4,low,low,9,8,7,4.292,16.828,-0.2562,-0.9292,-0.8623,-0.3834,0.9841,-0.725,0.1278,0.2553,0.0,1.0,0.6666666666666666
R_8MPXc32WocITXUz,SK-A-1403,1,human,7,1.5,-6.1561,8.0,yes,1.0,1.0,2.0,0.3333333333333333,-0.7183686045386691,-1.7183686045386692,0.2816313954613308,low,0.2857,-1.2129,-2.2129,-0.2129,low,1.25,1.46,18-24 years old,Male,"No, I am not colourblind",259,100,True,27,yes,yes,yes,yes,,high_sem_high_perc,Q1,high,high,69,22,13,5.281,17.539,0.3497,2.1119,1.3107,1.5574,1.1351,1.66,0.7811,0.2553,0.0,0.0,0.3333333333333333
R_8MPXc32WocITXUz,SK-A-298,2,ai,2,-3.5,3.8439,4.0,yes,2.0,2.0,2.0,0.3333333333333333,-0.7183686045386691,-1.7183686045386692,0.2816313954613308,low,0.2857,-1.2129,-2.2129,-0.2129,low,1.25,1.46,18-24 years old,Male,"No, I am not colourblind",259,100,True,27,yes,yes,yes,yes,,high_sem_low_perc,Q3,high,low,22,19,12,3.588,8.258,-0.6875,-0.2703,0.8451,1.2339,-0.8359,0.6029,0.4922,0.2553,0.0,0.0,0.3333333333333333
R_8MPXc32WocITXUz,SK-A-1906,3,none,1,-4.5,11.8439,7.0,yes,6.0,6.0,2.0,0.3333333333333333,-0.7183686045386691,-1.7183686045386692,0.2816313954613308,low,0.2857,-1.2129,-2.2129,-0.2129,low,1.25,1.46,18-24 years old,Male,"No, I am not colourblind",259,100,True,27,yes,yes,yes,yes,,high_sem_low_perc,Q3,high,low,43,16,11,4.708,19.343,-0.0013,0.7941,0.3794,0.9105,1.5182,0.6947,0.4853,0.2553,0.0,0.0,0.3333333333333333
R_8MPXc32WocITXUz,SK-A-388,4,ai,1,-4.5,11.8439,5.0,yes,4.0,4.0,2.0,0.3333333333333333,-0.7183686045386691,-1.7183686045386692,0.2816313954613308,low,0.2857,-1.2129,-2.2129,-0.2129,low,1.25,1.46,18-24 years old,Male,"No, I am not colourblind",259,100,True,27,yes,yes,yes,yes,,high_sem_low_perc,Q3,high,low,52,24,12,4.026,10.43,-0.4191,1.2502,1.6212,1.2339,-0.3746,1.3684,0.1145,0.2553,0.0,0.0,0.3333333333333333
R_8MPXc32WocITXUz,SK-A-2320 A,5,ai,2,-3.5,3.8439,6.0,yes,4.0,4.0,2.0,0.3333333333333333,-0.7183686045386691,-1.7183686045386692,0.2816313954613308,low,0.2857,-1.2129,-2.2129,-0.2129,low,1.25,1.46,18-24 years old,Male,"No, I am not colourblind",259,100,True,27,yes,yes,yes,yes,,high_sem_low_perc,Q3,high,low,47,24,14,4.652,11.926,-0.0356,0.9968,1.6212,1.8808,-0.0569,1.4996,0.4324,0.2553,0.0,0.0,0.3333333333333333
R_8MPXc32WocITXUz,SK-A-261,6,human,5,-0.5,-8.1561,8.0,yes,3.0,3.0,2.0,0.3333333333333333,-0.7183686045386691,-1.7183686045386692,0.2816313954613308,low,0.2857,-1.2129,-2.2129,-0.2129,low,1.25,1.46,18-24 years old,Male,"No, I am not colourblind",259,100,True,27,yes,yes,yes,yes,,low_sem_low_perc,Q4,low,low,9,8,7,4.292,16.828,-0.2562,-0.9292,-0.8623,-0.3834,0.9841,-0.725,0.1278,0.2553,0.0,0.0,0.3333333333333333
R_8MPXc32WocITXUz,SK-C-1215,7,none,3,-2.5,-2.1561,5.0,yes,2.0,2.0,2.0,0.3333333333333333,-0.7183686045386691,-1.7183686045386692,0.2816313954613308,low,0.2857,-1.2129,-2.2129,-0.2129,low,1.25,1.46,18-24 years old,Male,"No, I am not colourblind",259,100,True,27,yes,yes,yes,yes,,high_sem_high_perc,Q1,high,high,24,14,8,5.533,8.134,0.5041,-0.169,0.069,-0.0599,-0.8622,-0.0533,-0.0772,0.2553,0.0,0.0,0.3333333333333333
R_8MPXc32WocITXUz,SK-A-4717,8,ai,3,-2.5,-2.1561,6.0,yes,3.0,3.0,2.0,0.3333333333333333,-0.7183686045386691,-1.7183686045386692,0.2816313954613308,low,0.2857,-1.2129,-2.2129,-0.2129,low,1.25,1.46,18-24 years old,Male,"No, I am not colourblind",259,100,True,27,yes,yes,yes,yes,,low_sem_high_perc,Q2,low,high,12,10,9,6.171,17.158,0.895,-0.7772,-0.5519,0.2636,1.0542,-0.3552,-0.0167,0.2553,0.0,0.0,0.3333333333333333
R_8MPXc32WocITXUz,SK-A-3023,9,none,4,-1.5,-6.1561,4.0,yes,0.0,0.0,2.0,0.3333333333333333,-0.7183686045386691,-1.7183686045386692,0.2816313954613308,low,0.2857,-1.2129,-2.2129,-0.2129,low,1.25,1.46,18-24 years old,Male,"No, I am not colourblind",259,100,True,27,yes,yes,yes,yes,,high_sem_low_perc,Q3,high,low,24,9,6,2.609,6.171,-1.2873,-0.169,-0.7071,-0.7068,-1.2791,-0.5276,-0.4284,0.2553,0.0,0.0,0.3333333333333333
R_8MPXc32WocITXUz,SK-A-1574,10,human,2,-3.5,3.8439,6.0,yes,4.0,4.0,2.0,0.3333333333333333,-0.7183686045386691,-1.7183686045386692,0.2816313954613308,low,0.2857,-1.2129,-2.2129,-0.2129,low,1.25,1.46,18-24 years old,Male,"No, I am not colourblind",259,100,True,27,yes,yes,yes,yes,,high_sem_high_perc,Q1,high,high,41,19,10,6.451,10.977,1.0665,0.6927,0.8451,0.587,-0.2584,0.7083,-1.9879,0.2553,0.0,0.0,0.3333333333333333
R_8MPXc32WocITXUz,SK-A-1298,11,ai,7,1.5,-6.1561,6.0,yes,1.0,-1.0,2.0,0.3333333333333333,-0.7183686045386691,-1.7183686045386692,0.2816313954613308,low,0.2857,-1.2129,-2.2129,-0.2129,low,1.25,1.46,18-24 years old,Male,"No, I am not colourblind",259,100,True,27,yes,yes,yes,yes,,low_sem_high_perc,Q2,low,high,13,4,3,6.345,12.638,1.0016,-0.7265,-1.4832,-1.6772,0.0943,-1.2956,-1.1122,0.2553,0.0,0.0,0.3333333333333333
R_8MPXc32WocITXUz,SK-A-1684,12,ai,4,-1.5,-6.1561,5.0,yes,1.0,1.0,2.0,0.3333333333333333,-0.7183686045386691,-1.7183686045386692,0.2816313954613308,low,0.2857,-1.2129,-2.2129,-0.2129,low,1.25,1.46,18-24 years old,Male,"No, I am not colourblind",259,100,True,27,yes,yes,yes,yes,,low_sem_low_perc,Q4,low,low,7,6,5,1.478,7.119,-1.9802,-1.0306,-1.1728,-1.0303,-1.0777,-1.0779,1.5061,0.2553,0.0,0.0,0.3333333333333333
R_8MPXc32WocITXUz,SK-A-87,13,ai,8,2.5,-2.1561,5.0,yes,3.0,-3.0,2.0,0.3333333333333333,-0.7183686045386691,-1.7183686045386692,0.2816313954613308,low,0.2857,-1.2129,-2.2129,-0.2129,low,1.25,1.46,18-24 years old,Male,"No, I am not colourblind",259,100,True,27,yes,yes,yes,yes,,low_sem_low_perc,Q4,low,low,16,9,4,1.284,3.991,-2.099,-0.5744,-0.7071,-1.3537,-1.742,-0.8784,0.5278,0.2553,0.0,0.0,0.3333333333333333
R_8MPXc32WocITXUz,SK-A-2110,14,ai,2,-3.5,3.8439,9.0,yes,7.0,7.0,2.0,0.3333333333333333,-0.7183686045386691,-1.7183686045386692,0.2816313954613308,low,0.2857,-1.2129,-2.2129,-0.2129,low,1.25,1.46,18-24 years old,Male,"No, I am not colourblind",259,100,True,27,yes,yes,yes,yes,,high_sem_low_perc,Q3,high,low,29,17,13,4.449,10.91,-0.16,0.0845,0.5346,1.5574,-0.2727,0.7255,0.9709,0.2553,0.0,0.0,0.3333333333333333
R_8MPXc32WocITXUz,SK-A-62,15,none,4,-1.5,-6.1561,4.0,yes,0.0,0.0,2.0,0.3333333333333333,-0.7183686045386691,-1.7183686045386692,0.2816313954613308,low,0.2857,-1.2129,-2.2129,-0.2129,low,1.25,1.46,18-24 years old,Male,"No, I am not colourblind",259,100,True,27,yes,yes,yes,yes,,low_sem_low_perc,Q4,low,low,6,4,4,4.61,10.563,-0.0614,-1.0813,-1.4832,-1.3537,-0.3464,-1.3061,-1.366,0.2553,0.0,0.0,0.3333333333333333
R_8MPXc32WocITXUz,SK-A-110,16,none,2,-3.5,3.8439,6.0,yes,4.0,4.0,2.0,0.3333333333333333,-0.7183686045386691,-1.7183686045386692,0.2816313954613308,low,0.2857,-1.2129,-2.2129,-0.2129,low,1.25,1.46,18-24 years old,Male,"No, I am not colourblind",259,100,True,27,yes,yes,yes,yes,,low_sem_high_perc,Q2,low,high,9,7,5,5.104,15.147,0.2413,-0.9292,-1.0175,-1.0303,0.6271,-0.9923,0.0078,0.2553,0.0,0.0,0.3333333333333333
R_8MPXc32WocITXUz,SK-C-243,17,human,2,-3.5,3.8439,5.0,yes,3.0,3.0,2.0,0.3333333333333333,-0.7183686045386691,-1.7183686045386692,0.2816313954613308,low,0.2857,-1.2129,-2.2129,-0.2129,low,1.25,1.46,18-24 years old,Male,"No, I am not colourblind",259,100,True,27,yes,yes,yes,yes,,low_sem_low_perc,Q4,low,low,14,12,6,4.052,8.426,-0.4032,-0.6758,-0.2415,-0.7068,-0.8002,-0.5414,0.1632,0.2553,0.0,0.0,0.3333333333333333
R_8MPXc32WocITXUz,SK-A-1756,18,none,10,4.5,11.8439,5.0,yes,5.0,-5.0,2.0,0.3333333333333333,-0.7183686045386691,-1.7183686045386692,0.2816313954613308,low,0.2857,-1.2129,-2.2129,-0.2129,low,1.25,1.46,18-24 years old,Male,"No, I am not colourblind",259,100,True,27,yes,yes,yes,yes,,high_sem_high_perc,Q1,high,high,20,12,9,5.001,12.19,0.1782,-0.3717,-0.2415,0.2636,-0.0008,-0.1165,-1.106,0.2553,0.0,0.0,0.3333333333333333
R_8MPXc32WocITXUz,SK-A-4469,19,human,4,-1.5,-6.1561,5.0,yes,1.0,1.0,2.0,0.3333333333333333,-0.7183686045386691,-1.7183686045386692,0.2816313954613308,low,0.2857,-1.2129,-2.2129,-0.2129,low,1.25,1.46,18-24 years old,Male,"No, I am not colourblind",259,100,True,27,yes,yes,yes,yes,,high_sem_high_perc,Q1,high,high,31,11,6,6.128,21.628,0.8686,0.1858,-0.3967,-0.7068,2.0035,-0.3059,-0.9165,0.2553,0.0,0.0,0.3333333333333333
R_8MPXc32WocITXUz,SK-A-1940,20,none,1,-4.5,11.8439,5.0,yes,4.0,4.0,2.0,0.3333333333333333,-0.7183686045386691,-1.7183686045386692,0.2816313954613308,low,0.2857,-1.2129,-2.2129,-0.2129,low,1.25,1.46,18-24 years old,Male,"No, I am not colourblind",259,100,True,27,yes,yes,yes,yes,,high_sem_high_perc,Q1,high,high,39,23,10,7.148,15.116,1.4935,0.5913,1.466,0.587,0.6205,0.8814,-0.3461,0.2553,0.0,0.0,0.3333333333333333
R_8MPXc32WocITXUz,SK-A-864,21,none,10,4.5,11.8439,6.0,yes,4.0,-4.0,2.0,0.3333333333333333,-0.7183686045386691,-1.7183686045386692,0.2816313954613308,low,0.2857,-1.2129,-2.2129,-0.2129,low,1.25,1.46,18-24 years old,Male,"No, I am not colourblind",259,100,True,27,yes,yes,yes,yes,,high_sem_high_perc,Q1,high,high,66,28,11,8.181,13.079,2.1264,1.9598,2.242,0.9105,0.188,1.7041,1.4922,0.2553,0.0,0.0,0.3333333333333333
R_8MPXc32WocITXUz,SK-A-1713,22,human,4,-1.5,-6.1561,4.0,yes,0.0,0.0,2.0,0.3333333333333333,-0.7183686045386691,-1.7183686045386692,0.2816313954613308,low,0.2857,-1.2129,-2.2129,-0.2129,low,1.25,1.46,18-24 years old,Male,"No, I am not colourblind",259,100,True,27,yes,yes,yes,yes,,low_sem_low_perc,Q4,low,low,15,13,10,2.989,8.961,-1.0545,-0.6251,-0.0862,0.587,-0.6866,-0.0414,-0.1003,0.2553,0.0,0.0,0.3333333333333333
R_8MPXc32WocITXUz,SK-C-95,23,human,7,1.5,-6.1561,5.0,yes,2.0,-2.0,2.0,0.3333333333333333,-0.7183686045386691,-1.7183686045386692,0.2816313954613308,low,0.2857,-1.2129,-2.2129,-0.2129,low,1.25,1.46,18-24 years old,Male,"No, I am not colourblind",259,100,True,27,yes,yes,yes,yes,,low_sem_high_perc,Q2,low,high,12,10,6,5.078,11.141,0.2254,-0.7772,-0.5519,-0.7068,-0.2236,-0.6786,0.0208,0.2553,0.0,0.0,0.3333333333333333
R_8MPXc32WocITXUz,SK-A-232,24,ai,3,-2.5,-2.1561,3.0,yes,0.0,0.0,2.0,0.3333333333333333,-0.7183686045386691,-1.7183686045386692,0.2816313954613308,low,0.2857,-1.2129,-2.2129,-0.2129,low,1.25,1.46,18-24 years old,Male,"No, I am not colourblind",259,100,True,27,yes,yes,yes,yes,,high_sem_low_perc,Q3,high,low,76,16,8,2.204,6.579,-1.5354,2.4667,0.3794,-0.0599,-1.1924,0.9287,0.1549,0.2553,0.0,0.0,0.3333333333333333
R_8MPXc32WocITXUz,SK-A-3297,25,human,6,0.5,-8.1561,5.0,yes,1.0,-1.0,2.0,0.3333333333333333,-0.7183686045386691,-1.7183686045386692,0.2816313954613308,low,0.2857,-1.2129,-2.2129,-0.2129,low,1.25,1.46,18-24 years old,Male,"No, I am not colourblind",259,100,True,27,yes,yes,yes,yes,,low_sem_low_perc,Q4,low,low,17,10,7,4.118,13.599,-0.3628,-0.5237,-0.5519,-0.3834,0.2984,-0.4863,-0.4879,0.2553,0.0,0.0,0.3333333333333333
R_8MPXc32WocITXUz,SK-A-2320 B,26,none,2,-3.5,3.8439,5.0,yes,3.0,3.0,2.0,0.3333333333333333,-0.7183686045386691,-1.7183686045386692,0.2816313954613308,low,0.2857,-1.2129,-2.2129,-0.2129,low,1.25,1.46,18-24 years old,Male,"No, I am not colourblind",259,100,True,27,yes,yes,yes,yes,,low_sem_high_perc,Q2,low,high,11,7,4,4.974,8.222,0.1616,-0.8279,-1.0175,-1.3537,-0.8435,-1.0664,0.3704,0.2553,0.0,0.0,0.3333333333333333
R_8MPXc32WocITXUz,SK-C-153,27,human,8,2.5,-2.1561,6.0,yes,2.0,-2.0,2.0,0.3333333333333333,-0.7183686045386691,-1.7183686045386692,0.2816313954613308,low,0.2857,-1.2129,-2.2129,-0.2129,low,1.25,1.46,18-24 years old,Male,"No, I am not colourblind",259,100,True,27,yes,yes,yes,yes,,low_sem_high_perc,Q2,low,high,14,12,8,6.72,23.164,1.2313,-0.6758,-0.2415,-0.0599,2.3297,-0.3257,0.2978,0.2553,0.0,0.0,0.3333333333333333
R_88VgwZ2iAM9Nd7o,SK-A-388,1,ai,4,-1.5,-6.1561,6.0,yes,2.0,2.0,1.0,0.3333333333333333,-0.7183686045386691,-1.7183686045386692,0.2816313954613308,low,0.2857,-1.2129,-2.2129,-0.2129,low,0.125,-0.8438,18-24 years old,Male,"No, I am not colourblind",377,100,True,27,yes,yes,yes,yes,,high_sem_low_perc,Q3,high,low,52,24,12,4.026,10.43,-0.4191,1.2502,1.6212,1.2339,-0.3746,1.3684,0.1145,-0.078,0.0,0.0,0.6666666666666666
R_88VgwZ2iAM9Nd7o,SK-A-4469,2,human,1,-4.5,11.8439,3.0,yes,2.0,2.0,1.0,0.3333333333333333,-0.7183686045386691,-1.7183686045386692,0.2816313954613308,low,0.2857,-1.2129,-2.2129,-0.2129,low,0.125,-0.8438,18-24 years old,Male,"No, I am not colourblind",377,100,True,27,yes,yes,yes,yes,,high_sem_high_perc,Q1,high,high,31,11,6,6.128,21.628,0.8686,0.1858,-0.3967,-0.7068,2.0035,-0.3059,-0.9165,-0.078,0.0,0.0,0.6666666666666666
R_88VgwZ2iAM9Nd7o,SK-A-298,3,none,5,-0.5,-8.1561,7.0,yes,2.0,2.0,1.0,0.3333333333333333,-0.7183686045386691,-1.7183686045386692,0.2816313954613308,low,0.2857,-1.2129,-2.2129,-0.2129,low,0.125,-0.8438,18-24 years old,Male,"No, I am not colourblind",377,100,True,27,yes,yes,yes,yes,,high_sem_low_perc,Q3,high,low,22,19,12,3.588,8.258,-0.6875,-0.2703,0.8451,1.2339,-0.8359,0.6029,0.4922,-0.078,0.0,0.0,0.6666666666666666
R_88VgwZ2iAM9Nd7o,SK-A-2110,4,none,10,4.5,11.8439,6.0,yes,4.0,-4.0,1.0,0.3333333333333333,-0.7183686045386691,-1.7183686045386692,0.2816313954613308,low,0.2857,-1.2129,-2.2129,-0.2129,low,0.125,-0.8438,18-24 years old,Male,"No, I am not colourblind",377,100,True,27,yes,yes,yes,yes,,high_sem_low_perc,Q3,high,low,29,17,13,4.449,10.91,-0.16,0.0845,0.5346,1.5574,-0.2727,0.7255,0.9709,-0.078,0.0,0.0,0.6666666666666666
R_88VgwZ2iAM9Nd7o,SK-A-2320 A,5,none,10,4.5,11.8439,5.0,yes,5.0,-5.0,1.0,0.3333333333333333,-0.7183686045386691,-1.7183686045386692,0.2816313954613308,low,0.2857,-1.2129,-2.2129,-0.2129,low,0.125,-0.8438,18-24 years old,Male,"No, I am not colourblind",377,100,True,27,yes,yes,yes,yes,,high_sem_low_perc,Q3,high,low,47,24,14,4.652,11.926,-0.0356,0.9968,1.6212,1.8808,-0.0569,1.4996,0.4324,-0.078,0.0,0.0,0.6666666666666666
R_88VgwZ2iAM9Nd7o,SK-A-1940,6,ai,10,4.5,11.8439,8.0,yes,2.0,-2.0,1.0,0.3333333333333333,-0.7183686045386691,-1.7183686045386692,0.2816313954613308,low,0.2857,-1.2129,-2.2129,-0.2129,low,0.125,-0.8438,18-24 years old,Male,"No, I am not colourblind",377,100,True,27,yes,yes,yes,yes,,high_sem_high_perc,Q1,high,high,39,23,10,7.148,15.116,1.4935,0.5913,1.466,0.587,0.6205,0.8814,-0.3461,-0.078,0.0,0.0,0.6666666666666666
R_88VgwZ2iAM9Nd7o,SK-A-1684,7,human,3,-2.5,-2.1561,7.0,yes,4.0,4.0,1.0,0.3333333333333333,-0.7183686045386691,-1.7183686045386692,0.2816313954613308,low,0.2857,-1.2129,-2.2129,-0.2129,low,0.125,-0.8438,18-24 years old,Male,"No, I am not colourblind",377,100,True,27,yes,yes,yes,yes,,low_sem_low_perc,Q4,low,low,7,6,5,1.478,7.119,-1.9802,-1.0306,-1.1728,-1.0303,-1.0777,-1.0779,1.5061,-0.078,0.0,0.0,0.6666666666666666
R_88VgwZ2iAM9Nd7o,SK-A-1403,8,ai,8,2.5,-2.1561,2.0,yes,6.0,-6.0,1.0,0.3333333333333333,-0.7183686045386691,-1.7183686045386692,0.2816313954613308,low,0.2857,-1.2129,-2.2129,-0.2129,low,0.125,-0.8438,18-24 years old,Male,"No, I am not colourblind",377,100,True,27,yes,yes,yes,yes,,high_sem_high_perc,Q1,high,high,69,22,13,5.281,17.539,0.3497,2.1119,1.3107,1.5574,1.1351,1.66,0.7811,-0.078,0.0,0.0,0.6666666666666666
R_88VgwZ2iAM9Nd7o,SK-A-1298,9,ai,2,-3.5,3.8439,3.0,yes,1.0,1.0,1.0,0.3333333333333333,-0.7183686045386691,-1.7183686045386692,0.2816313954613308,low,0.2857,-1.2129,-2.2129,-0.2129,low,0.125,-0.8438,18-24 years old,Male,"No, I am not colourblind",377,100,True,27,yes,yes,yes,yes,,low_sem_high_perc,Q2,low,high,13,4,3,6.345,12.638,1.0016,-0.7265,-1.4832,-1.6772,0.0943,-1.2956,-1.1122,-0.078,0.0,0.0,0.6666666666666666
R_88VgwZ2iAM9Nd7o,SK-A-1906,10,human,7,1.5,-6.1561,4.0,yes,3.0,-3.0,1.0,0.3333333333333333,-0.7183686045386691,-1.7183686045386692,0.2816313954613308,low,0.2857,-1.2129,-2.2129,-0.2129,low,0.125,-0.8438,18-24 years old,Male,"No, I am not colourblind",377,100,True,27,yes,yes,yes,yes,,high_sem_low_perc,Q3,high,low,43,16,11,4.708,19.343,-0.0013,0.7941,0.3794,0.9105,1.5182,0.6947,0.4853,-0.078,0.0,0.0,0.6666666666666666
R_88VgwZ2iAM9Nd7o,SK-A-1574,11,human,7,1.5,-6.1561,4.0,yes,3.0,-3.0,1.0,0.3333333333333333,-0.7183686045386691,-1.7183686045386692,0.2816313954613308,low,0.2857,-1.2129,-2.2129,-0.2129,low,0.125,-0.8438,18-24 years old,Male,"No, I am not colourblind",377,100,True,27,yes,yes,yes,yes,,high_sem_high_perc,Q1,high,high,41,19,10,6.451,10.977,1.0665,0.6927,0.8451,0.587,-0.2584,0.7083,-1.9879,-0.078,0.0,0.0,0.6666666666666666
R_88VgwZ2iAM9Nd7o,SK-A-3297,12,ai,1,-4.5,11.8439,6.0,yes,5.0,5.0,1.0,0.3333333333333333,-0.7183686045386691,-1.7183686045386692,0.2816313954613308,low,0.2857,-1.2129,-2.2129,-0.2129,low,0.125,-0.8438,18-24 years old,Male,"No, I am not colourblind",377,100,True,27,yes,yes,yes,yes,,low_sem_low_perc,Q4,low,low,17,10,7,4.118,13.599,-0.3628,-0.5237,-0.5519,-0.3834,0.2984,-0.4863,-0.4879,-0.078,0.0,0.0,0.6666666666666666
R_88VgwZ2iAM9Nd7o,SK-A-232,13,none,3,-2.5,-2.1561,5.0,yes,2.0,2.0,1.0,0.3333333333333333,-0.7183686045386691,-1.7183686045386692,0.2816313954613308,low,0.2857,-1.2129,-2.2129,-0.2129,low,0.125,-0.8438,18-24 years old,Male,"No, I am not colourblind",377,100,True,27,yes,yes,yes,yes,,high_sem_low_perc,Q3,high,low,76,16,8,2.204,6.579,-1.5354,2.4667,0.3794,-0.0599,-1.1924,0.9287,0.1549,-0.078,0.0,0.0,0.6666666666666666
R_88VgwZ2iAM9Nd7o,SK-A-3023,14,human,1,-4.5,11.8439,3.0,yes,2.0,2.0,1.0,0.3333333333333333,-0.7183686045386691,-1.7183686045386692,0.2816313954613308,low,0.2857,-1.2129,-2.2129,-0.2129,low,0.125,-0.8438,18-24 years old,Male,"No, I am not colourblind",377,100,True,27,yes,yes,yes,yes,,high_sem_low_perc,Q3,high,low,24,9,6,2.609,6.171,-1.2873,-0.169,-0.7071,-0.7068,-1.2791,-0.5276,-0.4284,-0.078,0.0,0.0,0.6666666666666666
R_88VgwZ2iAM9Nd7o,SK-A-62,15,none,1,-4.5,11.8439,3.0,yes,2.0,2.0,1.0,0.3333333333333333,-0.7183686045386691,-1.7183686045386692,0.2816313954613308,low,0.2857,-1.2129,-2.2129,-0.2129,low,0.125,-0.8438,18-24 years old,Male,"No, I am not colourblind",377,100,True,27,yes,yes,yes,yes,,low_sem_low_perc,Q4,low,low,6,4,4,4.61,10.563,-0.0614,-1.0813,-1.4832,-1.3537,-0.3464,-1.3061,-1.366,-0.078,0.0,0.0,0.6666666666666666
R_88VgwZ2iAM9Nd7o,SK-C-95,16,none,9,3.5,3.8439,4.0,yes,5.0,-5.0,1.0,0.3333333333333333,-0.7183686045386691,-1.7183686045386692,0.2816313954613308,low,0.2857,-1.2129,-2.2129,-0.2129,low,0.125,-0.8438,18-24 years old,Male,"No, I am not colourblind",377,100,True,27,yes,yes,yes,yes,,low_sem_high_perc,Q2,low,high,12,10,6,5.078,11.141,0.2254,-0.7772,-0.5519,-0.7068,-0.2236,-0.6786,0.0208,-0.078,0.0,0.0,0.6666666666666666
R_88VgwZ2iAM9Nd7o,SK-A-2320 B,17,ai,8,2.5,-2.1561,7.0,yes,1.0,-1.0,1.0,0.3333333333333333,-0.7183686045386691,-1.7183686045386692,0.2816313954613308,low,0.2857,-1.2129,-2.2129,-0.2129,low,0.125,-0.8438,18-24 years old,Male,"No, I am not colourblind",377,100,True,27,yes,yes,yes,yes,,low_sem_high_perc,Q2,low,high,11,7,4,4.974,8.222,0.1616,-0.8279,-1.0175,-1.3537,-0.8435,-1.0664,0.3704,-0.078,0.0,0.0,0.6666666666666666
R_88VgwZ2iAM9Nd7o,SK-C-1215,18,none,6,0.5,-8.1561,3.0,yes,3.0,-3.0,1.0,0.3333333333333333,-0.7183686045386691,-1.7183686045386692,0.2816313954613308,low,0.2857,-1.2129,-2.2129,-0.2129,low,0.125,-0.8438,18-24 years old,Male,"No, I am not colourblind",377,100,True,27,yes,yes,yes,yes,,high_sem_high_perc,Q1,high,high,24,14,8,5.533,8.134,0.5041,-0.169,0.069,-0.0599,-0.8622,-0.0533,-0.0772,-0.078,0.0,0.0,0.6666666666666666
R_88VgwZ2iAM9Nd7o,SK-C-153,19,ai,6,0.5,-8.1561,7.0,yes,1.0,1.0,1.0,0.3333333333333333,-0.7183686045386691,-1.7183686045386692,0.2816313954613308,low,0.2857,-1.2129,-2.2129,-0.2129,low,0.125,-0.8438,18-24 years old,Male,"No, I am not colourblind",377,100,True,27,yes,yes,yes,yes,,low_sem_high_perc,Q2,low,high,14,12,8,6.72,23.164,1.2313,-0.6758,-0.2415,-0.0599,2.3297,-0.3257,0.2978,-0.078,0.0,0.0,0.6666666666666666
R_88VgwZ2iAM9Nd7o,SK-A-1713,20,human,4,-1.5,-6.1561,3.0,yes,1.0,-1.0,1.0,0.3333333333333333,-0.7183686045386691,-1.7183686045386692,0.2816313954613308,low,0.2857,-1.2129,-2.2129,-0.2129,low,0.125,-0.8438,18-24 years old,Male,"No, I am not colourblind",377,100,True,27,yes,yes,yes,yes,,low_sem_low_perc,Q4,low,low,15,13,10,2.989,8.961,-1.0545,-0.6251,-0.0862,0.587,-0.6866,-0.0414,-0.1003,-0.078,0.0,0.0,0.6666666666666666
R_88VgwZ2iAM9Nd7o,SK-A-864,21,ai,4,-1.5,-6.1561,6.0,yes,2.0,2.0,1.0,0.3333333333333333,-0.7183686045386691,-1.7183686045386692,0.2816313954613308,low,0.2857,-1.2129,-2.2129,-0.2129,low,0.125,-0.8438,18-24 years old,Male,"No, I am not colourblind",377,100,True,27,yes,yes,yes,yes,,high_sem_high_perc,Q1,high,high,66,28,11,8.181,13.079,2.1264,1.9598,2.242,0.9105,0.188,1.7041,1.4922,-0.078,0.0,0.0,0.6666666666666666
R_88VgwZ2iAM9Nd7o,SK-A-110,22,ai,3,-2.5,-2.1561,6.0,yes,3.0,3.0,1.0,0.3333333333333333,-0.7183686045386691,-1.7183686045386692,0.2816313954613308,low,0.2857,-1.2129,-2.2129,-0.2129,low,0.125,-0.8438,18-24 years old,Male,"No, I am not colourblind",377,100,True,27,yes,yes,yes,yes,,low_sem_high_perc,Q2,low,high,9,7,5,5.104,15.147,0.2413,-0.9292,-1.0175,-1.0303,0.6271,-0.9923,0.0078,-0.078,0.0,0.0,0.6666666666666666
R_88VgwZ2iAM9Nd7o,SK-A-1756,23,human,4,-1.5,-6.1561,6.0,yes,2.0,2.0,1.0,0.3333333333333333,-0.7183686045386691,-1.7183686045386692,0.2816313954613308,low,0.2857,-1.2129,-2.2129,-0.2129,low,0.125,-0.8438,18-24 years old,Male,"No, I am not colourblind",377,100,True,27,yes,yes,yes,yes,,high_sem_high_perc,Q1,high,high,20,12,9,5.001,12.19,0.1782,-0.3717,-0.2415,0.2636,-0.0008,-0.1165,-1.106,-0.078,0.0,0.0,0.6666666666666666
R_88VgwZ2iAM9Nd7o,SK-A-261,24,human,8,2.5,-2.1561,4.0,yes,4.0,-4.0,1.0,0.3333333333333333,-0.7183686045386691,-1.7183686045386692,0.2816313954613308,low,0.2857,-1.2129,-2.2129,-0.2129,low,0.125,-0.8438,18-24 years old,Male,"No, I am not colourblind",377,100,True,27,yes,yes,yes,yes,,low_sem_low_perc,Q4,low,low,9,8,7,4.292,16.828,-0.2562,-0.9292,-0.8623,-0.3834,0.9841,-0.725,0.1278,-0.078,0.0,0.0,0.6666666666666666
R_88VgwZ2iAM9Nd7o,SK-A-87,25,none,4,-1.5,-6.1561,6.0,yes,2.0,2.0,1.0,0.3333333333333333,-0.7183686045386691,-1.7183686045386692,0.2816313954613308,low,0.2857,-1.2129,-2.2129,-0.2129,low,0.125,-0.8438,18-24 years old,Male,"No, I am not colourblind",377,100,True,27,yes,yes,yes,yes,,low_sem_low_perc,Q4,low,low,16,9,4,1.284,3.991,-2.099,-0.5744,-0.7071,-1.3537,-1.742,-0.8784,0.5278,-0.078,0.0,0.0,0.6666666666666666
R_88VgwZ2iAM9Nd7o,SK-C-243,26,none,5,-0.5,-8.1561,5.0,yes,0.0,0.0,1.0,0.3333333333333333,-0.7183686045386691,-1.7183686045386692,0.2816313954613308,low,0.2857,-1.2129,-2.2129,-0.2129,low,0.125,-0.8438,18-24 years old,Male,"No, I am not colourblind",377,100,True,27,yes,yes,yes,yes,,low_sem_low_perc,Q4,low,low,14,12,6,4.052,8.426,-0.4032,-0.6758,-0.2415,-0.7068,-0.8002,-0.5414,0.1632,-0.078,0.0,0.0,0.6666666666666666
R_88VgwZ2iAM9Nd7o,SK-A-4717,27,human,7,1.5,-6.1561,6.0,yes,1.0,-1.0,1.0,0.3333333333333333,-0.7183686045386691,-1.7183686045386692,0.2816313954613308,low,0.2857,-1.2129,-2.2129,-0.2129,low,0.125,-0.8438,18-24 years old,Male,"No, I am not colourblind",377,100,True,27,yes,yes,yes,yes,,low_sem_high_perc,Q2,low,high,12,10,9,6.171,17.158,0.895,-0.7772,-0.5519,0.2636,1.0542,-0.3552,-0.0167,-0.078,0.0,0.0,0.6666666666666666
R_84px6Rg1cnE1Eze,SK-C-243,1,ai,3,-2.5,-2.1561,3.0,yes,0.0,0.0,1.0,0.6666666666666666,-0.0565009014805694,-1.0565009014805695,0.9434990985194304,low,1.1429,0.5579,-0.4421,1.5579,high,0.75,0.4361,25-34 years old,Female,"No, I am not colourblind",11934,100,True,27,yes,yes,yes,yes,,low_sem_low_perc,Q4,low,low,14,12,6,4.052,8.426,-0.4032,-0.6758,-0.2415,-0.7068,-0.8002,-0.5414,0.1632,-1.1892,1.0,0.5,0.6666666666666666
R_84px6Rg1cnE1Eze,SK-A-232,2,none,1,-4.5,11.8439,1.0,yes,0.0,0.0,1.0,0.6666666666666666,-0.0565009014805694,-1.0565009014805695,0.9434990985194304,low,1.1429,0.5579,-0.4421,1.5579,high,0.75,0.4361,25-34 years old,Female,"No, I am not colourblind",11934,100,True,27,yes,yes,yes,yes,,high_sem_low_perc,Q3,high,low,76,16,8,2.204,6.579,-1.5354,2.4667,0.3794,-0.0599,-1.1924,0.9287,0.1549,-1.1892,1.0,0.5,0.6666666666666666
R_84px6Rg1cnE1Eze,SK-A-62,3,ai,2,-3.5,3.8439,1.0,yes,1.0,-1.0,1.0,0.6666666666666666,-0.0565009014805694,-1.0565009014805695,0.9434990985194304,low,1.1429,0.5579,-0.4421,1.5579,high,0.75,0.4361,25-34 years old,Female,"No, I am not colourblind",11934,100,True,27,yes,yes,yes,yes,,low_sem_low_perc,Q4,low,low,6,4,4,4.61,10.563,-0.0614,-1.0813,-1.4832,-1.3537,-0.3464,-1.3061,-1.366,-1.1892,1.0,0.5,0.6666666666666666
R_84px6Rg1cnE1Eze,SK-A-1403,4,ai,3,-2.5,-2.1561,2.0,yes,1.0,-1.0,1.0,0.6666666666666666,-0.0565009014805694,-1.0565009014805695,0.9434990985194304,low,1.1429,0.5579,-0.4421,1.5579,high,0.75,0.4361,25-34 years old,Female,"No, I am not colourblind",11934,100,True,27,yes,yes,yes,yes,,high_sem_high_perc,Q1,high,high,69,22,13,5.281,17.539,0.3497,2.1119,1.3107,1.5574,1.1351,1.66,0.7811,-1.1892,1.0,0.5,0.6666666666666666
R_84px6Rg1cnE1Eze,SK-A-4717,5,ai,5,-0.5,-8.1561,1.0,yes,4.0,-4.0,1.0,0.6666666666666666,-0.0565009014805694,-1.0565009014805695,0.9434990985194304,low,1.1429,0.5579,-0.4421,1.5579,high,0.75,0.4361,25-34 years old,Female,"No, I am not colourblind",11934,100,True,27,yes,yes,yes,yes,,low_sem_high_perc,Q2,low,high,12,10,9,6.171,17.158,0.895,-0.7772,-0.5519,0.2636,1.0542,-0.3552,-0.0167,-1.1892,1.0,0.5,0.6666666666666666
R_84px6Rg1cnE1Eze,SK-A-1298,6,human,3,-2.5,-2.1561,1.0,yes,2.0,-2.0,1.0,0.6666666666666666,-0.0565009014805694,-1.0565009014805695,0.9434990985194304,low,1.1429,0.5579,-0.4421,1.5579,high,0.75,0.4361,25-34 years old,Female,"No, I am not colourblind",11934,100,True,27,yes,yes,yes,yes,,low_sem_high_perc,Q2,low,high,13,4,3,6.345,12.638,1.0016,-0.7265,-1.4832,-1.6772,0.0943,-1.2956,-1.1122,-1.1892,1.0,0.5,0.6666666666666666
R_84px6Rg1cnE1Eze,SK-A-1940,7,none,2,-3.5,3.8439,4.0,yes,2.0,2.0,1.0,0.6666666666666666,-0.0565009014805694,-1.0565009014805695,0.9434990985194304,low,1.1429,0.5579,-0.4421,1.5579,high,0.75,0.4361,25-34 years old,Female,"No, I am not colourblind",11934,100,True,27,yes,yes,yes,yes,,high_sem_high_perc,Q1,high,high,39,23,10,7.148,15.116,1.4935,0.5913,1.466,0.587,0.6205,0.8814,-0.3461,-1.1892,1.0,0.5,0.6666666666666666
R_84px6Rg1cnE1Eze,SK-A-261,8,human,2,-3.5,3.8439,3.0,yes,1.0,1.0,1.0,0.6666666666666666,-0.0565009014805694,-1.0565009014805695,0.9434990985194304,low,1.1429,0.5579,-0.4421,1.5579,high,0.75,0.4361,25-34 years old,Female,"No, I am not colourblind",11934,100,True,27,yes,yes,yes,yes,,low_sem_low_perc,Q4,low,low,9,8,7,4.292,16.828,-0.2562,-0.9292,-0.8623,-0.3834,0.9841,-0.725,0.1278,-1.1892,1.0,0.5,0.6666666666666666
R_84px6Rg1cnE1Eze,SK-A-298,9,none,2,-3.5,3.8439,5.0,yes,3.0,3.0,1.0,0.6666666666666666,-0.0565009014805694,-1.0565009014805695,0.9434990985194304,low,1.1429,0.5579,-0.4421,1.5579,high,0.75,0.4361,25-34 years old,Female,"No, I am not colourblind",11934,100,True,27,yes,yes,yes,yes,,high_sem_low_perc,Q3,high,low,22,19,12,3.588,8.258,-0.6875,-0.2703,0.8451,1.2339,-0.8359,0.6029,0.4922,-1.1892,1.0,0.5,0.6666666666666666
R_84px6Rg1cnE1Eze,SK-A-1756,10,ai,9,3.5,3.8439,5.0,yes,4.0,-4.0,1.0,0.6666666666666666,-0.0565009014805694,-1.0565009014805695,0.9434990985194304,low,1.1429,0.5579,-0.4421,1.5579,high,0.75,0.4361,25-34 years old,Female,"No, I am not colourblind",11934,100,True,27,yes,yes,yes,yes,,high_sem_high_perc,Q1,high,high,20,12,9,5.001,12.19,0.1782,-0.3717,-0.2415,0.2636,-0.0008,-0.1165,-1.106,-1.1892,1.0,0.5,0.6666666666666666
R_84px6Rg1cnE1Eze,SK-C-153,11,human,1,-4.5,11.8439,1.0,yes,0.0,0.0,1.0,0.6666666666666666,-0.0565009014805694,-1.0565009014805695,0.9434990985194304,low,1.1429,0.5579,-0.4421,1.5579,high,0.75,0.4361,25-34 years old,Female,"No, I am not colourblind",11934,100,True,27,yes,yes,yes,yes,,low_sem_high_perc,Q2,low,high,14,12,8,6.72,23.164,1.2313,-0.6758,-0.2415,-0.0599,2.3297,-0.3257,0.2978,-1.1892,1.0,0.5,0.6666666666666666
R_84px6Rg1cnE1Eze,SK-A-2110,12,none,10,4.5,11.8439,5.0,yes,5.0,-5.0,1.0,0.6666666666666666,-0.0565009014805694,-1.0565009014805695,0.9434990985194304,low,1.1429,0.5579,-0.4421,1.5579,high,0.75,0.4361,25-34 years old,Female,"No, I am not colourblind",11934,100,True,27,yes,yes,yes,yes,,high_sem_low_perc,Q3,high,low,29,17,13,4.449,10.91,-0.16,0.0845,0.5346,1.5574,-0.2727,0.7255,0.9709,-1.1892,1.0,0.5,0.6666666666666666
R_84px6Rg1cnE1Eze,SK-A-2320 A,13,human,10,4.5,11.8439,6.0,yes,4.0,-4.0,1.0,0.6666666666666666,-0.0565009014805694,-1.0565009014805695,0.9434990985194304,low,1.1429,0.5579,-0.4421,1.5579,high,0.75,0.4361,25-34 years old,Female,"No, I am not colourblind",11934,100,True,27,yes,yes,yes,yes,,high_sem_low_perc,Q3,high,low,47,24,14,4.652,11.926,-0.0356,0.9968,1.6212,1.8808,-0.0569,1.4996,0.4324,-1.1892,1.0,0.5,0.6666666666666666
R_84px6Rg1cnE1Eze,SK-A-3297,14,none,10,4.5,11.8439,7.0,yes,3.0,-3.0,1.0,0.6666666666666666,-0.0565009014805694,-1.0565009014805695,0.9434990985194304,low,1.1429,0.5579,-0.4421,1.5579,high,0.75,0.4361,25-34 years old,Female,"No, I am not colourblind",11934,100,True,27,yes,yes,yes,yes,,low_sem_low_perc,Q4,low,low,17,10,7,4.118,13.599,-0.3628,-0.5237,-0.5519,-0.3834,0.2984,-0.4863,-0.4879,-1.1892,1.0,0.5,0.6666666666666666
R_84px6Rg1cnE1Eze,SK-A-388,15,none,10,4.5,11.8439,7.0,yes,3.0,-3.0,1.0,0.6666666666666666,-0.0565009014805694,-1.0565009014805695,0.9434990985194304,low,1.1429,0.5579,-0.4421,1.5579,high,0.75,0.4361,25-34 years old,Female,"No, I am not colourblind",11934,100,True,27,yes,yes,yes,yes,,high_sem_low_perc,Q3,high,low,52,24,12,4.026,10.43,-0.4191,1.2502,1.6212,1.2339,-0.3746,1.3684,0.1145,-1.1892,1.0,0.5,0.6666666666666666
R_84px6Rg1cnE1Eze,SK-C-95,16,human,4,-1.5,-6.1561,6.0,yes,2.0,2.0,1.0,0.6666666666666666,-0.0565009014805694,-1.0565009014805695,0.9434990985194304,low,1.1429,0.5579,-0.4421,1.5579,high,0.75,0.4361,25-34 years old,Female,"No, I am not colourblind",11934,100,True,27,yes,yes,yes,yes,,low_sem_high_perc,Q2,low,high,12,10,6,5.078,11.141,0.2254,-0.7772,-0.5519,-0.7068,-0.2236,-0.6786,0.0208,-1.1892,1.0,0.5,0.6666666666666666
R_84px6Rg1cnE1Eze,SK-A-1713,17,human,10,4.5,11.8439,1.0,yes,9.0,-9.0,1.0,0.6666666666666666,-0.0565009014805694,-1.0565009014805695,0.9434990985194304,low,1.1429,0.5579,-0.4421,1.5579,high,0.75,0.4361,25-34 years old,Female,"No, I am not colourblind",11934,100,True,27,yes,yes,yes,yes,,low_sem_low_perc,Q4,low,low,15,13,10,2.989,8.961,-1.0545,-0.6251,-0.0862,0.587,-0.6866,-0.0414,-0.1003,-1.1892,1.0,0.5,0.6666666666666666
R_84px6Rg1cnE1Eze,SK-A-1684,18,human,6,0.5,-8.1561,1.0,yes,5.0,-5.0,1.0,0.6666666666666666,-0.0565009014805694,-1.0565009014805695,0.9434990985194304,low,1.1429,0.5579,-0.4421,1.5579,high,0.75,0.4361,25-34 years old,Female,"No, I am not colourblind",11934,100,True,27,yes,yes,yes,yes,,low_sem_low_perc,Q4,low,low,7,6,5,1.478,7.119,-1.9802,-1.0306,-1.1728,-1.0303,-1.0777,-1.0779,1.5061,-1.1892,1.0,0.5,0.6666666666666666
R_84px6Rg1cnE1Eze,SK-A-1906,19,ai,8,2.5,-2.1561,4.0,yes,4.0,-4.0,1.0,0.6666666666666666,-0.0565009014805694,-1.0565009014805695,0.9434990985194304,low,1.1429,0.5579,-0.4421,1.5579,high,0.75,0.4361,25-34 years old,Female,"No, I am not colourblind",11934,100,True,27,yes,yes,yes,yes,,high_sem_low_perc,Q3,high,low,43,16,11,4.708,19.343,-0.0013,0.7941,0.3794,0.9105,1.5182,0.6947,0.4853,-1.1892,1.0,0.5,0.6666666666666666
R_84px6Rg1cnE1Eze,SK-A-3023,20,human,9,3.5,3.8439,4.0,yes,5.0,-5.0,1.0,0.6666666666666666,-0.0565009014805694,-1.0565009014805695,0.9434990985194304,low,1.1429,0.5579,-0.4421,1.5579,high,0.75,0.4361,25-34 years old,Female,"No, I am not colourblind",11934,100,True,27,yes,yes,yes,yes,,high_sem_low_perc,Q3,high,low,24,9,6,2.609,6.171,-1.2873,-0.169,-0.7071,-0.7068,-1.2791,-0.5276,-0.4284,-1.1892,1.0,0.5,0.6666666666666666
R_84px6Rg1cnE1Eze,SK-A-110,21,ai,10,4.5,11.8439,1.0,yes,9.0,-9.0,1.0,0.6666666666666666,-0.0565009014805694,-1.0565009014805695,0.9434990985194304,low,1.1429,0.5579,-0.4421,1.5579,high,0.75,0.4361,25-34 years old,Female,"No, I am not colourblind",11934,100,True,27,yes,yes,yes,yes,,low_sem_high_perc,Q2,low,high,9,7,5,5.104,15.147,0.2413,-0.9292,-1.0175,-1.0303,0.6271,-0.9923,0.0078,-1.1892,1.0,0.5,0.6666666666666666
R_84px6Rg1cnE1Eze,SK-A-1574,22,human,10,4.5,11.8439,7.0,yes,3.0,-3.0,1.0,0.6666666666666666,-0.0565009014805694,-1.0565009014805695,0.9434990985194304,low,1.1429,0.5579,-0.4421,1.5579,high,0.75,0.4361,25-34 years old,Female,"No, I am not colourblind",11934,100,True,27,yes,yes,yes,yes,,high_sem_high_perc,Q1,high,high,41,19,10,6.451,10.977,1.0665,0.6927,0.8451,0.587,-0.2584,0.7083,-1.9879,-1.1892,1.0,0.5,0.6666666666666666
R_84px6Rg1cnE1Eze,SK-A-4469,23,none,4,-1.5,-6.1561,1.0,yes,3.0,-3.0,1.0,0.6666666666666666,-0.0565009014805694,-1.0565009014805695,0.9434990985194304,low,1.1429,0.5579,-0.4421,1.5579,high,0.75,0.4361,25-34 years old,Female,"No, I am not colourblind",11934,100,True,27,yes,yes,yes,yes,,high_sem_high_perc,Q1,high,high,31,11,6,6.128,21.628,0.8686,0.1858,-0.3967,-0.7068,2.0035,-0.3059,-0.9165,-1.1892,1.0,0.5,0.6666666666666666
R_84px6Rg1cnE1Eze,SK-C-1215,24,none,2,-3.5,3.8439,2.0,yes,0.0,0.0,1.0,0.6666666666666666,-0.0565009014805694,-1.0565009014805695,0.9434990985194304,low,1.1429,0.5579,-0.4421,1.5579,high,0.75,0.4361,25-34 years old,Female,"No, I am not colourblind",11934,100,True,27,yes,yes,yes,yes,,high_sem_high_perc,Q1,high,high,24,14,8,5.533,8.134,0.5041,-0.169,0.069,-0.0599,-0.8622,-0.0533,-0.0772,-1.1892,1.0,0.5,0.6666666666666666
R_84px6Rg1cnE1Eze,SK-A-2320 B,25,ai,1,-4.5,11.8439,8.0,yes,7.0,7.0,1.0,0.6666666666666666,-0.0565009014805694,-1.0565009014805695,0.9434990985194304,low,1.1429,0.5579,-0.4421,1.5579,high,0.75,0.4361,25-34 years old,Female,"No, I am not colourblind",11934,100,True,27,yes,yes,yes,yes,,low_sem_high_perc,Q2,low,high,11,7,4,4.974,8.222,0.1616,-0.8279,-1.0175,-1.3537,-0.8435,-1.0664,0.3704,-1.1892,1.0,0.5,0.6666666666666666
R_84px6Rg1cnE1Eze,SK-A-864,26,ai,8,2.5,-2.1561,3.0,yes,5.0,-5.0,1.0,0.6666666666666666,-0.0565009014805694,-1.0565009014805695,0.9434990985194304,low,1.1429,0.5579,-0.4421,1.5579,high,0.75,0.4361,25-34 years old,Female,"No, I am not colourblind",11934,100,True,27,yes,yes,yes,yes,,high_sem_high_perc,Q1,high,high,66,28,11,8.181,13.079,2.1264,1.9598,2.242,0.9105,0.188,1.7041,1.4922,-1.1892,1.0,0.5,0.6666666666666666
R_84px6Rg1cnE1Eze,SK-A-87,27,none,3,-2.5,-2.1561,2.0,yes,1.0,-1.0,1.0,0.6666666666666666,-0.0565009014805694,-1.0565009014805695,0.9434990985194304,low,1.1429,0.5579,-0.4421,1.5579,high,0.75,0.4361,25-34 years old,Female,"No, I am not colourblind",11934,100,True,27,yes,yes,yes,yes,,low_sem_low_perc,Q4,low,low,16,9,4,1.284,3.991,-2.099,-0.5744,-0.7071,-1.3537,-1.742,-0.8784,0.5278,-1.1892,1.0,0.5,0.6666666666666666
R_7g77nYvExkopg2k,SK-A-298,1,none,7,1.5,-6.1561,4.0,yes,3.0,-3.0,1.0,0.8333333333333334,0.2744329500484805,-0.7255670499515194,1.2744329500484806,high,1.0,0.2627,-0.7373,1.2627,high,0.0,-1.0998,55-64 years old,Male,"No, I am not colourblind",504,100,True,27,yes,yes,yes,yes,,high_sem_low_perc,Q3,high,low,22,19,12,3.588,8.258,-0.6875,-0.2703,0.8451,1.2339,-0.8359,0.6029,0.4922,-1.4114,1.0,2.5,1.6666666666666667
R_7g77nYvExkopg2k,SK-A-864,2,none,1,-4.5,11.8439,5.0,yes,4.0,4.0,1.0,0.8333333333333334,0.2744329500484805,-0.7255670499515194,1.2744329500484806,high,1.0,0.2627,-0.7373,1.2627,high,0.0,-1.0998,55-64 years old,Male,"No, I am not colourblind",504,100,True,27,yes,yes,yes,yes,,high_sem_high_perc,Q1,high,high,66,28,11,8.181,13.079,2.1264,1.9598,2.242,0.9105,0.188,1.7041,1.4922,-1.4114,1.0,2.5,1.6666666666666667
R_7g77nYvExkopg2k,SK-A-3023,3,human,1,-4.5,11.8439,5.0,yes,4.0,4.0,1.0,0.8333333333333334,0.2744329500484805,-0.7255670499515194,1.2744329500484806,high,1.0,0.2627,-0.7373,1.2627,high,0.0,-1.0998,55-64 years old,Male,"No, I am not colourblind",504,100,True,27,yes,yes,yes,yes,,high_sem_low_perc,Q3,high,low,24,9,6,2.609,6.171,-1.2873,-0.169,-0.7071,-0.7068,-1.2791,-0.5276,-0.4284,-1.4114,1.0,2.5,1.6666666666666667
R_7g77nYvExkopg2k,SK-A-1756,4,human,3,-2.5,-2.1561,3.0,yes,0.0,0.0,1.0,0.8333333333333334,0.2744329500484805,-0.7255670499515194,1.2744329500484806,high,1.0,0.2627,-0.7373,1.2627,high,0.0,-1.0998,55-64 years old,Male,"No, I am not colourblind",504,100,True,27,yes,yes,yes,yes,,high_sem_high_perc,Q1,high,high,20,12,9,5.001,12.19,0.1782,-0.3717,-0.2415,0.2636,-0.0008,-0.1165,-1.106,-1.4114,1.0,2.5,1.6666666666666667
R_7g77nYvExkopg2k,SK-C-243,5,ai,9,3.5,3.8439,4.0,yes,5.0,-5.0,1.0,0.8333333333333334,0.2744329500484805,-0.7255670499515194,1.2744329500484806,high,1.0,0.2627,-0.7373,1.2627,high,0.0,-1.0998,55-64 years old,Male,"No, I am not colourblind",504,100,True,27,yes,yes,yes,yes,,low_sem_low_perc,Q4,low,low,14,12,6,4.052,8.426,-0.4032,-0.6758,-0.2415,-0.7068,-0.8002,-0.5414,0.1632,-1.4114,1.0,2.5,1.6666666666666667
R_7g77nYvExkopg2k,SK-A-110,6,none,3,-2.5,-2.1561,3.0,yes,0.0,0.0,1.0,0.8333333333333334,0.2744329500484805,-0.7255670499515194,1.2744329500484806,high,1.0,0.2627,-0.7373,1.2627,high,0.0,-1.0998,55-64 years old,Male,"No, I am not colourblind",504,100,True,27,yes,yes,yes,yes,,low_sem_high_perc,Q2,low,high,9,7,5,5.104,15.147,0.2413,-0.9292,-1.0175,-1.0303,0.6271,-0.9923,0.0078,-1.4114,1.0,2.5,1.6666666666666667
R_7g77nYvExkopg2k,SK-A-1574,7,ai,3,-2.5,-2.1561,2.0,yes,1.0,-1.0,1.0,0.8333333333333334,0.2744329500484805,-0.7255670499515194,1.2744329500484806,high,1.0,0.2627,-0.7373,1.2627,high,0.0,-1.0998,55-64 years old,Male,"No, I am not colourblind",504,100,True,27,yes,yes,yes,yes,,high_sem_high_perc,Q1,high,high,41,19,10,6.451,10.977,1.0665,0.6927,0.8451,0.587,-0.2584,0.7083,-1.9879,-1.4114,1.0,2.5,1.6666666666666667
R_7g77nYvExkopg2k,SK-A-2320 A,8,ai,10,4.5,11.8439,5.0,yes,5.0,-5.0,1.0,0.8333333333333334,0.2744329500484805,-0.7255670499515194,1.2744329500484806,high,1.0,0.2627,-0.7373,1.2627,high,0.0,-1.0998,55-64 years old,Male,"No, I am not colourblind",504,100,True,27,yes,yes,yes,yes,,high_sem_low_perc,Q3,high,low,47,24,14,4.652,11.926,-0.0356,0.9968,1.6212,1.8808,-0.0569,1.4996,0.4324,-1.4114,1.0,2.5,1.6666666666666667
R_7g77nYvExkopg2k,SK-A-1684,9,none,5,-0.5,-8.1561,4.0,yes,1.0,-1.0,1.0,0.8333333333333334,0.2744329500484805,-0.7255670499515194,1.2744329500484806,high,1.0,0.2627,-0.7373,1.2627,high,0.0,-1.0998,55-64 years old,Male,"No, I am not colourblind",504,100,True,27,yes,yes,yes,yes,,low_sem_low_perc,Q4,low,low,7,6,5,1.478,7.119,-1.9802,-1.0306,-1.1728,-1.0303,-1.0777,-1.0779,1.5061,-1.4114,1.0,2.5,1.6666666666666667
R_7g77nYvExkopg2k,SK-C-153,10,ai,7,1.5,-6.1561,3.0,yes,4.0,-4.0,1.0,0.8333333333333334,0.2744329500484805,-0.7255670499515194,1.2744329500484806,high,1.0,0.2627,-0.7373,1.2627,high,0.0,-1.0998,55-64 years old,Male,"No, I am not colourblind",504,100,True,27,yes,yes,yes,yes,,low_sem_high_perc,Q2,low,high,14,12,8,6.72,23.164,1.2313,-0.6758,-0.2415,-0.0599,2.3297,-0.3257,0.2978,-1.4114,1.0,2.5,1.6666666666666667
R_7g77nYvExkopg2k,SK-A-388,11,ai,1,-4.5,11.8439,6.0,yes,5.0,5.0,1.0,0.8333333333333334,0.2744329500484805,-0.7255670499515194,1.2744329500484806,high,1.0,0.2627,-0.7373,1.2627,high,0.0,-1.0998,55-64 years old,Male,"No, I am not colourblind",504,100,True,27,yes,yes,yes,yes,,high_sem_low_perc,Q3,high,low,52,24,12,4.026,10.43,-0.4191,1.2502,1.6212,1.2339,-0.3746,1.3684,0.1145,-1.4114,1.0,2.5,1.6666666666666667
R_7g77nYvExkopg2k,SK-A-4469,12,human,9,3.5,3.8439,2.0,yes,7.0,-7.0,1.0,0.8333333333333334,0.2744329500484805,-0.7255670499515194,1.2744329500484806,high,1.0,0.2627,-0.7373,1.2627,high,0.0,-1.0998,55-64 years old,Male,"No, I am not colourblind",504,100,True,27,yes,yes,yes,yes,,high_sem_high_perc,Q1,high,high,31,11,6,6.128,21.628,0.8686,0.1858,-0.3967,-0.7068,2.0035,-0.3059,-0.9165,-1.4114,1.0,2.5,1.6666666666666667
R_7g77nYvExkopg2k,SK-A-1906,13,human,6,0.5,-8.1561,3.0,yes,3.0,-3.0,1.0,0.8333333333333334,0.2744329500484805,-0.7255670499515194,1.2744329500484806,high,1.0,0.2627,-0.7373,1.2627,high,0.0,-1.0998,55-64 years old,Male,"No, I am not colourblind",504,100,True,27,yes,yes,yes,yes,,high_sem_low_perc,Q3,high,low,43,16,11,4.708,19.343,-0.0013,0.7941,0.3794,0.9105,1.5182,0.6947,0.4853,-1.4114,1.0,2.5,1.6666666666666667
R_7g77nYvExkopg2k,SK-A-4717,14,ai,7,1.5,-6.1561,5.0,yes,2.0,-2.0,1.0,0.8333333333333334,0.2744329500484805,-0.7255670499515194,1.2744329500484806,high,1.0,0.2627,-0.7373,1.2627,high,0.0,-1.0998,55-64 years old,Male,"No, I am not colourblind",504,100,True,27,yes,yes,yes,yes,,low_sem_high_perc,Q2,low,high,12,10,9,6.171,17.158,0.895,-0.7772,-0.5519,0.2636,1.0542,-0.3552,-0.0167,-1.4114,1.0,2.5,1.6666666666666667
R_7g77nYvExkopg2k,SK-C-1215,15,human,5,-0.5,-8.1561,3.0,yes,2.0,-2.0,1.0,0.8333333333333334,0.2744329500484805,-0.7255670499515194,1.2744329500484806,high,1.0,0.2627,-0.7373,1.2627,high,0.0,-1.0998,55-64 years old,Male,"No, I am not colourblind",504,100,True,27,yes,yes,yes,yes,,high_sem_high_perc,Q1,high,high,24,14,8,5.533,8.134,0.5041,-0.169,0.069,-0.0599,-0.8622,-0.0533,-0.0772,-1.4114,1.0,2.5,1.6666666666666667
R_7g77nYvExkopg2k,SK-A-1713,16,ai,8,2.5,-2.1561,5.0,yes,3.0,-3.0,1.0,0.8333333333333334,0.2744329500484805,-0.7255670499515194,1.2744329500484806,high,1.0,0.2627,-0.7373,1.2627,high,0.0,-1.0998,55-64 years old,Male,"No, I am not colourblind",504,100,True,27,yes,yes,yes,yes,,low_sem_low_perc,Q4,low,low,15,13,10,2.989,8.961,-1.0545,-0.6251,-0.0862,0.587,-0.6866,-0.0414,-0.1003,-1.4114,1.0,2.5,1.6666666666666667
R_7g77nYvExkopg2k,SK-A-1298,17,none,1,-4.5,11.8439,2.0,yes,1.0,1.0,1.0,0.8333333333333334,0.2744329500484805,-0.7255670499515194,1.2744329500484806,high,1.0,0.2627,-0.7373,1.2627,high,0.0,-1.0998,55-64 years old,Male,"No, I am not colourblind",504,100,True,27,yes,yes,yes,yes,,low_sem_high_perc,Q2,low,high,13,4,3,6.345,12.638,1.0016,-0.7265,-1.4832,-1.6772,0.0943,-1.2956,-1.1122,-1.4114,1.0,2.5,1.6666666666666667
R_7g77nYvExkopg2k,SK-A-3297,18,none,1,-4.5,11.8439,4.0,yes,3.0,3.0,1.0,0.8333333333333334,0.2744329500484805,-0.7255670499515194,1.2744329500484806,high,1.0,0.2627,-0.7373,1.2627,high,0.0,-1.0998,55-64 years old,Male,"No, I am not colourblind",504,100,True,27,yes,yes,yes,yes,,low_sem_low_perc,Q4,low,low,17,10,7,4.118,13.599,-0.3628,-0.5237,-0.5519,-0.3834,0.2984,-0.4863,-0.4879,-1.4114,1.0,2.5,1.6666666666666667
R_7g77nYvExkopg2k,SK-A-1403,19,human,6,0.5,-8.1561,5.0,yes,1.0,-1.0,1.0,0.8333333333333334,0.2744329500484805,-0.7255670499515194,1.2744329500484806,high,1.0,0.2627,-0.7373,1.2627,high,0.0,-1.0998,55-64 years old,Male,"No, I am not colourblind",504,100,True,27,yes,yes,yes,yes,,high_sem_high_perc,Q1,high,high,69,22,13,5.281,17.539,0.3497,2.1119,1.3107,1.5574,1.1351,1.66,0.7811,-1.4114,1.0,2.5,1.6666666666666667
R_7g77nYvExkopg2k,SK-A-261,20,human,8,2.5,-2.1561,3.0,yes,5.0,-5.0,1.0,0.8333333333333334,0.2744329500484805,-0.7255670499515194,1.2744329500484806,high,1.0,0.2627,-0.7373,1.2627,high,0.0,-1.0998,55-64 years old,Male,"No, I am not colourblind",504,100,True,27,yes,yes,yes,yes,,low_sem_low_perc,Q4,low,low,9,8,7,4.292,16.828,-0.2562,-0.9292,-0.8623,-0.3834,0.9841,-0.725,0.1278,-1.4114,1.0,2.5,1.6666666666666667
R_7g77nYvExkopg2k,SK-A-2110,21,none,2,-3.5,3.8439,5.0,yes,3.0,3.0,1.0,0.8333333333333334,0.2744329500484805,-0.7255670499515194,1.2744329500484806,high,1.0,0.2627,-0.7373,1.2627,high,0.0,-1.0998,55-64 years old,Male,"No, I am not colourblind",504,100,True,27,yes,yes,yes,yes,,high_sem_low_perc,Q3,high,low,29,17,13,4.449,10.91,-0.16,0.0845,0.5346,1.5574,-0.2727,0.7255,0.9709,-1.4114,1.0,2.5,1.6666666666666667
R_7g77nYvExkopg2k,SK-A-2320 B,22,ai,5,-0.5,-8.1561,2.0,yes,3.0,-3.0,1.0,0.8333333333333334,0.2744329500484805,-0.7255670499515194,1.2744329500484806,high,1.0,0.2627,-0.7373,1.2627,high,0.0,-1.0998,55-64 years old,Male,"No, I am not colourblind",504,100,True,27,yes,yes,yes,yes,,low_sem_high_perc,Q2,low,high,11,7,4,4.974,8.222,0.1616,-0.8279,-1.0175,-1.3537,-0.8435,-1.0664,0.3704,-1.4114,1.0,2.5,1.6666666666666667
R_7g77nYvExkopg2k,SK-C-95,23,none,6,0.5,-8.1561,3.0,yes,3.0,-3.0,1.0,0.8333333333333334,0.2744329500484805,-0.7255670499515194,1.2744329500484806,high,1.0,0.2627,-0.7373,1.2627,high,0.0,-1.0998,55-64 years old,Male,"No, I am not colourblind",504,100,True,27,yes,yes,yes,yes,,low_sem_high_perc,Q2,low,high,12,10,6,5.078,11.141,0.2254,-0.7772,-0.5519,-0.7068,-0.2236,-0.6786,0.0208,-1.4114,1.0,2.5,1.6666666666666667
R_7g77nYvExkopg2k,SK-A-62,24,none,9,3.5,3.8439,2.0,yes,7.0,-7.0,1.0,0.8333333333333334,0.2744329500484805,-0.7255670499515194,1.2744329500484806,high,1.0,0.2627,-0.7373,1.2627,high,0.0,-1.0998,55-64 years old,Male,"No, I am not colourblind",504,100,True,27,yes,yes,yes,yes,,low_sem_low_perc,Q4,low,low,6,4,4,4.61,10.563,-0.0614,-1.0813,-1.4832,-1.3537,-0.3464,-1.3061,-1.366,-1.4114,1.0,2.5,1.6666666666666667
R_7g77nYvExkopg2k,SK-A-1940,25,ai,6,0.5,-8.1561,4.0,yes,2.0,-2.0,1.0,0.8333333333333334,0.2744329500484805,-0.7255670499515194,1.2744329500484806,high,1.0,0.2627,-0.7373,1.2627,high,0.0,-1.0998,55-64 years old,Male,"No, I am not colourblind",504,100,True,27,yes,yes,yes,yes,,high_sem_high_perc,Q1,high,high,39,23,10,7.148,15.116,1.4935,0.5913,1.466,0.587,0.6205,0.8814,-0.3461,-1.4114,1.0,2.5,1.6666666666666667
R_7g77nYvExkopg2k,SK-A-232,26,human,2,-3.5,3.8439,5.0,yes,3.0,3.0,1.0,0.8333333333333334,0.2744329500484805,-0.7255670499515194,1.2744329500484806,high,1.0,0.2627,-0.7373,1.2627,high,0.0,-1.0998,55-64 years old,Male,"No, I am not colourblind",504,100,True,27,yes,yes,yes,yes,,high_sem_low_perc,Q3,high,low,76,16,8,2.204,6.579,-1.5354,2.4667,0.3794,-0.0599,-1.1924,0.9287,0.1549,-1.4114,1.0,2.5,1.6666666666666667
R_7g77nYvExkopg2k,SK-A-87,27,human,1,-4.5,11.8439,2.0,yes,1.0,1.0,1.0,0.8333333333333334,0.2744329500484805,-0.7255670499515194,1.2744329500484806,high,1.0,0.2627,-0.7373,1.2627,high,0.0,-1.0998,55-64 years old,Male,"No, I am not colourblind",504,100,True,27,yes,yes,yes,yes,,low_sem_low_perc,Q4,low,low,16,9,4,1.284,3.991,-2.099,-0.5744,-0.7071,-1.3537,-1.742,-0.8784,0.5278,-1.4114,1.0,2.5,1.6666666666666667
R_8eXAcTAW8HaPh3C,SK-C-243,1,none,8,2.5,-2.1561,6.0,yes,2.0,-2.0,1.0,0.3333333333333333,-0.7183686045386691,-1.7183686045386692,0.2816313954613308,low,0.8571,-0.0325,-1.0325,0.9675,low,1.375,1.716,35-44 years old,Female,"No, I am not colourblind",322,100,True,27,yes,yes,yes,yes,,low_sem_low_perc,Q4,low,low,14,12,6,4.052,8.426,-0.4032,-0.6758,-0.2415,-0.7068,-0.8002,-0.5414,0.1632,1.4775,1.0,0.5,0.6666666666666666
R_8eXAcTAW8HaPh3C,SK-A-1756,2,none,5,-0.5,-8.1561,4.0,yes,1.0,-1.0,1.0,0.3333333333333333,-0.7183686045386691,-1.7183686045386692,0.2816313954613308,low,0.8571,-0.0325,-1.0325,0.9675,low,1.375,1.716,35-44 years old,Female,"No, I am not colourblind",322,100,True,27,yes,yes,yes,yes,,high_sem_high_perc,Q1,high,high,20,12,9,5.001,12.19,0.1782,-0.3717,-0.2415,0.2636,-0.0008,-0.1165,-1.106,1.4775,1.0,0.5,0.6666666666666666
R_8eXAcTAW8HaPh3C,SK-A-1906,3,none,5,-0.5,-8.1561,4.0,yes,1.0,-1.0,1.0,0.3333333333333333,-0.7183686045386691,-1.7183686045386692,0.2816313954613308,low,0.8571,-0.0325,-1.0325,0.9675,low,1.375,1.716,35-44 years old,Female,"No, I am not colourblind",322,100,True,27,yes,yes,yes,yes,,high_sem_low_perc,Q3,high,low,43,16,11,4.708,19.343,-0.0013,0.7941,0.3794,0.9105,1.5182,0.6947,0.4853,1.4775,1.0,0.5,0.6666666666666666
R_8eXAcTAW8HaPh3C,SK-A-110,4,ai,8,2.5,-2.1561,5.0,yes,3.0,-3.0,1.0,0.3333333333333333,-0.7183686045386691,-1.7183686045386692,0.2816313954613308,low,0.8571,-0.0325,-1.0325,0.9675,low,1.375,1.716,35-44 years old,Female,"No, I am not colourblind",322,100,True,27,yes,yes,yes,yes,,low_sem_high_perc,Q2,low,high,9,7,5,5.104,15.147,0.2413,-0.9292,-1.0175,-1.0303,0.6271,-0.9923,0.0078,1.4775,1.0,0.5,0.6666666666666666
R_8eXAcTAW8HaPh3C,SK-A-2320 B,5,human,6,0.5,-8.1561,6.0,yes,0.0,0.0,1.0,0.3333333333333333,-0.7183686045386691,-1.7183686045386692,0.2816313954613308,low,0.8571,-0.0325,-1.0325,0.9675,low,1.375,1.716,35-44 years old,Female,"No, I am not colourblind",322,100,True,27,yes,yes,yes,yes,,low_sem_high_perc,Q2,low,high,11,7,4,4.974,8.222,0.1616,-0.8279,-1.0175,-1.3537,-0.8435,-1.0664,0.3704,1.4775,1.0,0.5,0.6666666666666666
R_8eXAcTAW8HaPh3C,SK-A-1403,6,ai,5,-0.5,-8.1561,4.0,yes,1.0,-1.0,1.0,0.3333333333333333,-0.7183686045386691,-1.7183686045386692,0.2816313954613308,low,0.8571,-0.0325,-1.0325,0.9675,low,1.375,1.716,35-44 years old,Female,"No, I am not colourblind",322,100,True,27,yes,yes,yes,yes,,high_sem_high_perc,Q1,high,high,69,22,13,5.281,17.539,0.3497,2.1119,1.3107,1.5574,1.1351,1.66,0.7811,1.4775,1.0,0.5,0.6666666666666666
R_8eXAcTAW8HaPh3C,SK-C-95,7,ai,8,2.5,-2.1561,6.0,yes,2.0,-2.0,1.0,0.3333333333333333,-0.7183686045386691,-1.7183686045386692,0.2816313954613308,low,0.8571,-0.0325,-1.0325,0.9675,low,1.375,1.716,35-44 years old,Female,"No, I am not colourblind",322,100,True,27,yes,yes,yes,yes,,low_sem_high_perc,Q2,low,high,12,10,6,5.078,11.141,0.2254,-0.7772,-0.5519,-0.7068,-0.2236,-0.6786,0.0208,1.4775,1.0,0.5,0.6666666666666666
R_8eXAcTAW8HaPh3C,SK-A-4717,8,none,8,2.5,-2.1561,3.0,yes,5.0,-5.0,1.0,0.3333333333333333,-0.7183686045386691,-1.7183686045386692,0.2816313954613308,low,0.8571,-0.0325,-1.0325,0.9675,low,1.375,1.716,35-44 years old,Female,"No, I am not colourblind",322,100,True,27,yes,yes,yes,yes,,low_sem_high_perc,Q2,low,high,12,10,9,6.171,17.158,0.895,-0.7772,-0.5519,0.2636,1.0542,-0.3552,-0.0167,1.4775,1.0,0.5,0.6666666666666666
R_8eXAcTAW8HaPh3C,SK-A-261,9,human,2,-3.5,3.8439,3.0,yes,1.0,1.0,1.0,0.3333333333333333,-0.7183686045386691,-1.7183686045386692,0.2816313954613308,low,0.8571,-0.0325,-1.0325,0.9675,low,1.375,1.716,35-44 years old,Female,"No, I am not colourblind",322,100,True,27,yes,yes,yes,yes,,low_sem_low_perc,Q4,low,low,9,8,7,4.292,16.828,-0.2562,-0.9292,-0.8623,-0.3834,0.9841,-0.725,0.1278,1.4775,1.0,0.5,0.6666666666666666
R_8eXAcTAW8HaPh3C,SK-A-1574,10,human,9,3.5,3.8439,7.0,yes,2.0,-2.0,1.0,0.3333333333333333,-0.7183686045386691,-1.7183686045386692,0.2816313954613308,low,0.8571,-0.0325,-1.0325,0.9675,low,1.375,1.716,35-44 years old,Female,"No, I am not colourblind",322,100,True,27,yes,yes,yes,yes,,high_sem_high_perc,Q1,high,high,41,19,10,6.451,10.977,1.0665,0.6927,0.8451,0.587,-0.2584,0.7083,-1.9879,1.4775,1.0,0.5,0.6666666666666666
R_8eXAcTAW8HaPh3C,SK-A-2110,11,human,4,-1.5,-6.1561,6.0,yes,2.0,2.0,1.0,0.3333333333333333,-0.7183686045386691,-1.7183686045386692,0.2816313954613308,low,0.8571,-0.0325,-1.0325,0.9675,low,1.375,1.716,35-44 years old,Female,"No, I am not colourblind",322,100,True,27,yes,yes,yes,yes,,high_sem_low_perc,Q3,high,low,29,17,13,4.449,10.91,-0.16,0.0845,0.5346,1.5574,-0.2727,0.7255,0.9709,1.4775,1.0,0.5,0.6666666666666666
R_8eXAcTAW8HaPh3C,SK-A-1940,12,human,8,2.5,-2.1561,4.0,yes,4.0,-4.0,1.0,0.3333333333333333,-0.7183686045386691,-1.7183686045386692,0.2816313954613308,low,0.8571,-0.0325,-1.0325,0.9675,low,1.375,1.716,35-44 years old,Female,"No, I am not colourblind",322,100,True,27,yes,yes,yes,yes,,high_sem_high_perc,Q1,high,high,39,23,10,7.148,15.116,1.4935,0.5913,1.466,0.587,0.6205,0.8814,-0.3461,1.4775,1.0,0.5,0.6666666666666666
R_8eXAcTAW8HaPh3C,SK-A-1298,13,ai,6,0.5,-8.1561,4.0,yes,2.0,-2.0,1.0,0.3333333333333333,-0.7183686045386691,-1.7183686045386692,0.2816313954613308,low,0.8571,-0.0325,-1.0325,0.9675,low,1.375,1.716,35-44 years old,Female,"No, I am not colourblind",322,100,True,27,yes,yes,yes,yes,,low_sem_high_perc,Q2,low,high,13,4,3,6.345,12.638,1.0016,-0.7265,-1.4832,-1.6772,0.0943,-1.2956,-1.1122,1.4775,1.0,0.5,0.6666666666666666
R_8eXAcTAW8HaPh3C,SK-A-3297,14,human,7,1.5,-6.1561,5.0,yes,2.0,-2.0,1.0,0.3333333333333333,-0.7183686045386691,-1.7183686045386692,0.2816313954613308,low,0.8571,-0.0325,-1.0325,0.9675,low,1.375,1.716,35-44 years old,Female,"No, I am not colourblind",322,100,True,27,yes,yes,yes,yes,,low_sem_low_perc,Q4,low,low,17,10,7,4.118,13.599,-0.3628,-0.5237,-0.5519,-0.3834,0.2984,-0.4863,-0.4879,1.4775,1.0,0.5,0.6666666666666666
R_8eXAcTAW8HaPh3C,SK-C-1215,15,ai,7,1.5,-6.1561,3.0,yes,4.0,-4.0,1.0,0.3333333333333333,-0.7183686045386691,-1.7183686045386692,0.2816313954613308,low,0.8571,-0.0325,-1.0325,0.9675,low,1.375,1.716,35-44 years old,Female,"No, I am not colourblind",322,100,True,27,yes,yes,yes,yes,,high_sem_high_perc,Q1,high,high,24,14,8,5.533,8.134,0.5041,-0.169,0.069,-0.0599,-0.8622,-0.0533,-0.0772,1.4775,1.0,0.5,0.6666666666666666
R_8eXAcTAW8HaPh3C,SK-A-864,16,none,6,0.5,-8.1561,9.0,yes,3.0,3.0,1.0,0.3333333333333333,-0.7183686045386691,-1.7183686045386692,0.2816313954613308,low,0.8571,-0.0325,-1.0325,0.9675,low,1.375,1.716,35-44 years old,Female,"No, I am not colourblind",322,100,True,27,yes,yes,yes,yes,,high_sem_high_perc,Q1,high,high,66,28,11,8.181,13.079,2.1264,1.9598,2.242,0.9105,0.188,1.7041,1.4922,1.4775,1.0,0.5,0.6666666666666666
R_8eXAcTAW8HaPh3C,SK-C-153,17,human,8,2.5,-2.1561,6.0,yes,2.0,-2.0,1.0,0.3333333333333333,-0.7183686045386691,-1.7183686045386692,0.2816313954613308,low,0.8571,-0.0325,-1.0325,0.9675,low,1.375,1.716,35-44 years old,Female,"No, I am not colourblind",322,100,True,27,yes,yes,yes,yes,,low_sem_high_perc,Q2,low,high,14,12,8,6.72,23.164,1.2313,-0.6758,-0.2415,-0.0599,2.3297,-0.3257,0.2978,1.4775,1.0,0.5,0.6666666666666666
R_8eXAcTAW8HaPh3C,SK-A-1684,18,ai,10,4.5,11.8439,3.0,yes,7.0,-7.0,1.0,0.3333333333333333,-0.7183686045386691,-1.7183686045386692,0.2816313954613308,low,0.8571,-0.0325,-1.0325,0.9675,low,1.375,1.716,35-44 years old,Female,"No, I am not colourblind",322,100,True,27,yes,yes,yes,yes,,low_sem_low_perc,Q4,low,low,7,6,5,1.478,7.119,-1.9802,-1.0306,-1.1728,-1.0303,-1.0777,-1.0779,1.5061,1.4775,1.0,0.5,0.6666666666666666
R_8eXAcTAW8HaPh3C,SK-A-62,19,human,9,3.5,3.8439,4.0,yes,5.0,-5.0,1.0,0.3333333333333333,-0.7183686045386691,-1.7183686045386692,0.2816313954613308,low,0.8571,-0.0325,-1.0325,0.9675,low,1.375,1.716,35-44 years old,Female,"No, I am not colourblind",322,100,True,27,yes,yes,yes,yes,,low_sem_low_perc,Q4,low,low,6,4,4,4.61,10.563,-0.0614,-1.0813,-1.4832,-1.3537,-0.3464,-1.3061,-1.366,1.4775,1.0,0.5,0.6666666666666666
R_8eXAcTAW8HaPh3C,SK-A-298,20,ai,10,4.5,11.8439,9.0,yes,1.0,-1.0,1.0,0.3333333333333333,-0.7183686045386691,-1.7183686045386692,0.2816313954613308,low,0.8571,-0.0325,-1.0325,0.9675,low,1.375,1.716,35-44 years old,Female,"No, I am not colourblind",322,100,True,27,yes,yes,yes,yes,,high_sem_low_perc,Q3,high,low,22,19,12,3.588,8.258,-0.6875,-0.2703,0.8451,1.2339,-0.8359,0.6029,0.4922,1.4775,1.0,0.5,0.6666666666666666
R_8eXAcTAW8HaPh3C,SK-A-3023,21,none,6,0.5,-8.1561,8.0,yes,2.0,2.0,1.0,0.3333333333333333,-0.7183686045386691,-1.7183686045386692,0.2816313954613308,low,0.8571,-0.0325,-1.0325,0.9675,low,1.375,1.716,35-44 years old,Female,"No, I am not colourblind",322,100,True,27,yes,yes,yes,yes,,high_sem_low_perc,Q3,high,low,24,9,6,2.609,6.171,-1.2873,-0.169,-0.7071,-0.7068,-1.2791,-0.5276,-0.4284,1.4775,1.0,0.5,0.6666666666666666
R_8eXAcTAW8HaPh3C,SK-A-1713,22,none,7,1.5,-6.1561,8.0,yes,1.0,1.0,1.0,0.3333333333333333,-0.7183686045386691,-1.7183686045386692,0.2816313954613308,low,0.8571,-0.0325,-1.0325,0.9675,low,1.375,1.716,35-44 years old,Female,"No, I am not colourblind",322,100,True,27,yes,yes,yes,yes,,low_sem_low_perc,Q4,low,low,15,13,10,2.989,8.961,-1.0545,-0.6251,-0.0862,0.587,-0.6866,-0.0414,-0.1003,1.4775,1.0,0.5,0.6666666666666666
R_8eXAcTAW8HaPh3C,SK-A-2320 A,23,ai,7,1.5,-6.1561,4.0,yes,3.0,-3.0,1.0,0.3333333333333333,-0.7183686045386691,-1.7183686045386692,0.2816313954613308,low,0.8571,-0.0325,-1.0325,0.9675,low,1.375,1.716,35-44 years old,Female,"No, I am not colourblind",322,100,True,27,yes,yes,yes,yes,,high_sem_low_perc,Q3,high,low,47,24,14,4.652,11.926,-0.0356,0.9968,1.6212,1.8808,-0.0569,1.4996,0.4324,1.4775,1.0,0.5,0.6666666666666666
R_8eXAcTAW8HaPh3C,SK-A-388,24,none,3,-2.5,-2.1561,10.0,yes,7.0,7.0,1.0,0.3333333333333333,-0.7183686045386691,-1.7183686045386692,0.2816313954613308,low,0.8571,-0.0325,-1.0325,0.9675,low,1.375,1.716,35-44 years old,Female,"No, I am not colourblind",322,100,True,27,yes,yes,yes,yes,,high_sem_low_perc,Q3,high,low,52,24,12,4.026,10.43,-0.4191,1.2502,1.6212,1.2339,-0.3746,1.3684,0.1145,1.4775,1.0,0.5,0.6666666666666666
R_8eXAcTAW8HaPh3C,SK-A-4469,25,ai,7,1.5,-6.1561,4.0,yes,3.0,-3.0,1.0,0.3333333333333333,-0.7183686045386691,-1.7183686045386692,0.2816313954613308,low,0.8571,-0.0325,-1.0325,0.9675,low,1.375,1.716,35-44 years old,Female,"No, I am not colourblind",322,100,True,27,yes,yes,yes,yes,,high_sem_high_perc,Q1,high,high,31,11,6,6.128,21.628,0.8686,0.1858,-0.3967,-0.7068,2.0035,-0.3059,-0.9165,1.4775,1.0,0.5,0.6666666666666666
R_8eXAcTAW8HaPh3C,SK-A-87,26,none,5,-0.5,-8.1561,6.0,yes,1.0,1.0,1.0,0.3333333333333333,-0.7183686045386691,-1.7183686045386692,0.2816313954613308,low,0.8571,-0.0325,-1.0325,0.9675,low,1.375,1.716,35-44 years old,Female,"No, I am not colourblind",322,100,True,27,yes,yes,yes,yes,,low_sem_low_perc,Q4,low,low,16,9,4,1.284,3.991,-2.099,-0.5744,-0.7071,-1.3537,-1.742,-0.8784,0.5278,1.4775,1.0,0.5,0.6666666666666666
R_8eXAcTAW8HaPh3C,SK-A-232,27,human,8,2.5,-2.1561,5.0,yes,3.0,-3.0,1.0,0.3333333333333333,-0.7183686045386691,-1.7183686045386692,0.2816313954613308,low,0.8571,-0.0325,-1.0325,0.9675,low,1.375,1.716,35-44 years old,Female,"No, I am not colourblind",322,100,True,27,yes,yes,yes,yes,,high_sem_low_perc,Q3,high,low,76,16,8,2.204,6.579,-1.5354,2.4667,0.3794,-0.0599,-1.1924,0.9287,0.1549,1.4775,1.0,0.5,0.6666666666666666
R_7pYl3A6BkOOjmSk,SK-A-864,1,none,6,0.5,-8.1561,8.0,yes,2.0,2.0,1.0,1.1666666666666667,0.9363006531065804,-0.0636993468934197,1.9363006531065805,high,1.1429,0.5579,-0.4421,1.5579,high,0.625,0.1801,18-24 years old,Male,"No, I am not colourblind",260,100,True,27,yes,yes,yes,yes,,high_sem_high_perc,Q1,high,high,66,28,11,8.181,13.079,2.1264,1.9598,2.242,0.9105,0.188,1.7041,1.4922,0.8108,1.0,0.5,0.6666666666666666
R_7pYl3A6BkOOjmSk,SK-A-1403,2,human,5,-0.5,-8.1561,6.0,yes,1.0,1.0,1.0,1.1666666666666667,0.9363006531065804,-0.0636993468934197,1.9363006531065805,high,1.1429,0.5579,-0.4421,1.5579,high,0.625,0.1801,18-24 years old,Male,"No, I am not colourblind",260,100,True,27,yes,yes,yes,yes,,high_sem_high_perc,Q1,high,high,69,22,13,5.281,17.539,0.3497,2.1119,1.3107,1.5574,1.1351,1.66,0.7811,0.8108,1.0,0.5,0.6666666666666666
R_7pYl3A6BkOOjmSk,SK-A-261,3,ai,8,2.5,-2.1561,6.0,yes,2.0,-2.0,1.0,1.1666666666666667,0.9363006531065804,-0.0636993468934197,1.9363006531065805,high,1.1429,0.5579,-0.4421,1.5579,high,0.625,0.1801,18-24 years old,Male,"No, I am not colourblind",260,100,True,27,yes,yes,yes,yes,,low_sem_low_perc,Q4,low,low,9,8,7,4.292,16.828,-0.2562,-0.9292,-0.8623,-0.3834,0.9841,-0.725,0.1278,0.8108,1.0,0.5,0.6666666666666666
R_7pYl3A6BkOOjmSk,SK-A-4469,4,human,9,3.5,3.8439,5.0,yes,4.0,-4.0,1.0,1.1666666666666667,0.9363006531065804,-0.0636993468934197,1.9363006531065805,high,1.1429,0.5579,-0.4421,1.5579,high,0.625,0.1801,18-24 years old,Male,"No, I am not colourblind",260,100,True,27,yes,yes,yes,yes,,high_sem_high_perc,Q1,high,high,31,11,6,6.128,21.628,0.8686,0.1858,-0.3967,-0.7068,2.0035,-0.3059,-0.9165,0.8108,1.0,0.5,0.6666666666666666
R_7pYl3A6BkOOjmSk,SK-A-298,5,human,10,4.5,11.8439,7.0,yes,3.0,-3.0,1.0,1.1666666666666667,0.9363006531065804,-0.0636993468934197,1.9363006531065805,high,1.1429,0.5579,-0.4421,1.5579,high,0.625,0.1801,18-24 years old,Male,"No, I am not colourblind",260,100,True,27,yes,yes,yes,yes,,high_sem_low_perc,Q3,high,low,22,19,12,3.588,8.258,-0.6875,-0.2703,0.8451,1.2339,-0.8359,0.6029,0.4922,0.8108,1.0,0.5,0.6666666666666666
R_7pYl3A6BkOOjmSk,SK-A-1940,6,none,1,-4.5,11.8439,4.0,yes,3.0,3.0,1.0,1.1666666666666667,0.9363006531065804,-0.0636993468934197,1.9363006531065805,high,1.1429,0.5579,-0.4421,1.5579,high,0.625,0.1801,18-24 years old,Male,"No, I am not colourblind",260,100,True,27,yes,yes,yes,yes,,high_sem_high_perc,Q1,high,high,39,23,10,7.148,15.116,1.4935,0.5913,1.466,0.587,0.6205,0.8814,-0.3461,0.8108,1.0,0.5,0.6666666666666666
R_7pYl3A6BkOOjmSk,SK-A-4717,7,none,5,-0.5,-8.1561,5.0,yes,0.0,0.0,1.0,1.1666666666666667,0.9363006531065804,-0.0636993468934197,1.9363006531065805,high,1.1429,0.5579,-0.4421,1.5579,high,0.625,0.1801,18-24 years old,Male,"No, I am not colourblind",260,100,True,27,yes,yes,yes,yes,,low_sem_high_perc,Q2,low,high,12,10,9,6.171,17.158,0.895,-0.7772,-0.5519,0.2636,1.0542,-0.3552,-0.0167,0.8108,1.0,0.5,0.6666666666666666
R_7pYl3A6BkOOjmSk,SK-A-62,8,none,10,4.5,11.8439,4.0,yes,6.0,-6.0,1.0,1.1666666666666667,0.9363006531065804,-0.0636993468934197,1.9363006531065805,high,1.1429,0.5579,-0.4421,1.5579,high,0.625,0.1801,18-24 years old,Male,"No, I am not colourblind",260,100,True,27,yes,yes,yes,yes,,low_sem_low_perc,Q4,low,low,6,4,4,4.61,10.563,-0.0614,-1.0813,-1.4832,-1.3537,-0.3464,-1.3061,-1.366,0.8108,1.0,0.5,0.6666666666666666
R_7pYl3A6BkOOjmSk,SK-C-95,9,none,3,-2.5,-2.1561,7.0,yes,4.0,4.0,1.0,1.1666666666666667,0.9363006531065804,-0.0636993468934197,1.9363006531065805,high,1.1429,0.5579,-0.4421,1.5579,high,0.625,0.1801,18-24 years old,Male,"No, I am not colourblind",260,100,True,27,yes,yes,yes,yes,,low_sem_high_perc,Q2,low,high,12,10,6,5.078,11.141,0.2254,-0.7772,-0.5519,-0.7068,-0.2236,-0.6786,0.0208,0.8108,1.0,0.5,0.6666666666666666
R_7pYl3A6BkOOjmSk,SK-C-1215,10,none,9,3.5,3.8439,5.0,yes,4.0,-4.0,1.0,1.1666666666666667,0.9363006531065804,-0.0636993468934197,1.9363006531065805,high,1.1429,0.5579,-0.4421,1.5579,high,0.625,0.1801,18-24 years old,Male,"No, I am not colourblind",260,100,True,27,yes,yes,yes,yes,,high_sem_high_perc,Q1,high,high,24,14,8,5.533,8.134,0.5041,-0.169,0.069,-0.0599,-0.8622,-0.0533,-0.0772,0.8108,1.0,0.5,0.6666666666666666
R_7pYl3A6BkOOjmSk,SK-A-232,11,ai,3,-2.5,-2.1561,6.0,yes,3.0,3.0,1.0,1.1666666666666667,0.9363006531065804,-0.0636993468934197,1.9363006531065805,high,1.1429,0.5579,-0.4421,1.5579,high,0.625,0.1801,18-24 years old,Male,"No, I am not colourblind",260,100,True,27,yes,yes,yes,yes,,high_sem_low_perc,Q3,high,low,76,16,8,2.204,6.579,-1.5354,2.4667,0.3794,-0.0599,-1.1924,0.9287,0.1549,0.8108,1.0,0.5,0.6666666666666666
R_7pYl3A6BkOOjmSk,SK-A-1574,12,human,8,2.5,-2.1561,5.0,yes,3.0,-3.0,1.0,1.1666666666666667,0.9363006531065804,-0.0636993468934197,1.9363006531065805,high,1.1429,0.5579,-0.4421,1.5579,high,0.625,0.1801,18-24 years old,Male,"No, I am not colourblind",260,100,True,27,yes,yes,yes,yes,,high_sem_high_perc,Q1,high,high,41,19,10,6.451,10.977,1.0665,0.6927,0.8451,0.587,-0.2584,0.7083,-1.9879,0.8108,1.0,0.5,0.6666666666666666
R_7pYl3A6BkOOjmSk,SK-A-1713,13,ai,9,3.5,3.8439,6.0,yes,3.0,-3.0,1.0,1.1666666666666667,0.9363006531065804,-0.0636993468934197,1.9363006531065805,high,1.1429,0.5579,-0.4421,1.5579,high,0.625,0.1801,18-24 years old,Male,"No, I am not colourblind",260,100,True,27,yes,yes,yes,yes,,low_sem_low_perc,Q4,low,low,15,13,10,2.989,8.961,-1.0545,-0.6251,-0.0862,0.587,-0.6866,-0.0414,-0.1003,0.8108,1.0,0.5,0.6666666666666666
R_7pYl3A6BkOOjmSk,SK-A-1298,14,ai,5,-0.5,-8.1561,6.0,yes,1.0,1.0,1.0,1.1666666666666667,0.9363006531065804,-0.0636993468934197,1.9363006531065805,high,1.1429,0.5579,-0.4421,1.5579,high,0.625,0.1801,18-24 years old,Male,"No, I am not colourblind",260,100,True,27,yes,yes,yes,yes,,low_sem_high_perc,Q2,low,high,13,4,3,6.345,12.638,1.0016,-0.7265,-1.4832,-1.6772,0.0943,-1.2956,-1.1122,0.8108,1.0,0.5,0.6666666666666666
R_7pYl3A6BkOOjmSk,SK-A-1906,15,none,10,4.5,11.8439,5.0,yes,5.0,-5.0,1.0,1.1666666666666667,0.9363006531065804,-0.0636993468934197,1.9363006531065805,high,1.1429,0.5579,-0.4421,1.5579,high,0.625,0.1801,18-24 years old,Male,"No, I am not colourblind",260,100,True,27,yes,yes,yes,yes,,high_sem_low_perc,Q3,high,low,43,16,11,4.708,19.343,-0.0013,0.7941,0.3794,0.9105,1.5182,0.6947,0.4853,0.8108,1.0,0.5,0.6666666666666666
R_7pYl3A6BkOOjmSk,SK-C-153,16,human,3,-2.5,-2.1561,8.0,yes,5.0,5.0,1.0,1.1666666666666667,0.9363006531065804,-0.0636993468934197,1.9363006531065805,high,1.1429,0.5579,-0.4421,1.5579,high,0.625,0.1801,18-24 years old,Male,"No, I am not colourblind",260,100,True,27,yes,yes,yes,yes,,low_sem_high_perc,Q2,low,high,14,12,8,6.72,23.164,1.2313,-0.6758,-0.2415,-0.0599,2.3297,-0.3257,0.2978,0.8108,1.0,0.5,0.6666666666666666
R_7pYl3A6BkOOjmSk,SK-C-243,17,human,6,0.5,-8.1561,6.0,yes,0.0,0.0,1.0,1.1666666666666667,0.9363006531065804,-0.0636993468934197,1.9363006531065805,high,1.1429,0.5579,-0.4421,1.5579,high,0.625,0.1801,18-24 years old,Male,"No, I am not colourblind",260,100,True,27,yes,yes,yes,yes,,low_sem_low_perc,Q4,low,low,14,12,6,4.052,8.426,-0.4032,-0.6758,-0.2415,-0.7068,-0.8002,-0.5414,0.1632,0.8108,1.0,0.5,0.6666666666666666
R_7pYl3A6BkOOjmSk,SK-A-1684,18,ai,5,-0.5,-8.1561,7.0,yes,2.0,2.0,1.0,1.1666666666666667,0.9363006531065804,-0.0636993468934197,1.9363006531065805,high,1.1429,0.5579,-0.4421,1.5579,high,0.625,0.1801,18-24 years old,Male,"No, I am not colourblind",260,100,True,27,yes,yes,yes,yes,,low_sem_low_perc,Q4,low,low,7,6,5,1.478,7.119,-1.9802,-1.0306,-1.1728,-1.0303,-1.0777,-1.0779,1.5061,0.8108,1.0,0.5,0.6666666666666666
R_7pYl3A6BkOOjmSk,SK-A-3023,19,ai,5,-0.5,-8.1561,6.0,yes,1.0,1.0,1.0,1.1666666666666667,0.9363006531065804,-0.0636993468934197,1.9363006531065805,high,1.1429,0.5579,-0.4421,1.5579,high,0.625,0.1801,18-24 years old,Male,"No, I am not colourblind",260,100,True,27,yes,yes,yes,yes,,high_sem_low_perc,Q3,high,low,24,9,6,2.609,6.171,-1.2873,-0.169,-0.7071,-0.7068,-1.2791,-0.5276,-0.4284,0.8108,1.0,0.5,0.6666666666666666
R_7pYl3A6BkOOjmSk,SK-A-2110,20,ai,8,2.5,-2.1561,8.0,yes,0.0,0.0,1.0,1.1666666666666667,0.9363006531065804,-0.0636993468934197,1.9363006531065805,high,1.1429,0.5579,-0.4421,1.5579,high,0.625,0.1801,18-24 years old,Male,"No, I am not colourblind",260,100,True,27,yes,yes,yes,yes,,high_sem_low_perc,Q3,high,low,29,17,13,4.449,10.91,-0.16,0.0845,0.5346,1.5574,-0.2727,0.7255,0.9709,0.8108,1.0,0.5,0.6666666666666666
R_7pYl3A6BkOOjmSk,SK-A-1756,21,human,2,-3.5,3.8439,7.0,yes,5.0,5.0,1.0,1.1666666666666667,0.9363006531065804,-0.0636993468934197,1.9363006531065805,high,1.1429,0.5579,-0.4421,1.5579,high,0.625,0.1801,18-24 years old,Male,"No, I am not colourblind",260,100,True,27,yes,yes,yes,yes,,high_sem_high_perc,Q1,high,high,20,12,9,5.001,12.19,0.1782,-0.3717,-0.2415,0.2636,-0.0008,-0.1165,-1.106,0.8108,1.0,0.5,0.6666666666666666
R_7pYl3A6BkOOjmSk,SK-A-87,22,human,2,-3.5,3.8439,6.0,yes,4.0,4.0,1.0,1.1666666666666667,0.9363006531065804,-0.0636993468934197,1.9363006531065805,high,1.1429,0.5579,-0.4421,1.5579,high,0.625,0.1801,18-24 years old,Male,"No, I am not colourblind",260,100,True,27,yes,yes,yes,yes,,low_sem_low_perc,Q4,low,low,16,9,4,1.284,3.991,-2.099,-0.5744,-0.7071,-1.3537,-1.742,-0.8784,0.5278,0.8108,1.0,0.5,0.6666666666666666
R_7pYl3A6BkOOjmSk,SK-A-3297,23,ai,8,2.5,-2.1561,4.0,yes,4.0,-4.0,1.0,1.1666666666666667,0.9363006531065804,-0.0636993468934197,1.9363006531065805,high,1.1429,0.5579,-0.4421,1.5579,high,0.625,0.1801,18-24 years old,Male,"No, I am not colourblind",260,100,True,27,yes,yes,yes,yes,,low_sem_low_perc,Q4,low,low,17,10,7,4.118,13.599,-0.3628,-0.5237,-0.5519,-0.3834,0.2984,-0.4863,-0.4879,0.8108,1.0,0.5,0.6666666666666666
R_7pYl3A6BkOOjmSk,SK-A-110,24,human,9,3.5,3.8439,7.0,yes,2.0,-2.0,1.0,1.1666666666666667,0.9363006531065804,-0.0636993468934197,1.9363006531065805,high,1.1429,0.5579,-0.4421,1.5579,high,0.625,0.1801,18-24 years old,Male,"No, I am not colourblind",260,100,True,27,yes,yes,yes,yes,,low_sem_high_perc,Q2,low,high,9,7,5,5.104,15.147,0.2413,-0.9292,-1.0175,-1.0303,0.6271,-0.9923,0.0078,0.8108,1.0,0.5,0.6666666666666666
R_7pYl3A6BkOOjmSk,SK-A-2320 A,25,ai,6,0.5,-8.1561,8.0,yes,2.0,2.0,1.0,1.1666666666666667,0.9363006531065804,-0.0636993468934197,1.9363006531065805,high,1.1429,0.5579,-0.4421,1.5579,high,0.625,0.1801,18-24 years old,Male,"No, I am not colourblind",260,100,True,27,yes,yes,yes,yes,,high_sem_low_perc,Q3,high,low,47,24,14,4.652,11.926,-0.0356,0.9968,1.6212,1.8808,-0.0569,1.4996,0.4324,0.8108,1.0,0.5,0.6666666666666666
R_7pYl3A6BkOOjmSk,SK-A-2320 B,26,none,1,-4.5,11.8439,8.0,yes,7.0,7.0,1.0,1.1666666666666667,0.9363006531065804,-0.0636993468934197,1.9363006531065805,high,1.1429,0.5579,-0.4421,1.5579,high,0.625,0.1801,18-24 years old,Male,"No, I am not colourblind",260,100,True,27,yes,yes,yes,yes,,low_sem_high_perc,Q2,low,high,11,7,4,4.974,8.222,0.1616,-0.8279,-1.0175,-1.3537,-0.8435,-1.0664,0.3704,0.8108,1.0,0.5,0.6666666666666666
R_7pYl3A6BkOOjmSk,SK-A-388,27,none,7,1.5,-6.1561,6.0,yes,1.0,-1.0,1.0,1.1666666666666667,0.9363006531065804,-0.0636993468934197,1.9363006531065805,high,1.1429,0.5579,-0.4421,1.5579,high,0.625,0.1801,18-24 years old,Male,"No, I am not colourblind",260,100,True,27,yes,yes,yes,yes,,high_sem_low_perc,Q3,high,low,52,24,12,4.026,10.43,-0.4191,1.2502,1.6212,1.2339,-0.3746,1.3684,0.1145,0.8108,1.0,0.5,0.6666666666666666
R_3pWFHMOprmYVPuQ,SK-C-1215,1,none,3,-2.5,-2.1561,5.0,yes,2.0,2.0,1.0,0.0,-1.3802363075967687,-2.3802363075967685,-0.3802363075967687,low,0.0,-1.8031,-2.8031,-0.8031,low,0.125,-0.8438,35-44 years old,Female,"No, I am not colourblind",320,100,True,27,yes,yes,yes,yes,,high_sem_high_perc,Q1,high,high,24,14,8,5.533,8.134,0.5041,-0.169,0.069,-0.0599,-0.8622,-0.0533,-0.0772,0.2553,0.0,0.0,0.0
R_3pWFHMOprmYVPuQ,SK-C-243,2,human,5,-0.5,-8.1561,7.0,yes,2.0,2.0,1.0,0.0,-1.3802363075967687,-2.3802363075967685,-0.3802363075967687,low,0.0,-1.8031,-2.8031,-0.8031,low,0.125,-0.8438,35-44 years old,Female,"No, I am not colourblind",320,100,True,27,yes,yes,yes,yes,,low_sem_low_perc,Q4,low,low,14,12,6,4.052,8.426,-0.4032,-0.6758,-0.2415,-0.7068,-0.8002,-0.5414,0.1632,0.2553,0.0,0.0,0.0
R_3pWFHMOprmYVPuQ,SK-A-3297,3,human,8,2.5,-2.1561,5.0,yes,3.0,-3.0,1.0,0.0,-1.3802363075967687,-2.3802363075967685,-0.3802363075967687,low,0.0,-1.8031,-2.8031,-0.8031,low,0.125,-0.8438,35-44 years old,Female,"No, I am not colourblind",320,100,True,27,yes,yes,yes,yes,,low_sem_low_perc,Q4,low,low,17,10,7,4.118,13.599,-0.3628,-0.5237,-0.5519,-0.3834,0.2984,-0.4863,-0.4879,0.2553,0.0,0.0,0.0
R_3pWFHMOprmYVPuQ,SK-A-261,4,ai,3,-2.5,-2.1561,6.0,yes,3.0,3.0,1.0,0.0,-1.3802363075967687,-2.3802363075967685,-0.3802363075967687,low,0.0,-1.8031,-2.8031,-0.8031,low,0.125,-0.8438,35-44 years old,Female,"No, I am not colourblind",320,100,True,27,yes,yes,yes,yes,,low_sem_low_perc,Q4,low,low,9,8,7,4.292,16.828,-0.2562,-0.9292,-0.8623,-0.3834,0.9841,-0.725,0.1278,0.2553,0.0,0.0,0.0
R_3pWFHMOprmYVPuQ,SK-C-153,5,ai,2,-3.5,3.8439,5.0,yes,3.0,3.0,1.0,0.0,-1.3802363075967687,-2.3802363075967685,-0.3802363075967687,low,0.0,-1.8031,-2.8031,-0.8031,low,0.125,-0.8438,35-44 years old,Female,"No, I am not colourblind",320,100,True,27,yes,yes,yes,yes,,low_sem_high_perc,Q2,low,high,14,12,8,6.72,23.164,1.2313,-0.6758,-0.2415,-0.0599,2.3297,-0.3257,0.2978,0.2553,0.0,0.0,0.0
R_3pWFHMOprmYVPuQ,SK-A-2320 B,6,human,1,-4.5,11.8439,7.0,yes,6.0,6.0,1.0,0.0,-1.3802363075967687,-2.3802363075967685,-0.3802363075967687,low,0.0,-1.8031,-2.8031,-0.8031,low,0.125,-0.8438,35-44 years old,Female,"No, I am not colourblind",320,100,True,27,yes,yes,yes,yes,,low_sem_high_perc,Q2,low,high,11,7,4,4.974,8.222,0.1616,-0.8279,-1.0175,-1.3537,-0.8435,-1.0664,0.3704,0.2553,0.0,0.0,0.0
R_3pWFHMOprmYVPuQ,SK-A-62,7,none,8,2.5,-2.1561,5.0,yes,3.0,-3.0,1.0,0.0,-1.3802363075967687,-2.3802363075967685,-0.3802363075967687,low,0.0,-1.8031,-2.8031,-0.8031,low,0.125,-0.8438,35-44 years old,Female,"No, I am not colourblind",320,100,True,27,yes,yes,yes,yes,,low_sem_low_perc,Q4,low,low,6,4,4,4.61,10.563,-0.0614,-1.0813,-1.4832,-1.3537,-0.3464,-1.3061,-1.366,0.2553,0.0,0.0,0.0
R_3pWFHMOprmYVPuQ,SK-A-4717,8,human,6,0.5,-8.1561,5.0,yes,1.0,-1.0,1.0,0.0,-1.3802363075967687,-2.3802363075967685,-0.3802363075967687,low,0.0,-1.8031,-2.8031,-0.8031,low,0.125,-0.8438,35-44 years old,Female,"No, I am not colourblind",320,100,True,27,yes,yes,yes,yes,,low_sem_high_perc,Q2,low,high,12,10,9,6.171,17.158,0.895,-0.7772,-0.5519,0.2636,1.0542,-0.3552,-0.0167,0.2553,0.0,0.0,0.0
R_3pWFHMOprmYVPuQ,SK-A-1684,9,ai,4,-1.5,-6.1561,5.0,yes,1.0,1.0,1.0,0.0,-1.3802363075967687,-2.3802363075967685,-0.3802363075967687,low,0.0,-1.8031,-2.8031,-0.8031,low,0.125,-0.8438,35-44 years old,Female,"No, I am not colourblind",320,100,True,27,yes,yes,yes,yes,,low_sem_low_perc,Q4,low,low,7,6,5,1.478,7.119,-1.9802,-1.0306,-1.1728,-1.0303,-1.0777,-1.0779,1.5061,0.2553,0.0,0.0,0.0
R_3pWFHMOprmYVPuQ,SK-A-1298,10,human,2,-3.5,3.8439,5.0,yes,3.0,3.0,1.0,0.0,-1.3802363075967687,-2.3802363075967685,-0.3802363075967687,low,0.0,-1.8031,-2.8031,-0.8031,low,0.125,-0.8438,35-44 years old,Female,"No, I am not colourblind",320,100,True,27,yes,yes,yes,yes,,low_sem_high_perc,Q2,low,high,13,4,3,6.345,12.638,1.0016,-0.7265,-1.4832,-1.6772,0.0943,-1.2956,-1.1122,0.2553,0.0,0.0,0.0
R_3pWFHMOprmYVPuQ,SK-A-1403,11,ai,3,-2.5,-2.1561,7.0,yes,4.0,4.0,1.0,0.0,-1.3802363075967687,-2.3802363075967685,-0.3802363075967687,low,0.0,-1.8031,-2.8031,-0.8031,low,0.125,-0.8438,35-44 years old,Female,"No, I am not colourblind",320,100,True,27,yes,yes,yes,yes,,high_sem_high_perc,Q1,high,high,69,22,13,5.281,17.539,0.3497,2.1119,1.3107,1.5574,1.1351,1.66,0.7811,0.2553,0.0,0.0,0.0
R_3pWFHMOprmYVPuQ,SK-A-1574,12,none,10,4.5,11.8439,5.0,yes,5.0,-5.0,1.0,0.0,-1.3802363075967687,-2.3802363075967685,-0.3802363075967687,low,0.0,-1.8031,-2.8031,-0.8031,low,0.125,-0.8438,35-44 years old,Female,"No, I am not colourblind",320,100,True,27,yes,yes,yes,yes,,high_sem_high_perc,Q1,high,high,41,19,10,6.451,10.977,1.0665,0.6927,0.8451,0.587,-0.2584,0.7083,-1.9879,0.2553,0.0,0.0,0.0
R_3pWFHMOprmYVPuQ,SK-A-87,13,human,9,3.5,3.8439,5.0,yes,4.0,-4.0,1.0,0.0,-1.3802363075967687,-2.3802363075967685,-0.3802363075967687,low,0.0,-1.8031,-2.8031,-0.8031,low,0.125,-0.8438,35-44 years old,Female,"No, I am not colourblind",320,100,True,27,yes,yes,yes,yes,,low_sem_low_perc,Q4,low,low,16,9,4,1.284,3.991,-2.099,-0.5744,-0.7071,-1.3537,-1.742,-0.8784,0.5278,0.2553,0.0,0.0,0.0
R_3pWFHMOprmYVPuQ,SK-A-1906,14,ai,4,-1.5,-6.1561,6.0,yes,2.0,2.0,1.0,0.0,-1.3802363075967687,-2.3802363075967685,-0.3802363075967687,low,0.0,-1.8031,-2.8031,-0.8031,low,0.125,-0.8438,35-44 years old,Female,"No, I am not colourblind",320,100,True,27,yes,yes,yes,yes,,high_sem_low_perc,Q3,high,low,43,16,11,4.708,19.343,-0.0013,0.7941,0.3794,0.9105,1.5182,0.6947,0.4853,0.2553,0.0,0.0,0.0
R_3pWFHMOprmYVPuQ,SK-A-388,15,human,10,4.5,11.8439,5.0,yes,5.0,-5.0,1.0,0.0,-1.3802363075967687,-2.3802363075967685,-0.3802363075967687,low,0.0,-1.8031,-2.8031,-0.8031,low,0.125,-0.8438,35-44 years old,Female,"No, I am not colourblind",320,100,True,27,yes,yes,yes,yes,,high_sem_low_perc,Q3,high,low,52,24,12,4.026,10.43,-0.4191,1.2502,1.6212,1.2339,-0.3746,1.3684,0.1145,0.2553,0.0,0.0,0.0
R_3pWFHMOprmYVPuQ,SK-A-4469,16,none,8,2.5,-2.1561,4.0,yes,4.0,-4.0,1.0,0.0,-1.3802363075967687,-2.3802363075967685,-0.3802363075967687,low,0.0,-1.8031,-2.8031,-0.8031,low,0.125,-0.8438,35-44 years old,Female,"No, I am not colourblind",320,100,True,27,yes,yes,yes,yes,,high_sem_high_perc,Q1,high,high,31,11,6,6.128,21.628,0.8686,0.1858,-0.3967,-0.7068,2.0035,-0.3059,-0.9165,0.2553,0.0,0.0,0.0
R_3pWFHMOprmYVPuQ,SK-A-2320 A,17,none,10,4.5,11.8439,6.0,yes,4.0,-4.0,1.0,0.0,-1.3802363075967687,-2.3802363075967685,-0.3802363075967687,low,0.0,-1.8031,-2.8031,-0.8031,low,0.125,-0.8438,35-44 years old,Female,"No, I am not colourblind",320,100,True,27,yes,yes,yes,yes,,high_sem_low_perc,Q3,high,low,47,24,14,4.652,11.926,-0.0356,0.9968,1.6212,1.8808,-0.0569,1.4996,0.4324,0.2553,0.0,0.0,0.0
R_3pWFHMOprmYVPuQ,SK-A-232,18,none,2,-3.5,3.8439,4.0,yes,2.0,2.0,1.0,0.0,-1.3802363075967687,-2.3802363075967685,-0.3802363075967687,low,0.0,-1.8031,-2.8031,-0.8031,low,0.125,-0.8438,35-44 years old,Female,"No, I am not colourblind",320,100,True,27,yes,yes,yes,yes,,high_sem_low_perc,Q3,high,low,76,16,8,2.204,6.579,-1.5354,2.4667,0.3794,-0.0599,-1.1924,0.9287,0.1549,0.2553,0.0,0.0,0.0
R_3pWFHMOprmYVPuQ,SK-C-95,19,ai,6,0.5,-8.1561,6.0,yes,0.0,0.0,1.0,0.0,-1.3802363075967687,-2.3802363075967685,-0.3802363075967687,low,0.0,-1.8031,-2.8031,-0.8031,low,0.125,-0.8438,35-44 years old,Female,"No, I am not colourblind",320,100,True,27,yes,yes,yes,yes,,low_sem_high_perc,Q2,low,high,12,10,6,5.078,11.141,0.2254,-0.7772,-0.5519,-0.7068,-0.2236,-0.6786,0.0208,0.2553,0.0,0.0,0.0
R_3pWFHMOprmYVPuQ,SK-A-3023,20,ai,4,-1.5,-6.1561,5.0,yes,1.0,1.0,1.0,0.0,-1.3802363075967687,-2.3802363075967685,-0.3802363075967687,low,0.0,-1.8031,-2.8031,-0.8031,low,0.125,-0.8438,35-44 years old,Female,"No, I am not colourblind",320,100,True,27,yes,yes,yes,yes,,high_sem_low_perc,Q3,high,low,24,9,6,2.609,6.171,-1.2873,-0.169,-0.7071,-0.7068,-1.2791,-0.5276,-0.4284,0.2553,0.0,0.0,0.0
R_3pWFHMOprmYVPuQ,SK-A-864,21,none,1,-4.5,11.8439,6.0,yes,5.0,5.0,1.0,0.0,-1.3802363075967687,-2.3802363075967685,-0.3802363075967687,low,0.0,-1.8031,-2.8031,-0.8031,low,0.125,-0.8438,35-44 years old,Female,"No, I am not colourblind",320,100,True,27,yes,yes,yes,yes,,high_sem_high_perc,Q1,high,high,66,28,11,8.181,13.079,2.1264,1.9598,2.242,0.9105,0.188,1.7041,1.4922,0.2553,0.0,0.0,0.0
R_3pWFHMOprmYVPuQ,SK-A-1940,22,ai,8,2.5,-2.1561,5.0,yes,3.0,-3.0,1.0,0.0,-1.3802363075967687,-2.3802363075967685,-0.3802363075967687,low,0.0,-1.8031,-2.8031,-0.8031,low,0.125,-0.8438,35-44 years old,Female,"No, I am not colourblind",320,100,True,27,yes,yes,yes,yes,,high_sem_high_perc,Q1,high,high,39,23,10,7.148,15.116,1.4935,0.5913,1.466,0.587,0.6205,0.8814,-0.3461,0.2553,0.0,0.0,0.0
R_3pWFHMOprmYVPuQ,SK-A-2110,23,none,1,-4.5,11.8439,7.0,yes,6.0,6.0,1.0,0.0,-1.3802363075967687,-2.3802363075967685,-0.3802363075967687,low,0.0,-1.8031,-2.8031,-0.8031,low,0.125,-0.8438,35-44 years old,Female,"No, I am not colourblind",320,100,True,27,yes,yes,yes,yes,,high_sem_low_perc,Q3,high,low,29,17,13,4.449,10.91,-0.16,0.0845,0.5346,1.5574,-0.2727,0.7255,0.9709,0.2553,0.0,0.0,0.0
R_3pWFHMOprmYVPuQ,SK-A-110,24,human,2,-3.5,3.8439,7.0,yes,5.0,5.0,1.0,0.0,-1.3802363075967687,-2.3802363075967685,-0.3802363075967687,low,0.0,-1.8031,-2.8031,-0.8031,low,0.125,-0.8438,35-44 years old,Female,"No, I am not colourblind",320,100,True,27,yes,yes,yes,yes,,low_sem_high_perc,Q2,low,high,9,7,5,5.104,15.147,0.2413,-0.9292,-1.0175,-1.0303,0.6271,-0.9923,0.0078,0.2553,0.0,0.0,0.0
R_3pWFHMOprmYVPuQ,SK-A-298,25,human,2,-3.5,3.8439,7.0,yes,5.0,5.0,1.0,0.0,-1.3802363075967687,-2.3802363075967685,-0.3802363075967687,low,0.0,-1.8031,-2.8031,-0.8031,low,0.125,-0.8438,35-44 years old,Female,"No, I am not colourblind",320,100,True,27,yes,yes,yes,yes,,high_sem_low_perc,Q3,high,low,22,19,12,3.588,8.258,-0.6875,-0.2703,0.8451,1.2339,-0.8359,0.6029,0.4922,0.2553,0.0,0.0,0.0
R_3pWFHMOprmYVPuQ,SK-A-1713,26,ai,6,0.5,-8.1561,5.0,yes,1.0,-1.0,1.0,0.0,-1.3802363075967687,-2.3802363075967685,-0.3802363075967687,low,0.0,-1.8031,-2.8031,-0.8031,low,0.125,-0.8438,35-44 years old,Female,"No, I am not colourblind",320,100,True,27,yes,yes,yes,yes,,low_sem_low_perc,Q4,low,low,15,13,10,2.989,8.961,-1.0545,-0.6251,-0.0862,0.587,-0.6866,-0.0414,-0.1003,0.2553,0.0,0.0,0.0
R_3pWFHMOprmYVPuQ,SK-A-1756,27,none,7,1.5,-6.1561,5.0,yes,2.0,-2.0,1.0,0.0,-1.3802363075967687,-2.3802363075967685,-0.3802363075967687,low,0.0,-1.8031,-2.8031,-0.8031,low,0.125,-0.8438,35-44 years old,Female,"No, I am not colourblind",320,100,True,27,yes,yes,yes,yes,,high_sem_high_perc,Q1,high,high,20,12,9,5.001,12.19,0.1782,-0.3717,-0.2415,0.2636,-0.0008,-0.1165,-1.106,0.2553,0.0,0.0,0.0
R_2FxOa0ZKJCiq9TQ,SK-A-1298,1,none,10,4.5,11.8439,3.0,yes,7.0,-7.0,1.0,0.8333333333333334,0.2744329500484805,-0.7255670499515194,1.2744329500484806,high,0.8571,-0.0325,-1.0325,0.9675,low,0.125,-0.8438,35-44 years old,Male,"No, I am not colourblind",187,100,True,27,yes,yes,yes,yes,,low_sem_high_perc,Q2,low,high,13,4,3,6.345,12.638,1.0016,-0.7265,-1.4832,-1.6772,0.0943,-1.2956,-1.1122,-2.6336,1.0,1.5,1.3333333333333333
R_2FxOa0ZKJCiq9TQ,SK-A-261,2,none,4,-1.5,-6.1561,3.0,yes,1.0,-1.0,1.0,0.8333333333333334,0.2744329500484805,-0.7255670499515194,1.2744329500484806,high,0.8571,-0.0325,-1.0325,0.9675,low,0.125,-0.8438,35-44 years old,Male,"No, I am not colourblind",187,100,True,27,yes,yes,yes,yes,,low_sem_low_perc,Q4,low,low,9,8,7,4.292,16.828,-0.2562,-0.9292,-0.8623,-0.3834,0.9841,-0.725,0.1278,-2.6336,1.0,1.5,1.3333333333333333
R_2FxOa0ZKJCiq9TQ,SK-A-1684,3,none,6,0.5,-8.1561,3.0,yes,3.0,-3.0,1.0,0.8333333333333334,0.2744329500484805,-0.7255670499515194,1.2744329500484806,high,0.8571,-0.0325,-1.0325,0.9675,low,0.125,-0.8438,35-44 years old,Male,"No, I am not colourblind",187,100,True,27,yes,yes,yes,yes,,low_sem_low_perc,Q4,low,low,7,6,5,1.478,7.119,-1.9802,-1.0306,-1.1728,-1.0303,-1.0777,-1.0779,1.5061,-2.6336,1.0,1.5,1.3333333333333333
R_2FxOa0ZKJCiq9TQ,SK-A-1940,4,ai,9,3.5,3.8439,4.0,yes,5.0,-5.0,1.0,0.8333333333333334,0.2744329500484805,-0.7255670499515194,1.2744329500484806,high,0.8571,-0.0325,-1.0325,0.9675,low,0.125,-0.8438,35-44 years old,Male,"No, I am not colourblind",187,100,True,27,yes,yes,yes,yes,,high_sem_high_perc,Q1,high,high,39,23,10,7.148,15.116,1.4935,0.5913,1.466,0.587,0.6205,0.8814,-0.3461,-2.6336,1.0,1.5,1.3333333333333333
R_2FxOa0ZKJCiq9TQ,SK-A-1403,5,ai,10,4.5,11.8439,4.0,yes,6.0,-6.0,1.0,0.8333333333333334,0.2744329500484805,-0.7255670499515194,1.2744329500484806,high,0.8571,-0.0325,-1.0325,0.9675,low,0.125,-0.8438,35-44 years old,Male,"No, I am not colourblind",187,100,True,27,yes,yes,yes,yes,,high_sem_high_perc,Q1,high,high,69,22,13,5.281,17.539,0.3497,2.1119,1.3107,1.5574,1.1351,1.66,0.7811,-2.6336,1.0,1.5,1.3333333333333333
R_2FxOa0ZKJCiq9TQ,SK-A-1713,6,human,7,1.5,-6.1561,2.0,yes,5.0,-5.0,1.0,0.8333333333333334,0.2744329500484805,-0.7255670499515194,1.2744329500484806,high,0.8571,-0.0325,-1.0325,0.9675,low,0.125,-0.8438,35-44 years old,Male,"No, I am not colourblind",187,100,True,27,yes,yes,yes,yes,,low_sem_low_perc,Q4,low,low,15,13,10,2.989,8.961,-1.0545,-0.6251,-0.0862,0.587,-0.6866,-0.0414,-0.1003,-2.6336,1.0,1.5,1.3333333333333333
R_2FxOa0ZKJCiq9TQ,SK-C-243,7,ai,4,-1.5,-6.1561,1.0,yes,3.0,-3.0,1.0,0.8333333333333334,0.2744329500484805,-0.7255670499515194,1.2744329500484806,high,0.8571,-0.0325,-1.0325,0.9675,low,0.125,-0.8438,35-44 years old,Male,"No, I am not colourblind",187,100,True,27,yes,yes,yes,yes,,low_sem_low_perc,Q4,low,low,14,12,6,4.052,8.426,-0.4032,-0.6758,-0.2415,-0.7068,-0.8002,-0.5414,0.1632,-2.6336,1.0,1.5,1.3333333333333333
R_2FxOa0ZKJCiq9TQ,SK-A-110,8,none,8,2.5,-2.1561,2.0,yes,6.0,-6.0,1.0,0.8333333333333334,0.2744329500484805,-0.7255670499515194,1.2744329500484806,high,0.8571,-0.0325,-1.0325,0.9675,low,0.125,-0.8438,35-44 years old,Male,"No, I am not colourblind",187,100,True,27,yes,yes,yes,yes,,low_sem_high_perc,Q2,low,high,9,7,5,5.104,15.147,0.2413,-0.9292,-1.0175,-1.0303,0.6271,-0.9923,0.0078,-2.6336,1.0,1.5,1.3333333333333333
R_2FxOa0ZKJCiq9TQ,SK-C-1215,9,human,4,-1.5,-6.1561,2.0,yes,2.0,-2.0,1.0,0.8333333333333334,0.2744329500484805,-0.7255670499515194,1.2744329500484806,high,0.8571,-0.0325,-1.0325,0.9675,low,0.125,-0.8438,35-44 years old,Male,"No, I am not colourblind",187,100,True,27,yes,yes,yes,yes,,high_sem_high_perc,Q1,high,high,24,14,8,5.533,8.134,0.5041,-0.169,0.069,-0.0599,-0.8622,-0.0533,-0.0772,-2.6336,1.0,1.5,1.3333333333333333
R_2FxOa0ZKJCiq9TQ,SK-A-864,10,ai,3,-2.5,-2.1561,5.0,yes,2.0,2.0,1.0,0.8333333333333334,0.2744329500484805,-0.7255670499515194,1.2744329500484806,high,0.8571,-0.0325,-1.0325,0.9675,low,0.125,-0.8438,35-44 years old,Male,"No, I am not colourblind",187,100,True,27,yes,yes,yes,yes,,high_sem_high_perc,Q1,high,high,66,28,11,8.181,13.079,2.1264,1.9598,2.242,0.9105,0.188,1.7041,1.4922,-2.6336,1.0,1.5,1.3333333333333333
R_2FxOa0ZKJCiq9TQ,SK-A-87,11,ai,7,1.5,-6.1561,1.0,yes,6.0,-6.0,1.0,0.8333333333333334,0.2744329500484805,-0.7255670499515194,1.2744329500484806,high,0.8571,-0.0325,-1.0325,0.9675,low,0.125,-0.8438,35-44 years old,Male,"No, I am not colourblind",187,100,True,27,yes,yes,yes,yes,,low_sem_low_perc,Q4,low,low,16,9,4,1.284,3.991,-2.099,-0.5744,-0.7071,-1.3537,-1.742,-0.8784,0.5278,-2.6336,1.0,1.5,1.3333333333333333
R_2FxOa0ZKJCiq9TQ,SK-C-153,12,human,3,-2.5,-2.1561,4.0,yes,1.0,1.0,1.0,0.8333333333333334,0.2744329500484805,-0.7255670499515194,1.2744329500484806,high,0.8571,-0.0325,-1.0325,0.9675,low,0.125,-0.8438,35-44 years old,Male,"No, I am not colourblind",187,100,True,27,yes,yes,yes,yes,,low_sem_high_perc,Q2,low,high,14,12,8,6.72,23.164,1.2313,-0.6758,-0.2415,-0.0599,2.3297,-0.3257,0.2978,-2.6336,1.0,1.5,1.3333333333333333
R_2FxOa0ZKJCiq9TQ,SK-A-298,13,none,4,-1.5,-6.1561,2.0,yes,2.0,-2.0,1.0,0.8333333333333334,0.2744329500484805,-0.7255670499515194,1.2744329500484806,high,0.8571,-0.0325,-1.0325,0.9675,low,0.125,-0.8438,35-44 years old,Male,"No, I am not colourblind",187,100,True,27,yes,yes,yes,yes,,high_sem_low_perc,Q3,high,low,22,19,12,3.588,8.258,-0.6875,-0.2703,0.8451,1.2339,-0.8359,0.6029,0.4922,-2.6336,1.0,1.5,1.3333333333333333
R_2FxOa0ZKJCiq9TQ,SK-A-2320 A,14,none,1,-4.5,11.8439,2.0,yes,1.0,1.0,1.0,0.8333333333333334,0.2744329500484805,-0.7255670499515194,1.2744329500484806,high,0.8571,-0.0325,-1.0325,0.9675,low,0.125,-0.8438,35-44 years old,Male,"No, I am not colourblind",187,100,True,27,yes,yes,yes,yes,,high_sem_low_perc,Q3,high,low,47,24,14,4.652,11.926,-0.0356,0.9968,1.6212,1.8808,-0.0569,1.4996,0.4324,-2.6336,1.0,1.5,1.3333333333333333
R_2FxOa0ZKJCiq9TQ,SK-A-1906,15,human,6,0.5,-8.1561,3.0,yes,3.0,-3.0,1.0,0.8333333333333334,0.2744329500484805,-0.7255670499515194,1.2744329500484806,high,0.8571,-0.0325,-1.0325,0.9675,low,0.125,-0.8438,35-44 years old,Male,"No, I am not colourblind",187,100,True,27,yes,yes,yes,yes,,high_sem_low_perc,Q3,high,low,43,16,11,4.708,19.343,-0.0013,0.7941,0.3794,0.9105,1.5182,0.6947,0.4853,-2.6336,1.0,1.5,1.3333333333333333
R_2FxOa0ZKJCiq9TQ,SK-A-2320 B,16,none,7,1.5,-6.1561,3.0,yes,4.0,-4.0,1.0,0.8333333333333334,0.2744329500484805,-0.7255670499515194,1.2744329500484806,high,0.8571,-0.0325,-1.0325,0.9675,low,0.125,-0.8438,35-44 years old,Male,"No, I am not colourblind",187,100,True,27,yes,yes,yes,yes,,low_sem_high_perc,Q2,low,high,11,7,4,4.974,8.222,0.1616,-0.8279,-1.0175,-1.3537,-0.8435,-1.0664,0.3704,-2.6336,1.0,1.5,1.3333333333333333
R_2FxOa0ZKJCiq9TQ,SK-C-95,17,human,1,-4.5,11.8439,2.0,yes,1.0,1.0,1.0,0.8333333333333334,0.2744329500484805,-0.7255670499515194,1.2744329500484806,high,0.8571,-0.0325,-1.0325,0.9675,low,0.125,-0.8438,35-44 years old,Male,"No, I am not colourblind",187,100,True,27,yes,yes,yes,yes,,low_sem_high_perc,Q2,low,high,12,10,6,5.078,11.141,0.2254,-0.7772,-0.5519,-0.7068,-0.2236,-0.6786,0.0208,-2.6336,1.0,1.5,1.3333333333333333
R_2FxOa0ZKJCiq9TQ,SK-A-1574,18,none,8,2.5,-2.1561,1.0,yes,7.0,-7.0,1.0,0.8333333333333334,0.2744329500484805,-0.7255670499515194,1.2744329500484806,high,0.8571,-0.0325,-1.0325,0.9675,low,0.125,-0.8438,35-44 years old,Male,"No, I am not colourblind",187,100,True,27,yes,yes,yes,yes,,high_sem_high_perc,Q1,high,high,41,19,10,6.451,10.977,1.0665,0.6927,0.8451,0.587,-0.2584,0.7083,-1.9879,-2.6336,1.0,1.5,1.3333333333333333
R_2FxOa0ZKJCiq9TQ,SK-A-388,19,human,8,2.5,-2.1561,3.0,yes,5.0,-5.0,1.0,0.8333333333333334,0.2744329500484805,-0.7255670499515194,1.2744329500484806,high,0.8571,-0.0325,-1.0325,0.9675,low,0.125,-0.8438,35-44 years old,Male,"No, I am not colourblind",187,100,True,27,yes,yes,yes,yes,,high_sem_low_perc,Q3,high,low,52,24,12,4.026,10.43,-0.4191,1.2502,1.6212,1.2339,-0.3746,1.3684,0.1145,-2.6336,1.0,1.5,1.3333333333333333
R_2FxOa0ZKJCiq9TQ,SK-A-4469,20,ai,2,-3.5,3.8439,2.0,yes,0.0,0.0,1.0,0.8333333333333334,0.2744329500484805,-0.7255670499515194,1.2744329500484806,high,0.8571,-0.0325,-1.0325,0.9675,low,0.125,-0.8438,35-44 years old,Male,"No, I am not colourblind",187,100,True,27,yes,yes,yes,yes,,high_sem_high_perc,Q1,high,high,31,11,6,6.128,21.628,0.8686,0.1858,-0.3967,-0.7068,2.0035,-0.3059,-0.9165,-2.6336,1.0,1.5,1.3333333333333333
R_2FxOa0ZKJCiq9TQ,SK-A-4717,21,ai,2,-3.5,3.8439,2.0,yes,0.0,0.0,1.0,0.8333333333333334,0.2744329500484805,-0.7255670499515194,1.2744329500484806,high,0.8571,-0.0325,-1.0325,0.9675,low,0.125,-0.8438,35-44 years old,Male,"No, I am not colourblind",187,100,True,27,yes,yes,yes,yes,,low_sem_high_perc,Q2,low,high,12,10,9,6.171,17.158,0.895,-0.7772,-0.5519,0.2636,1.0542,-0.3552,-0.0167,-2.6336,1.0,1.5,1.3333333333333333
R_2FxOa0ZKJCiq9TQ,SK-A-3297,22,human,2,-3.5,3.8439,3.0,yes,1.0,1.0,1.0,0.8333333333333334,0.2744329500484805,-0.7255670499515194,1.2744329500484806,high,0.8571,-0.0325,-1.0325,0.9675,low,0.125,-0.8438,35-44 years old,Male,"No, I am not colourblind",187,100,True,27,yes,yes,yes,yes,,low_sem_low_perc,Q4,low,low,17,10,7,4.118,13.599,-0.3628,-0.5237,-0.5519,-0.3834,0.2984,-0.4863,-0.4879,-2.6336,1.0,1.5,1.3333333333333333
R_2FxOa0ZKJCiq9TQ,SK-A-62,23,ai,7,1.5,-6.1561,1.0,yes,6.0,-6.0,1.0,0.8333333333333334,0.2744329500484805,-0.7255670499515194,1.2744329500484806,high,0.8571,-0.0325,-1.0325,0.9675,low,0.125,-0.8438,35-44 years old,Male,"No, I am not colourblind",187,100,True,27,yes,yes,yes,yes,,low_sem_low_perc,Q4,low,low,6,4,4,4.61,10.563,-0.0614,-1.0813,-1.4832,-1.3537,-0.3464,-1.3061,-1.366,-2.6336,1.0,1.5,1.3333333333333333
R_2FxOa0ZKJCiq9TQ,SK-A-1756,24,none,7,1.5,-6.1561,2.0,yes,5.0,-5.0,1.0,0.8333333333333334,0.2744329500484805,-0.7255670499515194,1.2744329500484806,high,0.8571,-0.0325,-1.0325,0.9675,low,0.125,-0.8438,35-44 years old,Male,"No, I am not colourblind",187,100,True,27,yes,yes,yes,yes,,high_sem_high_perc,Q1,high,high,20,12,9,5.001,12.19,0.1782,-0.3717,-0.2415,0.2636,-0.0008,-0.1165,-1.106,-2.6336,1.0,1.5,1.3333333333333333
R_2FxOa0ZKJCiq9TQ,SK-A-3023,25,human,7,1.5,-6.1561,2.0,yes,5.0,-5.0,1.0,0.8333333333333334,0.2744329500484805,-0.7255670499515194,1.2744329500484806,high,0.8571,-0.0325,-1.0325,0.9675,low,0.125,-0.8438,35-44 years old,Male,"No, I am not colourblind",187,100,True,27,yes,yes,yes,yes,,high_sem_low_perc,Q3,high,low,24,9,6,2.609,6.171,-1.2873,-0.169,-0.7071,-0.7068,-1.2791,-0.5276,-0.4284,-2.6336,1.0,1.5,1.3333333333333333
R_2FxOa0ZKJCiq9TQ,SK-A-2110,26,human,10,4.5,11.8439,3.0,yes,7.0,-7.0,1.0,0.8333333333333334,0.2744329500484805,-0.7255670499515194,1.2744329500484806,high,0.8571,-0.0325,-1.0325,0.9675,low,0.125,-0.8438,35-44 years old,Male,"No, I am not colourblind",187,100,True,27,yes,yes,yes,yes,,high_sem_low_perc,Q3,high,low,29,17,13,4.449,10.91,-0.16,0.0845,0.5346,1.5574,-0.2727,0.7255,0.9709,-2.6336,1.0,1.5,1.3333333333333333
R_2FxOa0ZKJCiq9TQ,SK-A-232,27,ai,1,-4.5,11.8439,1.0,yes,0.0,0.0,1.0,0.8333333333333334,0.2744329500484805,-0.7255670499515194,1.2744329500484806,high,0.8571,-0.0325,-1.0325,0.9675,low,0.125,-0.8438,35-44 years old,Male,"No, I am not colourblind",187,100,True,27,yes,yes,yes,yes,,high_sem_low_perc,Q3,high,low,76,16,8,2.204,6.579,-1.5354,2.4667,0.3794,-0.0599,-1.1924,0.9287,0.1549,-2.6336,1.0,1.5,1.3333333333333333
R_1c5eceWIwyUKgph,SK-A-3297,1,ai,7,1.5,-6.1561,3.0,yes,4.0,-4.0,1.0,0.6666666666666666,-0.0565009014805694,-1.0565009014805695,0.9434990985194304,low,0.7143,-0.3275,-1.3275,0.6725,low,0.0,-1.0998,35-44 years old,Female,"No, I am not colourblind",253,100,True,27,yes,yes,yes,yes,,low_sem_low_perc,Q4,low,low,17,10,7,4.118,13.599,-0.3628,-0.5237,-0.5519,-0.3834,0.2984,-0.4863,-0.4879,-0.9669,0.0,2.0,1.3333333333333333
R_1c5eceWIwyUKgph,SK-A-261,2,ai,8,2.5,-2.1561,4.0,yes,4.0,-4.0,1.0,0.6666666666666666,-0.0565009014805694,-1.0565009014805695,0.9434990985194304,low,0.7143,-0.3275,-1.3275,0.6725,low,0.0,-1.0998,35-44 years old,Female,"No, I am not colourblind",253,100,True,27,yes,yes,yes,yes,,low_sem_low_perc,Q4,low,low,9,8,7,4.292,16.828,-0.2562,-0.9292,-0.8623,-0.3834,0.9841,-0.725,0.1278,-0.9669,0.0,2.0,1.3333333333333333
R_1c5eceWIwyUKgph,SK-A-1574,3,human,5,-0.5,-8.1561,2.0,yes,3.0,-3.0,1.0,0.6666666666666666,-0.0565009014805694,-1.0565009014805695,0.9434990985194304,low,0.7143,-0.3275,-1.3275,0.6725,low,0.0,-1.0998,35-44 years old,Female,"No, I am not colourblind",253,100,True,27,yes,yes,yes,yes,,high_sem_high_perc,Q1,high,high,41,19,10,6.451,10.977,1.0665,0.6927,0.8451,0.587,-0.2584,0.7083,-1.9879,-0.9669,0.0,2.0,1.3333333333333333
R_1c5eceWIwyUKgph,SK-A-1940,4,none,5,-0.5,-8.1561,3.0,yes,2.0,-2.0,1.0,0.6666666666666666,-0.0565009014805694,-1.0565009014805695,0.9434990985194304,low,0.7143,-0.3275,-1.3275,0.6725,low,0.0,-1.0998,35-44 years old,Female,"No, I am not colourblind",253,100,True,27,yes,yes,yes,yes,,high_sem_high_perc,Q1,high,high,39,23,10,7.148,15.116,1.4935,0.5913,1.466,0.587,0.6205,0.8814,-0.3461,-0.9669,0.0,2.0,1.3333333333333333
R_1c5eceWIwyUKgph,SK-A-2320 B,5,none,8,2.5,-2.1561,5.0,yes,3.0,-3.0,1.0,0.6666666666666666,-0.0565009014805694,-1.0565009014805695,0.9434990985194304,low,0.7143,-0.3275,-1.3275,0.6725,low,0.0,-1.0998,35-44 years old,Female,"No, I am not colourblind",253,100,True,27,yes,yes,yes,yes,,low_sem_high_perc,Q2,low,high,11,7,4,4.974,8.222,0.1616,-0.8279,-1.0175,-1.3537,-0.8435,-1.0664,0.3704,-0.9669,0.0,2.0,1.3333333333333333
R_1c5eceWIwyUKgph,SK-A-62,6,none,8,2.5,-2.1561,2.0,yes,6.0,-6.0,1.0,0.6666666666666666,-0.0565009014805694,-1.0565009014805695,0.9434990985194304,low,0.7143,-0.3275,-1.3275,0.6725,low,0.0,-1.0998,35-44 years old,Female,"No, I am not colourblind",253,100,True,27,yes,yes,yes,yes,,low_sem_low_perc,Q4,low,low,6,4,4,4.61,10.563,-0.0614,-1.0813,-1.4832,-1.3537,-0.3464,-1.3061,-1.366,-0.9669,0.0,2.0,1.3333333333333333
R_1c5eceWIwyUKgph,SK-A-1906,7,human,10,4.5,11.8439,4.0,yes,6.0,-6.0,1.0,0.6666666666666666,-0.0565009014805694,-1.0565009014805695,0.9434990985194304,low,0.7143,-0.3275,-1.3275,0.6725,low,0.0,-1.0998,35-44 years old,Female,"No, I am not colourblind",253,100,True,27,yes,yes,yes,yes,,high_sem_low_perc,Q3,high,low,43,16,11,4.708,19.343,-0.0013,0.7941,0.3794,0.9105,1.5182,0.6947,0.4853,-0.9669,0.0,2.0,1.3333333333333333
R_1c5eceWIwyUKgph,SK-A-87,8,ai,9,3.5,3.8439,4.0,yes,5.0,-5.0,1.0,0.6666666666666666,-0.0565009014805694,-1.0565009014805695,0.9434990985194304,low,0.7143,-0.3275,-1.3275,0.6725,low,0.0,-1.0998,35-44 years old,Female,"No, I am not colourblind",253,100,True,27,yes,yes,yes,yes,,low_sem_low_perc,Q4,low,low,16,9,4,1.284,3.991,-2.099,-0.5744,-0.7071,-1.3537,-1.742,-0.8784,0.5278,-0.9669,0.0,2.0,1.3333333333333333
R_1c5eceWIwyUKgph,SK-C-95,9,ai,1,-4.5,11.8439,4.0,yes,3.0,3.0,1.0,0.6666666666666666,-0.0565009014805694,-1.0565009014805695,0.9434990985194304,low,0.7143,-0.3275,-1.3275,0.6725,low,0.0,-1.0998,35-44 years old,Female,"No, I am not colourblind",253,100,True,27,yes,yes,yes,yes,,low_sem_high_perc,Q2,low,high,12,10,6,5.078,11.141,0.2254,-0.7772,-0.5519,-0.7068,-0.2236,-0.6786,0.0208,-0.9669,0.0,2.0,1.3333333333333333
R_1c5eceWIwyUKgph,SK-C-1215,10,none,10,4.5,11.8439,4.0,yes,6.0,-6.0,1.0,0.6666666666666666,-0.0565009014805694,-1.0565009014805695,0.9434990985194304,low,0.7143,-0.3275,-1.3275,0.6725,low,0.0,-1.0998,35-44 years old,Female,"No, I am not colourblind",253,100,True,27,yes,yes,yes,yes,,high_sem_high_perc,Q1,high,high,24,14,8,5.533,8.134,0.5041,-0.169,0.069,-0.0599,-0.8622,-0.0533,-0.0772,-0.9669,0.0,2.0,1.3333333333333333
R_1c5eceWIwyUKgph,SK-A-4469,11,human,8,2.5,-2.1561,5.0,yes,3.0,-3.0,1.0,0.6666666666666666,-0.0565009014805694,-1.0565009014805695,0.9434990985194304,low,0.7143,-0.3275,-1.3275,0.6725,low,0.0,-1.0998,35-44 years old,Female,"No, I am not colourblind",253,100,True,27,yes,yes,yes,yes,,high_sem_high_perc,Q1,high,high,31,11,6,6.128,21.628,0.8686,0.1858,-0.3967,-0.7068,2.0035,-0.3059,-0.9165,-0.9669,0.0,2.0,1.3333333333333333
R_1c5eceWIwyUKgph,SK-A-1713,12,human,6,0.5,-8.1561,4.0,yes,2.0,-2.0,1.0,0.6666666666666666,-0.0565009014805694,-1.0565009014805695,0.9434990985194304,low,0.7143,-0.3275,-1.3275,0.6725,low,0.0,-1.0998,35-44 years old,Female,"No, I am not colourblind",253,100,True,27,yes,yes,yes,yes,,low_sem_low_perc,Q4,low,low,15,13,10,2.989,8.961,-1.0545,-0.6251,-0.0862,0.587,-0.6866,-0.0414,-0.1003,-0.9669,0.0,2.0,1.3333333333333333
R_1c5eceWIwyUKgph,SK-C-153,13,none,4,-1.5,-6.1561,4.0,yes,0.0,0.0,1.0,0.6666666666666666,-0.0565009014805694,-1.0565009014805695,0.9434990985194304,low,0.7143,-0.3275,-1.3275,0.6725,low,0.0,-1.0998,35-44 years old,Female,"No, I am not colourblind",253,100,True,27,yes,yes,yes,yes,,low_sem_high_perc,Q2,low,high,14,12,8,6.72,23.164,1.2313,-0.6758,-0.2415,-0.0599,2.3297,-0.3257,0.2978,-0.9669,0.0,2.0,1.3333333333333333
R_1c5eceWIwyUKgph,SK-A-1756,14,human,1,-4.5,11.8439,4.0,yes,3.0,3.0,1.0,0.6666666666666666,-0.0565009014805694,-1.0565009014805695,0.9434990985194304,low,0.7143,-0.3275,-1.3275,0.6725,low,0.0,-1.0998,35-44 years old,Female,"No, I am not colourblind",253,100,True,27,yes,yes,yes,yes,,high_sem_high_perc,Q1,high,high,20,12,9,5.001,12.19,0.1782,-0.3717,-0.2415,0.2636,-0.0008,-0.1165,-1.106,-0.9669,0.0,2.0,1.3333333333333333
R_1c5eceWIwyUKgph,SK-A-1403,15,ai,8,2.5,-2.1561,6.0,yes,2.0,-2.0,1.0,0.6666666666666666,-0.0565009014805694,-1.0565009014805695,0.9434990985194304,low,0.7143,-0.3275,-1.3275,0.6725,low,0.0,-1.0998,35-44 years old,Female,"No, I am not colourblind",253,100,True,27,yes,yes,yes,yes,,high_sem_high_perc,Q1,high,high,69,22,13,5.281,17.539,0.3497,2.1119,1.3107,1.5574,1.1351,1.66,0.7811,-0.9669,0.0,2.0,1.3333333333333333
R_1c5eceWIwyUKgph,SK-A-864,16,human,9,3.5,3.8439,4.0,yes,5.0,-5.0,1.0,0.6666666666666666,-0.0565009014805694,-1.0565009014805695,0.9434990985194304,low,0.7143,-0.3275,-1.3275,0.6725,low,0.0,-1.0998,35-44 years old,Female,"No, I am not colourblind",253,100,True,27,yes,yes,yes,yes,,high_sem_high_perc,Q1,high,high,66,28,11,8.181,13.079,2.1264,1.9598,2.242,0.9105,0.188,1.7041,1.4922,-0.9669,0.0,2.0,1.3333333333333333
R_1c5eceWIwyUKgph,SK-A-1298,17,ai,5,-0.5,-8.1561,3.0,yes,2.0,-2.0,1.0,0.6666666666666666,-0.0565009014805694,-1.0565009014805695,0.9434990985194304,low,0.7143,-0.3275,-1.3275,0.6725,low,0.0,-1.0998,35-44 years old,Female,"No, I am not colourblind",253,100,True,27,yes,yes,yes,yes,,low_sem_high_perc,Q2,low,high,13,4,3,6.345,12.638,1.0016,-0.7265,-1.4832,-1.6772,0.0943,-1.2956,-1.1122,-0.9669,0.0,2.0,1.3333333333333333
R_1c5eceWIwyUKgph,SK-A-2320 A,18,none,1,-4.5,11.8439,5.0,yes,4.0,4.0,1.0,0.6666666666666666,-0.0565009014805694,-1.0565009014805695,0.9434990985194304,low,0.7143,-0.3275,-1.3275,0.6725,low,0.0,-1.0998,35-44 years old,Female,"No, I am not colourblind",253,100,True,27,yes,yes,yes,yes,,high_sem_low_perc,Q3,high,low,47,24,14,4.652,11.926,-0.0356,0.9968,1.6212,1.8808,-0.0569,1.4996,0.4324,-0.9669,0.0,2.0,1.3333333333333333
R_1c5eceWIwyUKgph,SK-C-243,19,none,5,-0.5,-8.1561,4.0,yes,1.0,-1.0,1.0,0.6666666666666666,-0.0565009014805694,-1.0565009014805695,0.9434990985194304,low,0.7143,-0.3275,-1.3275,0.6725,low,0.0,-1.0998,35-44 years old,Female,"No, I am not colourblind",253,100,True,27,yes,yes,yes,yes,,low_sem_low_perc,Q4,low,low,14,12,6,4.052,8.426,-0.4032,-0.6758,-0.2415,-0.7068,-0.8002,-0.5414,0.1632,-0.9669,0.0,2.0,1.3333333333333333
R_1c5eceWIwyUKgph,SK-A-3023,20,ai,4,-1.5,-6.1561,4.0,yes,0.0,0.0,1.0,0.6666666666666666,-0.0565009014805694,-1.0565009014805695,0.9434990985194304,low,0.7143,-0.3275,-1.3275,0.6725,low,0.0,-1.0998,35-44 years old,Female,"No, I am not colourblind",253,100,True,27,yes,yes,yes,yes,,high_sem_low_perc,Q3,high,low,24,9,6,2.609,6.171,-1.2873,-0.169,-0.7071,-0.7068,-1.2791,-0.5276,-0.4284,-0.9669,0.0,2.0,1.3333333333333333
R_1c5eceWIwyUKgph,SK-A-298,21,none,10,4.5,11.8439,3.0,yes,7.0,-7.0,1.0,0.6666666666666666,-0.0565009014805694,-1.0565009014805695,0.9434990985194304,low,0.7143,-0.3275,-1.3275,0.6725,low,0.0,-1.0998,35-44 years old,Female,"No, I am not colourblind",253,100,True,27,yes,yes,yes,yes,,high_sem_low_perc,Q3,high,low,22,19,12,3.588,8.258,-0.6875,-0.2703,0.8451,1.2339,-0.8359,0.6029,0.4922,-0.9669,0.0,2.0,1.3333333333333333
R_1c5eceWIwyUKgph,SK-A-232,22,human,5,-0.5,-8.1561,5.0,yes,0.0,0.0,1.0,0.6666666666666666,-0.0565009014805694,-1.0565009014805695,0.9434990985194304,low,0.7143,-0.3275,-1.3275,0.6725,low,0.0,-1.0998,35-44 years old,Female,"No, I am not colourblind",253,100,True,27,yes,yes,yes,yes,,high_sem_low_perc,Q3,high,low,76,16,8,2.204,6.579,-1.5354,2.4667,0.3794,-0.0599,-1.1924,0.9287,0.1549,-0.9669,0.0,2.0,1.3333333333333333
R_1c5eceWIwyUKgph,SK-A-2110,23,ai,10,4.5,11.8439,5.0,yes,5.0,-5.0,1.0,0.6666666666666666,-0.0565009014805694,-1.0565009014805695,0.9434990985194304,low,0.7143,-0.3275,-1.3275,0.6725,low,0.0,-1.0998,35-44 years old,Female,"No, I am not colourblind",253,100,True,27,yes,yes,yes,yes,,high_sem_low_perc,Q3,high,low,29,17,13,4.449,10.91,-0.16,0.0845,0.5346,1.5574,-0.2727,0.7255,0.9709,-0.9669,0.0,2.0,1.3333333333333333
R_1c5eceWIwyUKgph,SK-A-4717,24,ai,8,2.5,-2.1561,4.0,yes,4.0,-4.0,1.0,0.6666666666666666,-0.0565009014805694,-1.0565009014805695,0.9434990985194304,low,0.7143,-0.3275,-1.3275,0.6725,low,0.0,-1.0998,35-44 years old,Female,"No, I am not colourblind",253,100,True,27,yes,yes,yes,yes,,low_sem_high_perc,Q2,low,high,12,10,9,6.171,17.158,0.895,-0.7772,-0.5519,0.2636,1.0542,-0.3552,-0.0167,-0.9669,0.0,2.0,1.3333333333333333
R_1c5eceWIwyUKgph,SK-A-388,25,human,10,4.5,11.8439,4.0,yes,6.0,-6.0,1.0,0.6666666666666666,-0.0565009014805694,-1.0565009014805695,0.9434990985194304,low,0.7143,-0.3275,-1.3275,0.6725,low,0.0,-1.0998,35-44 years old,Female,"No, I am not colourblind",253,100,True,27,yes,yes,yes,yes,,high_sem_low_perc,Q3,high,low,52,24,12,4.026,10.43,-0.4191,1.2502,1.6212,1.2339,-0.3746,1.3684,0.1145,-0.9669,0.0,2.0,1.3333333333333333
R_1c5eceWIwyUKgph,SK-A-1684,26,none,8,2.5,-2.1561,6.0,yes,2.0,-2.0,1.0,0.6666666666666666,-0.0565009014805694,-1.0565009014805695,0.9434990985194304,low,0.7143,-0.3275,-1.3275,0.6725,low,0.0,-1.0998,35-44 years old,Female,"No, I am not colourblind",253,100,True,27,yes,yes,yes,yes,,low_sem_low_perc,Q4,low,low,7,6,5,1.478,7.119,-1.9802,-1.0306,-1.1728,-1.0303,-1.0777,-1.0779,1.5061,-0.9669,0.0,2.0,1.3333333333333333
R_1c5eceWIwyUKgph,SK-A-110,27,human,1,-4.5,11.8439,4.0,yes,3.0,3.0,1.0,0.6666666666666666,-0.0565009014805694,-1.0565009014805695,0.9434990985194304,low,0.7143,-0.3275,-1.3275,0.6725,low,0.0,-1.0998,35-44 years old,Female,"No, I am not colourblind",253,100,True,27,yes,yes,yes,yes,,low_sem_high_perc,Q2,low,high,9,7,5,5.104,15.147,0.2413,-0.9292,-1.0175,-1.0303,0.6271,-0.9923,0.0078,-0.9669,0.0,2.0,1.3333333333333333
R_8mkGTQ9nrk9WqYa,SK-A-110,1,none,5,-0.5,-8.1561,1.0,yes,4.0,-4.0,1.0,0.0,-1.3802363075967687,-2.3802363075967685,-0.3802363075967687,low,0.0,-1.8031,-2.8031,-0.8031,low,0.25,-0.5878,35-44 years old,Male,"No, I am not colourblind",925,100,True,27,yes,yes,yes,yes,,low_sem_high_perc,Q2,low,high,9,7,5,5.104,15.147,0.2413,-0.9292,-1.0175,-1.0303,0.6271,-0.9923,0.0078,-3.5225,0.0,0.0,0.0
R_8mkGTQ9nrk9WqYa,SK-A-62,2,ai,8,2.5,-2.1561,1.0,yes,7.0,-7.0,1.0,0.0,-1.3802363075967687,-2.3802363075967685,-0.3802363075967687,low,0.0,-1.8031,-2.8031,-0.8031,low,0.25,-0.5878,35-44 years old,Male,"No, I am not colourblind",925,100,True,27,yes,yes,yes,yes,,low_sem_low_perc,Q4,low,low,6,4,4,4.61,10.563,-0.0614,-1.0813,-1.4832,-1.3537,-0.3464,-1.3061,-1.366,-3.5225,0.0,0.0,0.0
R_8mkGTQ9nrk9WqYa,SK-A-4717,3,none,2,-3.5,3.8439,1.0,yes,1.0,-1.0,1.0,0.0,-1.3802363075967687,-2.3802363075967685,-0.3802363075967687,low,0.0,-1.8031,-2.8031,-0.8031,low,0.25,-0.5878,35-44 years old,Male,"No, I am not colourblind",925,100,True,27,yes,yes,yes,yes,,low_sem_high_perc,Q2,low,high,12,10,9,6.171,17.158,0.895,-0.7772,-0.5519,0.2636,1.0542,-0.3552,-0.0167,-3.5225,0.0,0.0,0.0
R_8mkGTQ9nrk9WqYa,SK-A-87,4,ai,10,4.5,11.8439,1.0,yes,9.0,-9.0,1.0,0.0,-1.3802363075967687,-2.3802363075967685,-0.3802363075967687,low,0.0,-1.8031,-2.8031,-0.8031,low,0.25,-0.5878,35-44 years old,Male,"No, I am not colourblind",925,100,True,27,yes,yes,yes,yes,,low_sem_low_perc,Q4,low,low,16,9,4,1.284,3.991,-2.099,-0.5744,-0.7071,-1.3537,-1.742,-0.8784,0.5278,-3.5225,0.0,0.0,0.0
R_8mkGTQ9nrk9WqYa,SK-A-1906,5,none,4,-1.5,-6.1561,2.0,yes,2.0,-2.0,1.0,0.0,-1.3802363075967687,-2.3802363075967685,-0.3802363075967687,low,0.0,-1.8031,-2.8031,-0.8031,low,0.25,-0.5878,35-44 years old,Male,"No, I am not colourblind",925,100,True,27,yes,yes,yes,yes,,high_sem_low_perc,Q3,high,low,43,16,11,4.708,19.343,-0.0013,0.7941,0.3794,0.9105,1.5182,0.6947,0.4853,-3.5225,0.0,0.0,0.0
R_8mkGTQ9nrk9WqYa,SK-A-2110,6,human,6,0.5,-8.1561,1.0,yes,5.0,-5.0,1.0,0.0,-1.3802363075967687,-2.3802363075967685,-0.3802363075967687,low,0.0,-1.8031,-2.8031,-0.8031,low,0.25,-0.5878,35-44 years old,Male,"No, I am not colourblind",925,100,True,27,yes,yes,yes,yes,,high_sem_low_perc,Q3,high,low,29,17,13,4.449,10.91,-0.16,0.0845,0.5346,1.5574,-0.2727,0.7255,0.9709,-3.5225,0.0,0.0,0.0
R_8mkGTQ9nrk9WqYa,SK-A-1403,7,ai,7,1.5,-6.1561,1.0,yes,6.0,-6.0,1.0,0.0,-1.3802363075967687,-2.3802363075967685,-0.3802363075967687,low,0.0,-1.8031,-2.8031,-0.8031,low,0.25,-0.5878,35-44 years old,Male,"No, I am not colourblind",925,100,True,27,yes,yes,yes,yes,,high_sem_high_perc,Q1,high,high,69,22,13,5.281,17.539,0.3497,2.1119,1.3107,1.5574,1.1351,1.66,0.7811,-3.5225,0.0,0.0,0.0
R_8mkGTQ9nrk9WqYa,SK-A-2320 A,8,ai,1,-4.5,11.8439,1.0,yes,0.0,0.0,1.0,0.0,-1.3802363075967687,-2.3802363075967685,-0.3802363075967687,low,0.0,-1.8031,-2.8031,-0.8031,low,0.25,-0.5878,35-44 years old,Male,"No, I am not colourblind",925,100,True,27,yes,yes,yes,yes,,high_sem_low_perc,Q3,high,low,47,24,14,4.652,11.926,-0.0356,0.9968,1.6212,1.8808,-0.0569,1.4996,0.4324,-3.5225,0.0,0.0,0.0
R_8mkGTQ9nrk9WqYa,SK-A-298,9,human,5,-0.5,-8.1561,1.0,yes,4.0,-4.0,1.0,0.0,-1.3802363075967687,-2.3802363075967685,-0.3802363075967687,low,0.0,-1.8031,-2.8031,-0.8031,low,0.25,-0.5878,35-44 years old,Male,"No, I am not colourblind",925,100,True,27,yes,yes,yes,yes,,high_sem_low_perc,Q3,high,low,22,19,12,3.588,8.258,-0.6875,-0.2703,0.8451,1.2339,-0.8359,0.6029,0.4922,-3.5225,0.0,0.0,0.0
R_8mkGTQ9nrk9WqYa,SK-A-1940,10,human,7,1.5,-6.1561,2.0,yes,5.0,-5.0,1.0,0.0,-1.3802363075967687,-2.3802363075967685,-0.3802363075967687,low,0.0,-1.8031,-2.8031,-0.8031,low,0.25,-0.5878,35-44 years old,Male,"No, I am not colourblind",925,100,True,27,yes,yes,yes,yes,,high_sem_high_perc,Q1,high,high,39,23,10,7.148,15.116,1.4935,0.5913,1.466,0.587,0.6205,0.8814,-0.3461,-3.5225,0.0,0.0,0.0
R_8mkGTQ9nrk9WqYa,SK-C-1215,11,human,2,-3.5,3.8439,1.0,yes,1.0,-1.0,1.0,0.0,-1.3802363075967687,-2.3802363075967685,-0.3802363075967687,low,0.0,-1.8031,-2.8031,-0.8031,low,0.25,-0.5878,35-44 years old,Male,"No, I am not colourblind",925,100,True,27,yes,yes,yes,yes,,high_sem_high_perc,Q1,high,high,24,14,8,5.533,8.134,0.5041,-0.169,0.069,-0.0599,-0.8622,-0.0533,-0.0772,-3.5225,0.0,0.0,0.0
R_8mkGTQ9nrk9WqYa,SK-C-95,12,ai,6,0.5,-8.1561,1.0,yes,5.0,-5.0,1.0,0.0,-1.3802363075967687,-2.3802363075967685,-0.3802363075967687,low,0.0,-1.8031,-2.8031,-0.8031,low,0.25,-0.5878,35-44 years old,Male,"No, I am not colourblind",925,100,True,27,yes,yes,yes,yes,,low_sem_high_perc,Q2,low,high,12,10,6,5.078,11.141,0.2254,-0.7772,-0.5519,-0.7068,-0.2236,-0.6786,0.0208,-3.5225,0.0,0.0,0.0
R_8mkGTQ9nrk9WqYa,SK-A-1574,13,human,3,-2.5,-2.1561,1.0,yes,2.0,-2.0,1.0,0.0,-1.3802363075967687,-2.3802363075967685,-0.3802363075967687,low,0.0,-1.8031,-2.8031,-0.8031,low,0.25,-0.5878,35-44 years old,Male,"No, I am not colourblind",925,100,True,27,yes,yes,yes,yes,,high_sem_high_perc,Q1,high,high,41,19,10,6.451,10.977,1.0665,0.6927,0.8451,0.587,-0.2584,0.7083,-1.9879,-3.5225,0.0,0.0,0.0
R_8mkGTQ9nrk9WqYa,SK-A-1713,14,ai,9,3.5,3.8439,1.0,yes,8.0,-8.0,1.0,0.0,-1.3802363075967687,-2.3802363075967685,-0.3802363075967687,low,0.0,-1.8031,-2.8031,-0.8031,low,0.25,-0.5878,35-44 years old,Male,"No, I am not colourblind",925,100,True,27,yes,yes,yes,yes,,low_sem_low_perc,Q4,low,low,15,13,10,2.989,8.961,-1.0545,-0.6251,-0.0862,0.587,-0.6866,-0.0414,-0.1003,-3.5225,0.0,0.0,0.0
R_8mkGTQ9nrk9WqYa,SK-A-261,15,none,4,-1.5,-6.1561,1.0,yes,3.0,-3.0,1.0,0.0,-1.3802363075967687,-2.3802363075967685,-0.3802363075967687,low,0.0,-1.8031,-2.8031,-0.8031,low,0.25,-0.5878,35-44 years old,Male,"No, I am not colourblind",925,100,True,27,yes,yes,yes,yes,,low_sem_low_perc,Q4,low,low,9,8,7,4.292,16.828,-0.2562,-0.9292,-0.8623,-0.3834,0.9841,-0.725,0.1278,-3.5225,0.0,0.0,0.0
R_8mkGTQ9nrk9WqYa,SK-A-864,16,human,8,2.5,-2.1561,5.0,yes,3.0,-3.0,1.0,0.0,-1.3802363075967687,-2.3802363075967685,-0.3802363075967687,low,0.0,-1.8031,-2.8031,-0.8031,low,0.25,-0.5878,35-44 years old,Male,"No, I am not colourblind",925,100,True,27,yes,yes,yes,yes,,high_sem_high_perc,Q1,high,high,66,28,11,8.181,13.079,2.1264,1.9598,2.242,0.9105,0.188,1.7041,1.4922,-3.5225,0.0,0.0,0.0
R_8mkGTQ9nrk9WqYa,SK-A-1298,17,ai,10,4.5,11.8439,1.0,yes,9.0,-9.0,1.0,0.0,-1.3802363075967687,-2.3802363075967685,-0.3802363075967687,low,0.0,-1.8031,-2.8031,-0.8031,low,0.25,-0.5878,35-44 years old,Male,"No, I am not colourblind",925,100,True,27,yes,yes,yes,yes,,low_sem_high_perc,Q2,low,high,13,4,3,6.345,12.638,1.0016,-0.7265,-1.4832,-1.6772,0.0943,-1.2956,-1.1122,-3.5225,0.0,0.0,0.0
R_8mkGTQ9nrk9WqYa,SK-A-1756,18,human,8,2.5,-2.1561,0.0,yes,8.0,-8.0,1.0,0.0,-1.3802363075967687,-2.3802363075967685,-0.3802363075967687,low,0.0,-1.8031,-2.8031,-0.8031,low,0.25,-0.5878,35-44 years old,Male,"No, I am not colourblind",925,100,True,27,yes,yes,yes,yes,,high_sem_high_perc,Q1,high,high,20,12,9,5.001,12.19,0.1782,-0.3717,-0.2415,0.2636,-0.0008,-0.1165,-1.106,-3.5225,0.0,0.0,0.0
R_8mkGTQ9nrk9WqYa,SK-A-4469,19,none,8,2.5,-2.1561,3.0,yes,5.0,-5.0,1.0,0.0,-1.3802363075967687,-2.3802363075967685,-0.3802363075967687,low,0.0,-1.8031,-2.8031,-0.8031,low,0.25,-0.5878,35-44 years old,Male,"No, I am not colourblind",925,100,True,27,yes,yes,yes,yes,,high_sem_high_perc,Q1,high,high,31,11,6,6.128,21.628,0.8686,0.1858,-0.3967,-0.7068,2.0035,-0.3059,-0.9165,-3.5225,0.0,0.0,0.0
R_8mkGTQ9nrk9WqYa,SK-A-3297,20,ai,6,0.5,-8.1561,1.0,yes,5.0,-5.0,1.0,0.0,-1.3802363075967687,-2.3802363075967685,-0.3802363075967687,low,0.0,-1.8031,-2.8031,-0.8031,low,0.25,-0.5878,35-44 years old,Male,"No, I am not colourblind",925,100,True,27,yes,yes,yes,yes,,low_sem_low_perc,Q4,low,low,17,10,7,4.118,13.599,-0.3628,-0.5237,-0.5519,-0.3834,0.2984,-0.4863,-0.4879,-3.5225,0.0,0.0,0.0
R_8mkGTQ9nrk9WqYa,SK-A-3023,21,none,4,-1.5,-6.1561,1.0,yes,3.0,-3.0,1.0,0.0,-1.3802363075967687,-2.3802363075967685,-0.3802363075967687,low,0.0,-1.8031,-2.8031,-0.8031,low,0.25,-0.5878,35-44 years old,Male,"No, I am not colourblind",925,100,True,27,yes,yes,yes,yes,,high_sem_low_perc,Q3,high,low,24,9,6,2.609,6.171,-1.2873,-0.169,-0.7071,-0.7068,-1.2791,-0.5276,-0.4284,-3.5225,0.0,0.0,0.0
R_8mkGTQ9nrk9WqYa,SK-C-243,22,human,4,-1.5,-6.1561,1.0,yes,3.0,-3.0,1.0,0.0,-1.3802363075967687,-2.3802363075967685,-0.3802363075967687,low,0.0,-1.8031,-2.8031,-0.8031,low,0.25,-0.5878,35-44 years old,Male,"No, I am not colourblind",925,100,True,27,yes,yes,yes,yes,,low_sem_low_perc,Q4,low,low,14,12,6,4.052,8.426,-0.4032,-0.6758,-0.2415,-0.7068,-0.8002,-0.5414,0.1632,-3.5225,0.0,0.0,0.0
R_8mkGTQ9nrk9WqYa,SK-C-153,23,none,4,-1.5,-6.1561,1.0,yes,3.0,-3.0,1.0,0.0,-1.3802363075967687,-2.3802363075967685,-0.3802363075967687,low,0.0,-1.8031,-2.8031,-0.8031,low,0.25,-0.5878,35-44 years old,Male,"No, I am not colourblind",925,100,True,27,yes,yes,yes,yes,,low_sem_high_perc,Q2,low,high,14,12,8,6.72,23.164,1.2313,-0.6758,-0.2415,-0.0599,2.3297,-0.3257,0.2978,-3.5225,0.0,0.0,0.0
R_8mkGTQ9nrk9WqYa,SK-A-2320 B,24,none,5,-0.5,-8.1561,2.0,yes,3.0,-3.0,1.0,0.0,-1.3802363075967687,-2.3802363075967685,-0.3802363075967687,low,0.0,-1.8031,-2.8031,-0.8031,low,0.25,-0.5878,35-44 years old,Male,"No, I am not colourblind",925,100,True,27,yes,yes,yes,yes,,low_sem_high_perc,Q2,low,high,11,7,4,4.974,8.222,0.1616,-0.8279,-1.0175,-1.3537,-0.8435,-1.0664,0.3704,-3.5225,0.0,0.0,0.0
R_8mkGTQ9nrk9WqYa,SK-A-1684,25,none,8,2.5,-2.1561,1.0,yes,7.0,-7.0,1.0,0.0,-1.3802363075967687,-2.3802363075967685,-0.3802363075967687,low,0.0,-1.8031,-2.8031,-0.8031,low,0.25,-0.5878,35-44 years old,Male,"No, I am not colourblind",925,100,True,27,yes,yes,yes,yes,,low_sem_low_perc,Q4,low,low,7,6,5,1.478,7.119,-1.9802,-1.0306,-1.1728,-1.0303,-1.0777,-1.0779,1.5061,-3.5225,0.0,0.0,0.0
R_8mkGTQ9nrk9WqYa,SK-A-232,26,human,10,4.5,11.8439,1.0,yes,9.0,-9.0,1.0,0.0,-1.3802363075967687,-2.3802363075967685,-0.3802363075967687,low,0.0,-1.8031,-2.8031,-0.8031,low,0.25,-0.5878,35-44 years old,Male,"No, I am not colourblind",925,100,True,27,yes,yes,yes,yes,,high_sem_low_perc,Q3,high,low,76,16,8,2.204,6.579,-1.5354,2.4667,0.3794,-0.0599,-1.1924,0.9287,0.1549,-3.5225,0.0,0.0,0.0
R_8mkGTQ9nrk9WqYa,SK-A-388,27,ai,2,-3.5,3.8439,1.0,yes,1.0,-1.0,1.0,0.0,-1.3802363075967687,-2.3802363075967685,-0.3802363075967687,low,0.0,-1.8031,-2.8031,-0.8031,low,0.25,-0.5878,35-44 years old,Male,"No, I am not colourblind",925,100,True,27,yes,yes,yes,yes,,high_sem_low_perc,Q3,high,low,52,24,12,4.026,10.43,-0.4191,1.2502,1.6212,1.2339,-0.3746,1.3684,0.1145,-3.5225,0.0,0.0,0.0
R_2k1EtqaAJbqyy6T,SK-A-1684,1,ai,2,-3.5,3.8439,5.0,yes,3.0,3.0,1.0,0.1666666666666666,-1.049302456067719,-2.049302456067719,-0.0493024560677191,low,0.1429,-1.5079,-2.5079,-0.5079,low,0.0,-1.0998,35-44 years old,Male,"No, I am not colourblind",959,100,True,27,yes,yes,yes,yes,,low_sem_low_perc,Q4,low,low,7,6,5,1.478,7.119,-1.9802,-1.0306,-1.1728,-1.0303,-1.0777,-1.0779,1.5061,-2.078,1.0,0.5,0.3333333333333333
R_2k1EtqaAJbqyy6T,SK-C-1215,2,human,7,1.5,-6.1561,2.0,yes,5.0,-5.0,1.0,0.1666666666666666,-1.049302456067719,-2.049302456067719,-0.0493024560677191,low,0.1429,-1.5079,-2.5079,-0.5079,low,0.0,-1.0998,35-44 years old,Male,"No, I am not colourblind",959,100,True,27,yes,yes,yes,yes,,high_sem_high_perc,Q1,high,high,24,14,8,5.533,8.134,0.5041,-0.169,0.069,-0.0599,-0.8622,-0.0533,-0.0772,-2.078,1.0,0.5,0.3333333333333333
R_2k1EtqaAJbqyy6T,SK-A-1906,3,ai,2,-3.5,3.8439,3.0,yes,1.0,1.0,1.0,0.1666666666666666,-1.049302456067719,-2.049302456067719,-0.0493024560677191,low,0.1429,-1.5079,-2.5079,-0.5079,low,0.0,-1.0998,35-44 years old,Male,"No, I am not colourblind",959,100,True,27,yes,yes,yes,yes,,high_sem_low_perc,Q3,high,low,43,16,11,4.708,19.343,-0.0013,0.7941,0.3794,0.9105,1.5182,0.6947,0.4853,-2.078,1.0,0.5,0.3333333333333333
R_2k1EtqaAJbqyy6T,SK-C-153,4,ai,10,4.5,11.8439,3.0,yes,7.0,-7.0,1.0,0.1666666666666666,-1.049302456067719,-2.049302456067719,-0.0493024560677191,low,0.1429,-1.5079,-2.5079,-0.5079,low,0.0,-1.0998,35-44 years old,Male,"No, I am not colourblind",959,100,True,27,yes,yes,yes,yes,,low_sem_high_perc,Q2,low,high,14,12,8,6.72,23.164,1.2313,-0.6758,-0.2415,-0.0599,2.3297,-0.3257,0.2978,-2.078,1.0,0.5,0.3333333333333333
R_2k1EtqaAJbqyy6T,SK-A-2110,5,human,1,-4.5,11.8439,4.0,yes,3.0,3.0,1.0,0.1666666666666666,-1.049302456067719,-2.049302456067719,-0.0493024560677191,low,0.1429,-1.5079,-2.5079,-0.5079,low,0.0,-1.0998,35-44 years old,Male,"No, I am not colourblind",959,100,True,27,yes,yes,yes,yes,,high_sem_low_perc,Q3,high,low,29,17,13,4.449,10.91,-0.16,0.0845,0.5346,1.5574,-0.2727,0.7255,0.9709,-2.078,1.0,0.5,0.3333333333333333
R_2k1EtqaAJbqyy6T,SK-A-3297,6,human,7,1.5,-6.1561,2.0,yes,5.0,-5.0,1.0,0.1666666666666666,-1.049302456067719,-2.049302456067719,-0.0493024560677191,low,0.1429,-1.5079,-2.5079,-0.5079,low,0.0,-1.0998,35-44 years old,Male,"No, I am not colourblind",959,100,True,27,yes,yes,yes,yes,,low_sem_low_perc,Q4,low,low,17,10,7,4.118,13.599,-0.3628,-0.5237,-0.5519,-0.3834,0.2984,-0.4863,-0.4879,-2.078,1.0,0.5,0.3333333333333333
R_2k1EtqaAJbqyy6T,SK-A-110,7,human,6,0.5,-8.1561,2.0,yes,4.0,-4.0,1.0,0.1666666666666666,-1.049302456067719,-2.049302456067719,-0.0493024560677191,low,0.1429,-1.5079,-2.5079,-0.5079,low,0.0,-1.0998,35-44 years old,Male,"No, I am not colourblind",959,100,True,27,yes,yes,yes,yes,,low_sem_high_perc,Q2,low,high,9,7,5,5.104,15.147,0.2413,-0.9292,-1.0175,-1.0303,0.6271,-0.9923,0.0078,-2.078,1.0,0.5,0.3333333333333333
R_2k1EtqaAJbqyy6T,SK-A-4469,8,none,4,-1.5,-6.1561,3.0,yes,1.0,-1.0,1.0,0.1666666666666666,-1.049302456067719,-2.049302456067719,-0.0493024560677191,low,0.1429,-1.5079,-2.5079,-0.5079,low,0.0,-1.0998,35-44 years old,Male,"No, I am not colourblind",959,100,True,27,yes,yes,yes,yes,,high_sem_high_perc,Q1,high,high,31,11,6,6.128,21.628,0.8686,0.1858,-0.3967,-0.7068,2.0035,-0.3059,-0.9165,-2.078,1.0,0.5,0.3333333333333333
R_2k1EtqaAJbqyy6T,SK-C-95,9,none,1,-4.5,11.8439,4.0,yes,3.0,3.0,1.0,0.1666666666666666,-1.049302456067719,-2.049302456067719,-0.0493024560677191,low,0.1429,-1.5079,-2.5079,-0.5079,low,0.0,-1.0998,35-44 years old,Male,"No, I am not colourblind",959,100,True,27,yes,yes,yes,yes,,low_sem_high_perc,Q2,low,high,12,10,6,5.078,11.141,0.2254,-0.7772,-0.5519,-0.7068,-0.2236,-0.6786,0.0208,-2.078,1.0,0.5,0.3333333333333333
R_2k1EtqaAJbqyy6T,SK-A-4717,10,human,7,1.5,-6.1561,2.0,yes,5.0,-5.0,1.0,0.1666666666666666,-1.049302456067719,-2.049302456067719,-0.0493024560677191,low,0.1429,-1.5079,-2.5079,-0.5079,low,0.0,-1.0998,35-44 years old,Male,"No, I am not colourblind",959,100,True,27,yes,yes,yes,yes,,low_sem_high_perc,Q2,low,high,12,10,9,6.171,17.158,0.895,-0.7772,-0.5519,0.2636,1.0542,-0.3552,-0.0167,-2.078,1.0,0.5,0.3333333333333333
R_2k1EtqaAJbqyy6T,SK-A-2320 A,11,human,9,3.5,3.8439,3.0,yes,6.0,-6.0,1.0,0.1666666666666666,-1.049302456067719,-2.049302456067719,-0.0493024560677191,low,0.1429,-1.5079,-2.5079,-0.5079,low,0.0,-1.0998,35-44 years old,Male,"No, I am not colourblind",959,100,True,27,yes,yes,yes,yes,,high_sem_low_perc,Q3,high,low,47,24,14,4.652,11.926,-0.0356,0.9968,1.6212,1.8808,-0.0569,1.4996,0.4324,-2.078,1.0,0.5,0.3333333333333333
R_2k1EtqaAJbqyy6T,SK-A-261,12,ai,7,1.5,-6.1561,3.0,yes,4.0,-4.0,1.0,0.1666666666666666,-1.049302456067719,-2.049302456067719,-0.0493024560677191,low,0.1429,-1.5079,-2.5079,-0.5079,low,0.0,-1.0998,35-44 years old,Male,"No, I am not colourblind",959,100,True,27,yes,yes,yes,yes,,low_sem_low_perc,Q4,low,low,9,8,7,4.292,16.828,-0.2562,-0.9292,-0.8623,-0.3834,0.9841,-0.725,0.1278,-2.078,1.0,0.5,0.3333333333333333
R_2k1EtqaAJbqyy6T,SK-A-87,13,none,1,-4.5,11.8439,3.0,yes,2.0,2.0,1.0,0.1666666666666666,-1.049302456067719,-2.049302456067719,-0.0493024560677191,low,0.1429,-1.5079,-2.5079,-0.5079,low,0.0,-1.0998,35-44 years old,Male,"No, I am not colourblind",959,100,True,27,yes,yes,yes,yes,,low_sem_low_perc,Q4,low,low,16,9,4,1.284,3.991,-2.099,-0.5744,-0.7071,-1.3537,-1.742,-0.8784,0.5278,-2.078,1.0,0.5,0.3333333333333333
R_2k1EtqaAJbqyy6T,SK-A-1940,14,ai,10,4.5,11.8439,2.0,yes,8.0,-8.0,1.0,0.1666666666666666,-1.049302456067719,-2.049302456067719,-0.0493024560677191,low,0.1429,-1.5079,-2.5079,-0.5079,low,0.0,-1.0998,35-44 years old,Male,"No, I am not colourblind",959,100,True,27,yes,yes,yes,yes,,high_sem_high_perc,Q1,high,high,39,23,10,7.148,15.116,1.4935,0.5913,1.466,0.587,0.6205,0.8814,-0.3461,-2.078,1.0,0.5,0.3333333333333333
R_2k1EtqaAJbqyy6T,SK-A-62,15,none,7,1.5,-6.1561,2.0,yes,5.0,-5.0,1.0,0.1666666666666666,-1.049302456067719,-2.049302456067719,-0.0493024560677191,low,0.1429,-1.5079,-2.5079,-0.5079,low,0.0,-1.0998,35-44 years old,Male,"No, I am not colourblind",959,100,True,27,yes,yes,yes,yes,,low_sem_low_perc,Q4,low,low,6,4,4,4.61,10.563,-0.0614,-1.0813,-1.4832,-1.3537,-0.3464,-1.3061,-1.366,-2.078,1.0,0.5,0.3333333333333333
R_2k1EtqaAJbqyy6T,SK-A-1298,16,ai,6,0.5,-8.1561,3.0,yes,3.0,-3.0,1.0,0.1666666666666666,-1.049302456067719,-2.049302456067719,-0.0493024560677191,low,0.1429,-1.5079,-2.5079,-0.5079,low,0.0,-1.0998,35-44 years old,Male,"No, I am not colourblind",959,100,True,27,yes,yes,yes,yes,,low_sem_high_perc,Q2,low,high,13,4,3,6.345,12.638,1.0016,-0.7265,-1.4832,-1.6772,0.0943,-1.2956,-1.1122,-2.078,1.0,0.5,0.3333333333333333
R_2k1EtqaAJbqyy6T,SK-A-2320 B,17,none,1,-4.5,11.8439,4.0,yes,3.0,3.0,1.0,0.1666666666666666,-1.049302456067719,-2.049302456067719,-0.0493024560677191,low,0.1429,-1.5079,-2.5079,-0.5079,low,0.0,-1.0998,35-44 years old,Male,"No, I am not colourblind",959,100,True,27,yes,yes,yes,yes,,low_sem_high_perc,Q2,low,high,11,7,4,4.974,8.222,0.1616,-0.8279,-1.0175,-1.3537,-0.8435,-1.0664,0.3704,-2.078,1.0,0.5,0.3333333333333333
R_2k1EtqaAJbqyy6T,SK-A-1713,18,human,2,-3.5,3.8439,2.0,yes,0.0,0.0,1.0,0.1666666666666666,-1.049302456067719,-2.049302456067719,-0.0493024560677191,low,0.1429,-1.5079,-2.5079,-0.5079,low,0.0,-1.0998,35-44 years old,Male,"No, I am not colourblind",959,100,True,27,yes,yes,yes,yes,,low_sem_low_perc,Q4,low,low,15,13,10,2.989,8.961,-1.0545,-0.6251,-0.0862,0.587,-0.6866,-0.0414,-0.1003,-2.078,1.0,0.5,0.3333333333333333
R_2k1EtqaAJbqyy6T,SK-A-1403,19,ai,1,-4.5,11.8439,3.0,yes,2.0,2.0,1.0,0.1666666666666666,-1.049302456067719,-2.049302456067719,-0.0493024560677191,low,0.1429,-1.5079,-2.5079,-0.5079,low,0.0,-1.0998,35-44 years old,Male,"No, I am not colourblind",959,100,True,27,yes,yes,yes,yes,,high_sem_high_perc,Q1,high,high,69,22,13,5.281,17.539,0.3497,2.1119,1.3107,1.5574,1.1351,1.66,0.7811,-2.078,1.0,0.5,0.3333333333333333
R_2k1EtqaAJbqyy6T,SK-A-298,20,ai,2,-3.5,3.8439,2.0,yes,0.0,0.0,1.0,0.1666666666666666,-1.049302456067719,-2.049302456067719,-0.0493024560677191,low,0.1429,-1.5079,-2.5079,-0.5079,low,0.0,-1.0998,35-44 years old,Male,"No, I am not colourblind",959,100,True,27,yes,yes,yes,yes,,high_sem_low_perc,Q3,high,low,22,19,12,3.588,8.258,-0.6875,-0.2703,0.8451,1.2339,-0.8359,0.6029,0.4922,-2.078,1.0,0.5,0.3333333333333333
R_2k1EtqaAJbqyy6T,SK-A-864,21,none,8,2.5,-2.1561,2.0,yes,6.0,-6.0,1.0,0.1666666666666666,-1.049302456067719,-2.049302456067719,-0.0493024560677191,low,0.1429,-1.5079,-2.5079,-0.5079,low,0.0,-1.0998,35-44 years old,Male,"No, I am not colourblind",959,100,True,27,yes,yes,yes,yes,,high_sem_high_perc,Q1,high,high,66,28,11,8.181,13.079,2.1264,1.9598,2.242,0.9105,0.188,1.7041,1.4922,-2.078,1.0,0.5,0.3333333333333333
R_2k1EtqaAJbqyy6T,SK-A-3023,22,human,6,0.5,-8.1561,2.0,yes,4.0,-4.0,1.0,0.1666666666666666,-1.049302456067719,-2.049302456067719,-0.0493024560677191,low,0.1429,-1.5079,-2.5079,-0.5079,low,0.0,-1.0998,35-44 years old,Male,"No, I am not colourblind",959,100,True,27,yes,yes,yes,yes,,high_sem_low_perc,Q3,high,low,24,9,6,2.609,6.171,-1.2873,-0.169,-0.7071,-0.7068,-1.2791,-0.5276,-0.4284,-2.078,1.0,0.5,0.3333333333333333
R_2k1EtqaAJbqyy6T,SK-A-1574,23,none,1,-4.5,11.8439,2.0,yes,1.0,1.0,1.0,0.1666666666666666,-1.049302456067719,-2.049302456067719,-0.0493024560677191,low,0.1429,-1.5079,-2.5079,-0.5079,low,0.0,-1.0998,35-44 years old,Male,"No, I am not colourblind",959,100,True,27,yes,yes,yes,yes,,high_sem_high_perc,Q1,high,high,41,19,10,6.451,10.977,1.0665,0.6927,0.8451,0.587,-0.2584,0.7083,-1.9879,-2.078,1.0,0.5,0.3333333333333333
R_2k1EtqaAJbqyy6T,SK-C-243,24,human,6,0.5,-8.1561,2.0,yes,4.0,-4.0,1.0,0.1666666666666666,-1.049302456067719,-2.049302456067719,-0.0493024560677191,low,0.1429,-1.5079,-2.5079,-0.5079,low,0.0,-1.0998,35-44 years old,Male,"No, I am not colourblind",959,100,True,27,yes,yes,yes,yes,,low_sem_low_perc,Q4,low,low,14,12,6,4.052,8.426,-0.4032,-0.6758,-0.2415,-0.7068,-0.8002,-0.5414,0.1632,-2.078,1.0,0.5,0.3333333333333333
R_2k1EtqaAJbqyy6T,SK-A-388,25,none,8,2.5,-2.1561,2.0,yes,6.0,-6.0,1.0,0.1666666666666666,-1.049302456067719,-2.049302456067719,-0.0493024560677191,low,0.1429,-1.5079,-2.5079,-0.5079,low,0.0,-1.0998,35-44 years old,Male,"No, I am not colourblind",959,100,True,27,yes,yes,yes,yes,,high_sem_low_perc,Q3,high,low,52,24,12,4.026,10.43,-0.4191,1.2502,1.6212,1.2339,-0.3746,1.3684,0.1145,-2.078,1.0,0.5,0.3333333333333333
R_2k1EtqaAJbqyy6T,SK-A-1756,26,ai,10,4.5,11.8439,2.0,yes,8.0,-8.0,1.0,0.1666666666666666,-1.049302456067719,-2.049302456067719,-0.0493024560677191,low,0.1429,-1.5079,-2.5079,-0.5079,low,0.0,-1.0998,35-44 years old,Male,"No, I am not colourblind",959,100,True,27,yes,yes,yes,yes,,high_sem_high_perc,Q1,high,high,20,12,9,5.001,12.19,0.1782,-0.3717,-0.2415,0.2636,-0.0008,-0.1165,-1.106,-2.078,1.0,0.5,0.3333333333333333
R_2k1EtqaAJbqyy6T,SK-A-232,27,none,6,0.5,-8.1561,4.0,yes,2.0,-2.0,1.0,0.1666666666666666,-1.049302456067719,-2.049302456067719,-0.0493024560677191,low,0.1429,-1.5079,-2.5079,-0.5079,low,0.0,-1.0998,35-44 years old,Male,"No, I am not colourblind",959,100,True,27,yes,yes,yes,yes,,high_sem_low_perc,Q3,high,low,76,16,8,2.204,6.579,-1.5354,2.4667,0.3794,-0.0599,-1.1924,0.9287,0.1549,-2.078,1.0,0.5,0.3333333333333333
R_31HsAjlyGpIjXxw,SK-C-95,1,none,7,1.5,-6.1561,5.0,yes,2.0,-2.0,1.0,0.1666666666666666,-1.049302456067719,-2.049302456067719,-0.0493024560677191,low,0.4286,-0.9177,-1.9177,0.0823,low,0.875,0.6921,18-24 years old,Male,"No, I am not colourblind",420,100,True,27,yes,yes,yes,yes,,low_sem_high_perc,Q2,low,high,12,10,6,5.078,11.141,0.2254,-0.7772,-0.5519,-0.7068,-0.2236,-0.6786,0.0208,-0.078,0.0,0.0,0.3333333333333333
R_31HsAjlyGpIjXxw,SK-A-1298,2,none,1,-4.5,11.8439,4.0,yes,3.0,3.0,1.0,0.1666666666666666,-1.049302456067719,-2.049302456067719,-0.0493024560677191,low,0.4286,-0.9177,-1.9177,0.0823,low,0.875,0.6921,18-24 years old,Male,"No, I am not colourblind",420,100,True,27,yes,yes,yes,yes,,low_sem_high_perc,Q2,low,high,13,4,3,6.345,12.638,1.0016,-0.7265,-1.4832,-1.6772,0.0943,-1.2956,-1.1122,-0.078,0.0,0.0,0.3333333333333333
R_31HsAjlyGpIjXxw,SK-A-110,3,human,7,1.5,-6.1561,6.0,yes,1.0,-1.0,1.0,0.1666666666666666,-1.049302456067719,-2.049302456067719,-0.0493024560677191,low,0.4286,-0.9177,-1.9177,0.0823,low,0.875,0.6921,18-24 years old,Male,"No, I am not colourblind",420,100,True,27,yes,yes,yes,yes,,low_sem_high_perc,Q2,low,high,9,7,5,5.104,15.147,0.2413,-0.9292,-1.0175,-1.0303,0.6271,-0.9923,0.0078,-0.078,0.0,0.0,0.3333333333333333
R_31HsAjlyGpIjXxw,SK-C-1215,4,none,3,-2.5,-2.1561,2.0,yes,1.0,-1.0,1.0,0.1666666666666666,-1.049302456067719,-2.049302456067719,-0.0493024560677191,low,0.4286,-0.9177,-1.9177,0.0823,low,0.875,0.6921,18-24 years old,Male,"No, I am not colourblind",420,100,True,27,yes,yes,yes,yes,,high_sem_high_perc,Q1,high,high,24,14,8,5.533,8.134,0.5041,-0.169,0.069,-0.0599,-0.8622,-0.0533,-0.0772,-0.078,0.0,0.0,0.3333333333333333
R_31HsAjlyGpIjXxw,SK-A-261,5,ai,3,-2.5,-2.1561,4.0,yes,1.0,1.0,1.0,0.1666666666666666,-1.049302456067719,-2.049302456067719,-0.0493024560677191,low,0.4286,-0.9177,-1.9177,0.0823,low,0.875,0.6921,18-24 years old,Male,"No, I am not colourblind",420,100,True,27,yes,yes,yes,yes,,low_sem_low_perc,Q4,low,low,9,8,7,4.292,16.828,-0.2562,-0.9292,-0.8623,-0.3834,0.9841,-0.725,0.1278,-0.078,0.0,0.0,0.3333333333333333
R_31HsAjlyGpIjXxw,SK-A-1713,6,none,8,2.5,-2.1561,3.0,yes,5.0,-5.0,1.0,0.1666666666666666,-1.049302456067719,-2.049302456067719,-0.0493024560677191,low,0.4286,-0.9177,-1.9177,0.0823,low,0.875,0.6921,18-24 years old,Male,"No, I am not colourblind",420,100,True,27,yes,yes,yes,yes,,low_sem_low_perc,Q4,low,low,15,13,10,2.989,8.961,-1.0545,-0.6251,-0.0862,0.587,-0.6866,-0.0414,-0.1003,-0.078,0.0,0.0,0.3333333333333333
R_31HsAjlyGpIjXxw,SK-A-864,7,none,2,-3.5,3.8439,7.0,yes,5.0,5.0,1.0,0.1666666666666666,-1.049302456067719,-2.049302456067719,-0.0493024560677191,low,0.4286,-0.9177,-1.9177,0.0823,low,0.875,0.6921,18-24 years old,Male,"No, I am not colourblind",420,100,True,27,yes,yes,yes,yes,,high_sem_high_perc,Q1,high,high,66,28,11,8.181,13.079,2.1264,1.9598,2.242,0.9105,0.188,1.7041,1.4922,-0.078,0.0,0.0,0.3333333333333333
R_31HsAjlyGpIjXxw,SK-A-1906,8,ai,7,1.5,-6.1561,5.0,yes,2.0,-2.0,1.0,0.1666666666666666,-1.049302456067719,-2.049302456067719,-0.0493024560677191,low,0.4286,-0.9177,-1.9177,0.0823,low,0.875,0.6921,18-24 years old,Male,"No, I am not colourblind",420,100,True,27,yes,yes,yes,yes,,high_sem_low_perc,Q3,high,low,43,16,11,4.708,19.343,-0.0013,0.7941,0.3794,0.9105,1.5182,0.6947,0.4853,-0.078,0.0,0.0,0.3333333333333333
R_31HsAjlyGpIjXxw,SK-A-62,9,ai,6,0.5,-8.1561,4.0,yes,2.0,-2.0,1.0,0.1666666666666666,-1.049302456067719,-2.049302456067719,-0.0493024560677191,low,0.4286,-0.9177,-1.9177,0.0823,low,0.875,0.6921,18-24 years old,Male,"No, I am not colourblind",420,100,True,27,yes,yes,yes,yes,,low_sem_low_perc,Q4,low,low,6,4,4,4.61,10.563,-0.0614,-1.0813,-1.4832,-1.3537,-0.3464,-1.3061,-1.366,-0.078,0.0,0.0,0.3333333333333333
R_31HsAjlyGpIjXxw,SK-A-2110,10,none,6,0.5,-8.1561,6.0,yes,0.0,0.0,1.0,0.1666666666666666,-1.049302456067719,-2.049302456067719,-0.0493024560677191,low,0.4286,-0.9177,-1.9177,0.0823,low,0.875,0.6921,18-24 years old,Male,"No, I am not colourblind",420,100,True,27,yes,yes,yes,yes,,high_sem_low_perc,Q3,high,low,29,17,13,4.449,10.91,-0.16,0.0845,0.5346,1.5574,-0.2727,0.7255,0.9709,-0.078,0.0,0.0,0.3333333333333333
R_31HsAjlyGpIjXxw,SK-A-87,11,ai,1,-4.5,11.8439,2.0,yes,1.0,1.0,1.0,0.1666666666666666,-1.049302456067719,-2.049302456067719,-0.0493024560677191,low,0.4286,-0.9177,-1.9177,0.0823,low,0.875,0.6921,18-24 years old,Male,"No, I am not colourblind",420,100,True,27,yes,yes,yes,yes,,low_sem_low_perc,Q4,low,low,16,9,4,1.284,3.991,-2.099,-0.5744,-0.7071,-1.3537,-1.742,-0.8784,0.5278,-0.078,0.0,0.0,0.3333333333333333
R_31HsAjlyGpIjXxw,SK-A-1574,12,human,6,0.5,-8.1561,4.0,yes,2.0,-2.0,1.0,0.1666666666666666,-1.049302456067719,-2.049302456067719,-0.0493024560677191,low,0.4286,-0.9177,-1.9177,0.0823,low,0.875,0.6921,18-24 years old,Male,"No, I am not colourblind",420,100,True,27,yes,yes,yes,yes,,high_sem_high_perc,Q1,high,high,41,19,10,6.451,10.977,1.0665,0.6927,0.8451,0.587,-0.2584,0.7083,-1.9879,-0.078,0.0,0.0,0.3333333333333333
R_31HsAjlyGpIjXxw,SK-A-1403,13,none,6,0.5,-8.1561,6.0,yes,0.0,0.0,1.0,0.1666666666666666,-1.049302456067719,-2.049302456067719,-0.0493024560677191,low,0.4286,-0.9177,-1.9177,0.0823,low,0.875,0.6921,18-24 years old,Male,"No, I am not colourblind",420,100,True,27,yes,yes,yes,yes,,high_sem_high_perc,Q1,high,high,69,22,13,5.281,17.539,0.3497,2.1119,1.3107,1.5574,1.1351,1.66,0.7811,-0.078,0.0,0.0,0.3333333333333333
R_31HsAjlyGpIjXxw,SK-A-4469,14,human,7,1.5,-6.1561,4.0,yes,3.0,-3.0,1.0,0.1666666666666666,-1.049302456067719,-2.049302456067719,-0.0493024560677191,low,0.4286,-0.9177,-1.9177,0.0823,low,0.875,0.6921,18-24 years old,Male,"No, I am not colourblind",420,100,True,27,yes,yes,yes,yes,,high_sem_high_perc,Q1,high,high,31,11,6,6.128,21.628,0.8686,0.1858,-0.3967,-0.7068,2.0035,-0.3059,-0.9165,-0.078,0.0,0.0,0.3333333333333333
R_31HsAjlyGpIjXxw,SK-A-232,15,none,10,4.5,11.8439,6.0,yes,4.0,-4.0,1.0,0.1666666666666666,-1.049302456067719,-2.049302456067719,-0.0493024560677191,low,0.4286,-0.9177,-1.9177,0.0823,low,0.875,0.6921,18-24 years old,Male,"No, I am not colourblind",420,100,True,27,yes,yes,yes,yes,,high_sem_low_perc,Q3,high,low,76,16,8,2.204,6.579,-1.5354,2.4667,0.3794,-0.0599,-1.1924,0.9287,0.1549,-0.078,0.0,0.0,0.3333333333333333
R_31HsAjlyGpIjXxw,SK-A-2320 A,16,human,6,0.5,-8.1561,6.0,yes,0.0,0.0,1.0,0.1666666666666666,-1.049302456067719,-2.049302456067719,-0.0493024560677191,low,0.4286,-0.9177,-1.9177,0.0823,low,0.875,0.6921,18-24 years old,Male,"No, I am not colourblind",420,100,True,27,yes,yes,yes,yes,,high_sem_low_perc,Q3,high,low,47,24,14,4.652,11.926,-0.0356,0.9968,1.6212,1.8808,-0.0569,1.4996,0.4324,-0.078,0.0,0.0,0.3333333333333333
R_31HsAjlyGpIjXxw,SK-A-4717,17,human,3,-2.5,-2.1561,5.0,yes,2.0,2.0,1.0,0.1666666666666666,-1.049302456067719,-2.049302456067719,-0.0493024560677191,low,0.4286,-0.9177,-1.9177,0.0823,low,0.875,0.6921,18-24 years old,Male,"No, I am not colourblind",420,100,True,27,yes,yes,yes,yes,,low_sem_high_perc,Q2,low,high,12,10,9,6.171,17.158,0.895,-0.7772,-0.5519,0.2636,1.0542,-0.3552,-0.0167,-0.078,0.0,0.0,0.3333333333333333
R_31HsAjlyGpIjXxw,SK-A-298,18,ai,1,-4.5,11.8439,6.0,yes,5.0,5.0,1.0,0.1666666666666666,-1.049302456067719,-2.049302456067719,-0.0493024560677191,low,0.4286,-0.9177,-1.9177,0.0823,low,0.875,0.6921,18-24 years old,Male,"No, I am not colourblind",420,100,True,27,yes,yes,yes,yes,,high_sem_low_perc,Q3,high,low,22,19,12,3.588,8.258,-0.6875,-0.2703,0.8451,1.2339,-0.8359,0.6029,0.4922,-0.078,0.0,0.0,0.3333333333333333
R_31HsAjlyGpIjXxw,SK-A-2320 B,19,human,9,3.5,3.8439,7.0,yes,2.0,-2.0,1.0,0.1666666666666666,-1.049302456067719,-2.049302456067719,-0.0493024560677191,low,0.4286,-0.9177,-1.9177,0.0823,low,0.875,0.6921,18-24 years old,Male,"No, I am not colourblind",420,100,True,27,yes,yes,yes,yes,,low_sem_high_perc,Q2,low,high,11,7,4,4.974,8.222,0.1616,-0.8279,-1.0175,-1.3537,-0.8435,-1.0664,0.3704,-0.078,0.0,0.0,0.3333333333333333
R_31HsAjlyGpIjXxw,SK-C-153,20,ai,10,4.5,11.8439,8.0,yes,2.0,-2.0,1.0,0.1666666666666666,-1.049302456067719,-2.049302456067719,-0.0493024560677191,low,0.4286,-0.9177,-1.9177,0.0823,low,0.875,0.6921,18-24 years old,Male,"No, I am not colourblind",420,100,True,27,yes,yes,yes,yes,,low_sem_high_perc,Q2,low,high,14,12,8,6.72,23.164,1.2313,-0.6758,-0.2415,-0.0599,2.3297,-0.3257,0.2978,-0.078,0.0,0.0,0.3333333333333333
R_31HsAjlyGpIjXxw,SK-A-1684,21,ai,4,-1.5,-6.1561,6.0,yes,2.0,2.0,1.0,0.1666666666666666,-1.049302456067719,-2.049302456067719,-0.0493024560677191,low,0.4286,-0.9177,-1.9177,0.0823,low,0.875,0.6921,18-24 years old,Male,"No, I am not colourblind",420,100,True,27,yes,yes,yes,yes,,low_sem_low_perc,Q4,low,low,7,6,5,1.478,7.119,-1.9802,-1.0306,-1.1728,-1.0303,-1.0777,-1.0779,1.5061,-0.078,0.0,0.0,0.3333333333333333
R_31HsAjlyGpIjXxw,SK-A-388,22,human,5,-0.5,-8.1561,5.0,yes,0.0,0.0,1.0,0.1666666666666666,-1.049302456067719,-2.049302456067719,-0.0493024560677191,low,0.4286,-0.9177,-1.9177,0.0823,low,0.875,0.6921,18-24 years old,Male,"No, I am not colourblind",420,100,True,27,yes,yes,yes,yes,,high_sem_low_perc,Q3,high,low,52,24,12,4.026,10.43,-0.4191,1.2502,1.6212,1.2339,-0.3746,1.3684,0.1145,-0.078,0.0,0.0,0.3333333333333333
R_31HsAjlyGpIjXxw,SK-A-1940,23,human,4,-1.5,-6.1561,5.0,yes,1.0,1.0,1.0,0.1666666666666666,-1.049302456067719,-2.049302456067719,-0.0493024560677191,low,0.4286,-0.9177,-1.9177,0.0823,low,0.875,0.6921,18-24 years old,Male,"No, I am not colourblind",420,100,True,27,yes,yes,yes,yes,,high_sem_high_perc,Q1,high,high,39,23,10,7.148,15.116,1.4935,0.5913,1.466,0.587,0.6205,0.8814,-0.3461,-0.078,0.0,0.0,0.3333333333333333
R_31HsAjlyGpIjXxw,SK-A-1756,24,ai,6,0.5,-8.1561,4.0,yes,2.0,-2.0,1.0,0.1666666666666666,-1.049302456067719,-2.049302456067719,-0.0493024560677191,low,0.4286,-0.9177,-1.9177,0.0823,low,0.875,0.6921,18-24 years old,Male,"No, I am not colourblind",420,100,True,27,yes,yes,yes,yes,,high_sem_high_perc,Q1,high,high,20,12,9,5.001,12.19,0.1782,-0.3717,-0.2415,0.2636,-0.0008,-0.1165,-1.106,-0.078,0.0,0.0,0.3333333333333333
R_31HsAjlyGpIjXxw,SK-C-243,25,none,3,-2.5,-2.1561,5.0,yes,2.0,2.0,1.0,0.1666666666666666,-1.049302456067719,-2.049302456067719,-0.0493024560677191,low,0.4286,-0.9177,-1.9177,0.0823,low,0.875,0.6921,18-24 years old,Male,"No, I am not colourblind",420,100,True,27,yes,yes,yes,yes,,low_sem_low_perc,Q4,low,low,14,12,6,4.052,8.426,-0.4032,-0.6758,-0.2415,-0.7068,-0.8002,-0.5414,0.1632,-0.078,0.0,0.0,0.3333333333333333
R_31HsAjlyGpIjXxw,SK-A-3023,26,ai,6,0.5,-8.1561,5.0,yes,1.0,-1.0,1.0,0.1666666666666666,-1.049302456067719,-2.049302456067719,-0.0493024560677191,low,0.4286,-0.9177,-1.9177,0.0823,low,0.875,0.6921,18-24 years old,Male,"No, I am not colourblind",420,100,True,27,yes,yes,yes,yes,,high_sem_low_perc,Q3,high,low,24,9,6,2.609,6.171,-1.2873,-0.169,-0.7071,-0.7068,-1.2791,-0.5276,-0.4284,-0.078,0.0,0.0,0.3333333333333333
R_31HsAjlyGpIjXxw,SK-A-3297,27,human,1,-4.5,11.8439,6.0,yes,5.0,5.0,1.0,0.1666666666666666,-1.049302456067719,-2.049302456067719,-0.0493024560677191,low,0.4286,-0.9177,-1.9177,0.0823,low,0.875,0.6921,18-24 years old,Male,"No, I am not colourblind",420,100,True,27,yes,yes,yes,yes,,low_sem_low_perc,Q4,low,low,17,10,7,4.118,13.599,-0.3628,-0.5237,-0.5519,-0.3834,0.2984,-0.4863,-0.4879,-0.078,0.0,0.0,0.3333333333333333
R_2JVZ9P6oST7wBZV,SK-A-2320 B,1,human,1,-4.5,11.8439,7.0,yes,6.0,6.0,1.0,0.5,-0.3874347530096192,-1.3874347530096192,0.6125652469903808,low,0.5714,-0.6227,-1.6227,0.3773,low,0.25,-0.5878,25-34 years old,Female,"No, I am not colourblind",244,100,True,27,yes,yes,yes,yes,,low_sem_high_perc,Q2,low,high,11,7,4,4.974,8.222,0.1616,-0.8279,-1.0175,-1.3537,-0.8435,-1.0664,0.3704,-1.078,1.0,0.5,0.6666666666666666
R_2JVZ9P6oST7wBZV,SK-A-1940,2,none,4,-1.5,-6.1561,5.0,yes,1.0,1.0,1.0,0.5,-0.3874347530096192,-1.3874347530096192,0.6125652469903808,low,0.5714,-0.6227,-1.6227,0.3773,low,0.25,-0.5878,25-34 years old,Female,"No, I am not colourblind",244,100,True,27,yes,yes,yes,yes,,high_sem_high_perc,Q1,high,high,39,23,10,7.148,15.116,1.4935,0.5913,1.466,0.587,0.6205,0.8814,-0.3461,-1.078,1.0,0.5,0.6666666666666666
R_2JVZ9P6oST7wBZV,SK-A-388,3,ai,10,4.5,11.8439,1.0,yes,9.0,-9.0,1.0,0.5,-0.3874347530096192,-1.3874347530096192,0.6125652469903808,low,0.5714,-0.6227,-1.6227,0.3773,low,0.25,-0.5878,25-34 years old,Female,"No, I am not colourblind",244,100,True,27,yes,yes,yes,yes,,high_sem_low_perc,Q3,high,low,52,24,12,4.026,10.43,-0.4191,1.2502,1.6212,1.2339,-0.3746,1.3684,0.1145,-1.078,1.0,0.5,0.6666666666666666
R_2JVZ9P6oST7wBZV,SK-A-4469,4,none,7,1.5,-6.1561,2.0,yes,5.0,-5.0,1.0,0.5,-0.3874347530096192,-1.3874347530096192,0.6125652469903808,low,0.5714,-0.6227,-1.6227,0.3773,low,0.25,-0.5878,25-34 years old,Female,"No, I am not colourblind",244,100,True,27,yes,yes,yes,yes,,high_sem_high_perc,Q1,high,high,31,11,6,6.128,21.628,0.8686,0.1858,-0.3967,-0.7068,2.0035,-0.3059,-0.9165,-1.078,1.0,0.5,0.6666666666666666
R_2JVZ9P6oST7wBZV,SK-A-110,5,human,10,4.5,11.8439,1.0,yes,9.0,-9.0,1.0,0.5,-0.3874347530096192,-1.3874347530096192,0.6125652469903808,low,0.5714,-0.6227,-1.6227,0.3773,low,0.25,-0.5878,25-34 years old,Female,"No, I am not colourblind",244,100,True,27,yes,yes,yes,yes,,low_sem_high_perc,Q2,low,high,9,7,5,5.104,15.147,0.2413,-0.9292,-1.0175,-1.0303,0.6271,-0.9923,0.0078,-1.078,1.0,0.5,0.6666666666666666
R_2JVZ9P6oST7wBZV,SK-A-3297,6,human,1,-4.5,11.8439,1.0,yes,0.0,0.0,1.0,0.5,-0.3874347530096192,-1.3874347530096192,0.6125652469903808,low,0.5714,-0.6227,-1.6227,0.3773,low,0.25,-0.5878,25-34 years old,Female,"No, I am not colourblind",244,100,True,27,yes,yes,yes,yes,,low_sem_low_perc,Q4,low,low,17,10,7,4.118,13.599,-0.3628,-0.5237,-0.5519,-0.3834,0.2984,-0.4863,-0.4879,-1.078,1.0,0.5,0.6666666666666666
R_2JVZ9P6oST7wBZV,SK-A-298,7,none,7,1.5,-6.1561,7.0,yes,0.0,0.0,1.0,0.5,-0.3874347530096192,-1.3874347530096192,0.6125652469903808,low,0.5714,-0.6227,-1.6227,0.3773,low,0.25,-0.5878,25-34 years old,Female,"No, I am not colourblind",244,100,True,27,yes,yes,yes,yes,,high_sem_low_perc,Q3,high,low,22,19,12,3.588,8.258,-0.6875,-0.2703,0.8451,1.2339,-0.8359,0.6029,0.4922,-1.078,1.0,0.5,0.6666666666666666
R_2JVZ9P6oST7wBZV,SK-A-232,8,human,10,4.5,11.8439,1.0,yes,9.0,-9.0,1.0,0.5,-0.3874347530096192,-1.3874347530096192,0.6125652469903808,low,0.5714,-0.6227,-1.6227,0.3773,low,0.25,-0.5878,25-34 years old,Female,"No, I am not colourblind",244,100,True,27,yes,yes,yes,yes,,high_sem_low_perc,Q3,high,low,76,16,8,2.204,6.579,-1.5354,2.4667,0.3794,-0.0599,-1.1924,0.9287,0.1549,-1.078,1.0,0.5,0.6666666666666666
R_2JVZ9P6oST7wBZV,SK-A-1756,9,human,2,-3.5,3.8439,1.0,yes,1.0,-1.0,1.0,0.5,-0.3874347530096192,-1.3874347530096192,0.6125652469903808,low,0.5714,-0.6227,-1.6227,0.3773,low,0.25,-0.5878,25-34 years old,Female,"No, I am not colourblind",244,100,True,27,yes,yes,yes,yes,,high_sem_high_perc,Q1,high,high,20,12,9,5.001,12.19,0.1782,-0.3717,-0.2415,0.2636,-0.0008,-0.1165,-1.106,-1.078,1.0,0.5,0.6666666666666666
R_2JVZ9P6oST7wBZV,SK-C-243,10,ai,9,3.5,3.8439,2.0,yes,7.0,-7.0,1.0,0.5,-0.3874347530096192,-1.3874347530096192,0.6125652469903808,low,0.5714,-0.6227,-1.6227,0.3773,low,0.25,-0.5878,25-34 years old,Female,"No, I am not colourblind",244,100,True,27,yes,yes,yes,yes,,low_sem_low_perc,Q4,low,low,14,12,6,4.052,8.426,-0.4032,-0.6758,-0.2415,-0.7068,-0.8002,-0.5414,0.1632,-1.078,1.0,0.5,0.6666666666666666
R_2JVZ9P6oST7wBZV,SK-A-1574,11,ai,9,3.5,3.8439,1.0,yes,8.0,-8.0,1.0,0.5,-0.3874347530096192,-1.3874347530096192,0.6125652469903808,low,0.5714,-0.6227,-1.6227,0.3773,low,0.25,-0.5878,25-34 years old,Female,"No, I am not colourblind",244,100,True,27,yes,yes,yes,yes,,high_sem_high_perc,Q1,high,high,41,19,10,6.451,10.977,1.0665,0.6927,0.8451,0.587,-0.2584,0.7083,-1.9879,-1.078,1.0,0.5,0.6666666666666666
R_2JVZ9P6oST7wBZV,SK-C-1215,12,ai,3,-2.5,-2.1561,4.0,yes,1.0,1.0,1.0,0.5,-0.3874347530096192,-1.3874347530096192,0.6125652469903808,low,0.5714,-0.6227,-1.6227,0.3773,low,0.25,-0.5878,25-34 years old,Female,"No, I am not colourblind",244,100,True,27,yes,yes,yes,yes,,high_sem_high_perc,Q1,high,high,24,14,8,5.533,8.134,0.5041,-0.169,0.069,-0.0599,-0.8622,-0.0533,-0.0772,-1.078,1.0,0.5,0.6666666666666666
R_2JVZ9P6oST7wBZV,SK-A-3023,13,ai,5,-0.5,-8.1561,1.0,yes,4.0,-4.0,1.0,0.5,-0.3874347530096192,-1.3874347530096192,0.6125652469903808,low,0.5714,-0.6227,-1.6227,0.3773,low,0.25,-0.5878,25-34 years old,Female,"No, I am not colourblind",244,100,True,27,yes,yes,yes,yes,,high_sem_low_perc,Q3,high,low,24,9,6,2.609,6.171,-1.2873,-0.169,-0.7071,-0.7068,-1.2791,-0.5276,-0.4284,-1.078,1.0,0.5,0.6666666666666666
R_2JVZ9P6oST7wBZV,SK-C-95,14,ai,1,-4.5,11.8439,2.0,yes,1.0,1.0,1.0,0.5,-0.3874347530096192,-1.3874347530096192,0.6125652469903808,low,0.5714,-0.6227,-1.6227,0.3773,low,0.25,-0.5878,25-34 years old,Female,"No, I am not colourblind",244,100,True,27,yes,yes,yes,yes,,low_sem_high_perc,Q2,low,high,12,10,6,5.078,11.141,0.2254,-0.7772,-0.5519,-0.7068,-0.2236,-0.6786,0.0208,-1.078,1.0,0.5,0.6666666666666666
R_2JVZ9P6oST7wBZV,SK-A-62,15,ai,4,-1.5,-6.1561,1.0,yes,3.0,-3.0,1.0,0.5,-0.3874347530096192,-1.3874347530096192,0.6125652469903808,low,0.5714,-0.6227,-1.6227,0.3773,low,0.25,-0.5878,25-34 years old,Female,"No, I am not colourblind",244,100,True,27,yes,yes,yes,yes,,low_sem_low_perc,Q4,low,low,6,4,4,4.61,10.563,-0.0614,-1.0813,-1.4832,-1.3537,-0.3464,-1.3061,-1.366,-1.078,1.0,0.5,0.6666666666666666
R_2JVZ9P6oST7wBZV,SK-A-87,16,none,10,4.5,11.8439,2.0,yes,8.0,-8.0,1.0,0.5,-0.3874347530096192,-1.3874347530096192,0.6125652469903808,low,0.5714,-0.6227,-1.6227,0.3773,low,0.25,-0.5878,25-34 years old,Female,"No, I am not colourblind",244,100,True,27,yes,yes,yes,yes,,low_sem_low_perc,Q4,low,low,16,9,4,1.284,3.991,-2.099,-0.5744,-0.7071,-1.3537,-1.742,-0.8784,0.5278,-1.078,1.0,0.5,0.6666666666666666
R_2JVZ9P6oST7wBZV,SK-A-1906,17,none,9,3.5,3.8439,6.0,yes,3.0,-3.0,1.0,0.5,-0.3874347530096192,-1.3874347530096192,0.6125652469903808,low,0.5714,-0.6227,-1.6227,0.3773,low,0.25,-0.5878,25-34 years old,Female,"No, I am not colourblind",244,100,True,27,yes,yes,yes,yes,,high_sem_low_perc,Q3,high,low,43,16,11,4.708,19.343,-0.0013,0.7941,0.3794,0.9105,1.5182,0.6947,0.4853,-1.078,1.0,0.5,0.6666666666666666
R_2JVZ9P6oST7wBZV,SK-A-1298,18,human,5,-0.5,-8.1561,1.0,yes,4.0,-4.0,1.0,0.5,-0.3874347530096192,-1.3874347530096192,0.6125652469903808,low,0.5714,-0.6227,-1.6227,0.3773,low,0.25,-0.5878,25-34 years old,Female,"No, I am not colourblind",244,100,True,27,yes,yes,yes,yes,,low_sem_high_perc,Q2,low,high,13,4,3,6.345,12.638,1.0016,-0.7265,-1.4832,-1.6772,0.0943,-1.2956,-1.1122,-1.078,1.0,0.5,0.6666666666666666
R_2JVZ9P6oST7wBZV,SK-A-864,19,human,2,-3.5,3.8439,8.0,yes,6.0,6.0,1.0,0.5,-0.3874347530096192,-1.3874347530096192,0.6125652469903808,low,0.5714,-0.6227,-1.6227,0.3773,low,0.25,-0.5878,25-34 years old,Female,"No, I am not colourblind",244,100,True,27,yes,yes,yes,yes,,high_sem_high_perc,Q1,high,high,66,28,11,8.181,13.079,2.1264,1.9598,2.242,0.9105,0.188,1.7041,1.4922,-1.078,1.0,0.5,0.6666666666666666
R_2JVZ9P6oST7wBZV,SK-A-261,20,human,4,-1.5,-6.1561,5.0,yes,1.0,1.0,1.0,0.5,-0.3874347530096192,-1.3874347530096192,0.6125652469903808,low,0.5714,-0.6227,-1.6227,0.3773,low,0.25,-0.5878,25-34 years old,Female,"No, I am not colourblind",244,100,True,27,yes,yes,yes,yes,,low_sem_low_perc,Q4,low,low,9,8,7,4.292,16.828,-0.2562,-0.9292,-0.8623,-0.3834,0.9841,-0.725,0.1278,-1.078,1.0,0.5,0.6666666666666666
R_2JVZ9P6oST7wBZV,SK-C-153,21,none,1,-4.5,11.8439,1.0,yes,0.0,0.0,1.0,0.5,-0.3874347530096192,-1.3874347530096192,0.6125652469903808,low,0.5714,-0.6227,-1.6227,0.3773,low,0.25,-0.5878,25-34 years old,Female,"No, I am not colourblind",244,100,True,27,yes,yes,yes,yes,,low_sem_high_perc,Q2,low,high,14,12,8,6.72,23.164,1.2313,-0.6758,-0.2415,-0.0599,2.3297,-0.3257,0.2978,-1.078,1.0,0.5,0.6666666666666666
R_2JVZ9P6oST7wBZV,SK-A-4717,22,none,9,3.5,3.8439,1.0,yes,8.0,-8.0,1.0,0.5,-0.3874347530096192,-1.3874347530096192,0.6125652469903808,low,0.5714,-0.6227,-1.6227,0.3773,low,0.25,-0.5878,25-34 years old,Female,"No, I am not colourblind",244,100,True,27,yes,yes,yes,yes,,low_sem_high_perc,Q2,low,high,12,10,9,6.171,17.158,0.895,-0.7772,-0.5519,0.2636,1.0542,-0.3552,-0.0167,-1.078,1.0,0.5,0.6666666666666666
R_2JVZ9P6oST7wBZV,SK-A-1713,23,ai,6,0.5,-8.1561,1.0,yes,5.0,-5.0,1.0,0.5,-0.3874347530096192,-1.3874347530096192,0.6125652469903808,low,0.5714,-0.6227,-1.6227,0.3773,low,0.25,-0.5878,25-34 years old,Female,"No, I am not colourblind",244,100,True,27,yes,yes,yes,yes,,low_sem_low_perc,Q4,low,low,15,13,10,2.989,8.961,-1.0545,-0.6251,-0.0862,0.587,-0.6866,-0.0414,-0.1003,-1.078,1.0,0.5,0.6666666666666666
R_2JVZ9P6oST7wBZV,SK-A-1684,24,none,10,4.5,11.8439,10.0,yes,0.0,0.0,1.0,0.5,-0.3874347530096192,-1.3874347530096192,0.6125652469903808,low,0.5714,-0.6227,-1.6227,0.3773,low,0.25,-0.5878,25-34 years old,Female,"No, I am not colourblind",244,100,True,27,yes,yes,yes,yes,,low_sem_low_perc,Q4,low,low,7,6,5,1.478,7.119,-1.9802,-1.0306,-1.1728,-1.0303,-1.0777,-1.0779,1.5061,-1.078,1.0,0.5,0.6666666666666666
R_2JVZ9P6oST7wBZV,SK-A-1403,25,none,5,-0.5,-8.1561,1.0,yes,4.0,-4.0,1.0,0.5,-0.3874347530096192,-1.3874347530096192,0.6125652469903808,low,0.5714,-0.6227,-1.6227,0.3773,low,0.25,-0.5878,25-34 years old,Female,"No, I am not colourblind",244,100,True,27,yes,yes,yes,yes,,high_sem_high_perc,Q1,high,high,69,22,13,5.281,17.539,0.3497,2.1119,1.3107,1.5574,1.1351,1.66,0.7811,-1.078,1.0,0.5,0.6666666666666666
R_2JVZ9P6oST7wBZV,SK-A-2110,26,ai,9,3.5,3.8439,2.0,yes,7.0,-7.0,1.0,0.5,-0.3874347530096192,-1.3874347530096192,0.6125652469903808,low,0.5714,-0.6227,-1.6227,0.3773,low,0.25,-0.5878,25-34 years old,Female,"No, I am not colourblind",244,100,True,27,yes,yes,yes,yes,,high_sem_low_perc,Q3,high,low,29,17,13,4.449,10.91,-0.16,0.0845,0.5346,1.5574,-0.2727,0.7255,0.9709,-1.078,1.0,0.5,0.6666666666666666
R_2JVZ9P6oST7wBZV,SK-A-2320 A,27,human,9,3.5,3.8439,1.0,yes,8.0,-8.0,1.0,0.5,-0.3874347530096192,-1.3874347530096192,0.6125652469903808,low,0.5714,-0.6227,-1.6227,0.3773,low,0.25,-0.5878,25-34 years old,Female,"No, I am not colourblind",244,100,True,27,yes,yes,yes,yes,,high_sem_low_perc,Q3,high,low,47,24,14,4.652,11.926,-0.0356,0.9968,1.6212,1.8808,-0.0569,1.4996,0.4324,-1.078,1.0,0.5,0.6666666666666666
R_8jZCqXaPQsBAj8m,SK-A-1940,1,none,4,-1.5,-6.1561,8.0,yes,4.0,4.0,1.0,0.6666666666666666,-0.0565009014805694,-1.0565009014805695,0.9434990985194304,low,0.7143,-0.3275,-1.3275,0.6725,low,0.625,0.1801,25-34 years old,Female,"No, I am not colourblind",261,100,True,27,yes,yes,yes,yes,,high_sem_high_perc,Q1,high,high,39,23,10,7.148,15.116,1.4935,0.5913,1.466,0.587,0.6205,0.8814,-0.3461,0.8108,1.0,1.5,1.3333333333333333
R_8jZCqXaPQsBAj8m,SK-A-3297,2,ai,5,-0.5,-8.1561,4.0,yes,1.0,-1.0,1.0,0.6666666666666666,-0.0565009014805694,-1.0565009014805695,0.9434990985194304,low,0.7143,-0.3275,-1.3275,0.6725,low,0.625,0.1801,25-34 years old,Female,"No, I am not colourblind",261,100,True,27,yes,yes,yes,yes,,low_sem_low_perc,Q4,low,low,17,10,7,4.118,13.599,-0.3628,-0.5237,-0.5519,-0.3834,0.2984,-0.4863,-0.4879,0.8108,1.0,1.5,1.3333333333333333
R_8jZCqXaPQsBAj8m,SK-A-1403,3,none,1,-4.5,11.8439,8.0,yes,7.0,7.0,1.0,0.6666666666666666,-0.0565009014805694,-1.0565009014805695,0.9434990985194304,low,0.7143,-0.3275,-1.3275,0.6725,low,0.625,0.1801,25-34 years old,Female,"No, I am not colourblind",261,100,True,27,yes,yes,yes,yes,,high_sem_high_perc,Q1,high,high,69,22,13,5.281,17.539,0.3497,2.1119,1.3107,1.5574,1.1351,1.66,0.7811,0.8108,1.0,1.5,1.3333333333333333
R_8jZCqXaPQsBAj8m,SK-A-864,4,none,1,-4.5,11.8439,4.0,yes,3.0,3.0,1.0,0.6666666666666666,-0.0565009014805694,-1.0565009014805695,0.9434990985194304,low,0.7143,-0.3275,-1.3275,0.6725,low,0.625,0.1801,25-34 years old,Female,"No, I am not colourblind",261,100,True,27,yes,yes,yes,yes,,high_sem_high_perc,Q1,high,high,66,28,11,8.181,13.079,2.1264,1.9598,2.242,0.9105,0.188,1.7041,1.4922,0.8108,1.0,1.5,1.3333333333333333
R_8jZCqXaPQsBAj8m,SK-A-2320 B,5,ai,3,-2.5,-2.1561,5.0,yes,2.0,2.0,1.0,0.6666666666666666,-0.0565009014805694,-1.0565009014805695,0.9434990985194304,low,0.7143,-0.3275,-1.3275,0.6725,low,0.625,0.1801,25-34 years old,Female,"No, I am not colourblind",261,100,True,27,yes,yes,yes,yes,,low_sem_high_perc,Q2,low,high,11,7,4,4.974,8.222,0.1616,-0.8279,-1.0175,-1.3537,-0.8435,-1.0664,0.3704,0.8108,1.0,1.5,1.3333333333333333
R_8jZCqXaPQsBAj8m,SK-A-261,6,human,1,-4.5,11.8439,7.0,yes,6.0,6.0,1.0,0.6666666666666666,-0.0565009014805694,-1.0565009014805695,0.9434990985194304,low,0.7143,-0.3275,-1.3275,0.6725,low,0.625,0.1801,25-34 years old,Female,"No, I am not colourblind",261,100,True,27,yes,yes,yes,yes,,low_sem_low_perc,Q4,low,low,9,8,7,4.292,16.828,-0.2562,-0.9292,-0.8623,-0.3834,0.9841,-0.725,0.1278,0.8108,1.0,1.5,1.3333333333333333
R_8jZCqXaPQsBAj8m,SK-A-4717,7,none,10,4.5,11.8439,9.0,yes,1.0,-1.0,1.0,0.6666666666666666,-0.0565009014805694,-1.0565009014805695,0.9434990985194304,low,0.7143,-0.3275,-1.3275,0.6725,low,0.625,0.1801,25-34 years old,Female,"No, I am not colourblind",261,100,True,27,yes,yes,yes,yes,,low_sem_high_perc,Q2,low,high,12,10,9,6.171,17.158,0.895,-0.7772,-0.5519,0.2636,1.0542,-0.3552,-0.0167,0.8108,1.0,1.5,1.3333333333333333
R_8jZCqXaPQsBAj8m,SK-A-4469,8,ai,5,-0.5,-8.1561,6.0,yes,1.0,1.0,1.0,0.6666666666666666,-0.0565009014805694,-1.0565009014805695,0.9434990985194304,low,0.7143,-0.3275,-1.3275,0.6725,low,0.625,0.1801,25-34 years old,Female,"No, I am not colourblind",261,100,True,27,yes,yes,yes,yes,,high_sem_high_perc,Q1,high,high,31,11,6,6.128,21.628,0.8686,0.1858,-0.3967,-0.7068,2.0035,-0.3059,-0.9165,0.8108,1.0,1.5,1.3333333333333333
R_8jZCqXaPQsBAj8m,SK-C-1215,9,human,5,-0.5,-8.1561,5.0,yes,0.0,0.0,1.0,0.6666666666666666,-0.0565009014805694,-1.0565009014805695,0.9434990985194304,low,0.7143,-0.3275,-1.3275,0.6725,low,0.625,0.1801,25-34 years old,Female,"No, I am not colourblind",261,100,True,27,yes,yes,yes,yes,,high_sem_high_perc,Q1,high,high,24,14,8,5.533,8.134,0.5041,-0.169,0.069,-0.0599,-0.8622,-0.0533,-0.0772,0.8108,1.0,1.5,1.3333333333333333
R_8jZCqXaPQsBAj8m,SK-A-1298,10,human,10,4.5,11.8439,3.0,yes,7.0,-7.0,1.0,0.6666666666666666,-0.0565009014805694,-1.0565009014805695,0.9434990985194304,low,0.7143,-0.3275,-1.3275,0.6725,low,0.625,0.1801,25-34 years old,Female,"No, I am not colourblind",261,100,True,27,yes,yes,yes,yes,,low_sem_high_perc,Q2,low,high,13,4,3,6.345,12.638,1.0016,-0.7265,-1.4832,-1.6772,0.0943,-1.2956,-1.1122,0.8108,1.0,1.5,1.3333333333333333
R_8jZCqXaPQsBAj8m,SK-A-2110,11,none,1,-4.5,11.8439,7.0,yes,6.0,6.0,1.0,0.6666666666666666,-0.0565009014805694,-1.0565009014805695,0.9434990985194304,low,0.7143,-0.3275,-1.3275,0.6725,low,0.625,0.1801,25-34 years old,Female,"No, I am not colourblind",261,100,True,27,yes,yes,yes,yes,,high_sem_low_perc,Q3,high,low,29,17,13,4.449,10.91,-0.16,0.0845,0.5346,1.5574,-0.2727,0.7255,0.9709,0.8108,1.0,1.5,1.3333333333333333
R_8jZCqXaPQsBAj8m,SK-A-298,12,none,8,2.5,-2.1561,3.0,yes,5.0,-5.0,1.0,0.6666666666666666,-0.0565009014805694,-1.0565009014805695,0.9434990985194304,low,0.7143,-0.3275,-1.3275,0.6725,low,0.625,0.1801,25-34 years old,Female,"No, I am not colourblind",261,100,True,27,yes,yes,yes,yes,,high_sem_low_perc,Q3,high,low,22,19,12,3.588,8.258,-0.6875,-0.2703,0.8451,1.2339,-0.8359,0.6029,0.4922,0.8108,1.0,1.5,1.3333333333333333
R_8jZCqXaPQsBAj8m,SK-A-1684,13,human,10,4.5,11.8439,4.0,yes,6.0,-6.0,1.0,0.6666666666666666,-0.0565009014805694,-1.0565009014805695,0.9434990985194304,low,0.7143,-0.3275,-1.3275,0.6725,low,0.625,0.1801,25-34 years old,Female,"No, I am not colourblind",261,100,True,27,yes,yes,yes,yes,,low_sem_low_perc,Q4,low,low,7,6,5,1.478,7.119,-1.9802,-1.0306,-1.1728,-1.0303,-1.0777,-1.0779,1.5061,0.8108,1.0,1.5,1.3333333333333333
R_8jZCqXaPQsBAj8m,SK-A-62,14,human,3,-2.5,-2.1561,5.0,yes,2.0,2.0,1.0,0.6666666666666666,-0.0565009014805694,-1.0565009014805695,0.9434990985194304,low,0.7143,-0.3275,-1.3275,0.6725,low,0.625,0.1801,25-34 years old,Female,"No, I am not colourblind",261,100,True,27,yes,yes,yes,yes,,low_sem_low_perc,Q4,low,low,6,4,4,4.61,10.563,-0.0614,-1.0813,-1.4832,-1.3537,-0.3464,-1.3061,-1.366,0.8108,1.0,1.5,1.3333333333333333
R_8jZCqXaPQsBAj8m,SK-A-1574,15,human,5,-0.5,-8.1561,8.0,yes,3.0,3.0,1.0,0.6666666666666666,-0.0565009014805694,-1.0565009014805695,0.9434990985194304,low,0.7143,-0.3275,-1.3275,0.6725,low,0.625,0.1801,25-34 years old,Female,"No, I am not colourblind",261,100,True,27,yes,yes,yes,yes,,high_sem_high_perc,Q1,high,high,41,19,10,6.451,10.977,1.0665,0.6927,0.8451,0.587,-0.2584,0.7083,-1.9879,0.8108,1.0,1.5,1.3333333333333333
R_8jZCqXaPQsBAj8m,SK-C-153,16,ai,8,2.5,-2.1561,9.0,yes,1.0,1.0,1.0,0.6666666666666666,-0.0565009014805694,-1.0565009014805695,0.9434990985194304,low,0.7143,-0.3275,-1.3275,0.6725,low,0.625,0.1801,25-34 years old,Female,"No, I am not colourblind",261,100,True,27,yes,yes,yes,yes,,low_sem_high_perc,Q2,low,high,14,12,8,6.72,23.164,1.2313,-0.6758,-0.2415,-0.0599,2.3297,-0.3257,0.2978,0.8108,1.0,1.5,1.3333333333333333
R_8jZCqXaPQsBAj8m,SK-A-110,17,ai,8,2.5,-2.1561,8.0,yes,0.0,0.0,1.0,0.6666666666666666,-0.0565009014805694,-1.0565009014805695,0.9434990985194304,low,0.7143,-0.3275,-1.3275,0.6725,low,0.625,0.1801,25-34 years old,Female,"No, I am not colourblind",261,100,True,27,yes,yes,yes,yes,,low_sem_high_perc,Q2,low,high,9,7,5,5.104,15.147,0.2413,-0.9292,-1.0175,-1.0303,0.6271,-0.9923,0.0078,0.8108,1.0,1.5,1.3333333333333333
R_8jZCqXaPQsBAj8m,SK-A-3023,18,none,1,-4.5,11.8439,5.0,yes,4.0,4.0,1.0,0.6666666666666666,-0.0565009014805694,-1.0565009014805695,0.9434990985194304,low,0.7143,-0.3275,-1.3275,0.6725,low,0.625,0.1801,25-34 years old,Female,"No, I am not colourblind",261,100,True,27,yes,yes,yes,yes,,high_sem_low_perc,Q3,high,low,24,9,6,2.609,6.171,-1.2873,-0.169,-0.7071,-0.7068,-1.2791,-0.5276,-0.4284,0.8108,1.0,1.5,1.3333333333333333
R_8jZCqXaPQsBAj8m,SK-A-1713,19,ai,5,-0.5,-8.1561,6.0,yes,1.0,1.0,1.0,0.6666666666666666,-0.0565009014805694,-1.0565009014805695,0.9434990985194304,low,0.7143,-0.3275,-1.3275,0.6725,low,0.625,0.1801,25-34 years old,Female,"No, I am not colourblind",261,100,True,27,yes,yes,yes,yes,,low_sem_low_perc,Q4,low,low,15,13,10,2.989,8.961,-1.0545,-0.6251,-0.0862,0.587,-0.6866,-0.0414,-0.1003,0.8108,1.0,1.5,1.3333333333333333
R_8jZCqXaPQsBAj8m,SK-A-388,20,none,1,-4.5,11.8439,5.0,yes,4.0,4.0,1.0,0.6666666666666666,-0.0565009014805694,-1.0565009014805695,0.9434990985194304,low,0.7143,-0.3275,-1.3275,0.6725,low,0.625,0.1801,25-34 years old,Female,"No, I am not colourblind",261,100,True,27,yes,yes,yes,yes,,high_sem_low_perc,Q3,high,low,52,24,12,4.026,10.43,-0.4191,1.2502,1.6212,1.2339,-0.3746,1.3684,0.1145,0.8108,1.0,1.5,1.3333333333333333
R_8jZCqXaPQsBAj8m,SK-C-243,21,human,5,-0.5,-8.1561,6.0,yes,1.0,1.0,1.0,0.6666666666666666,-0.0565009014805694,-1.0565009014805695,0.9434990985194304,low,0.7143,-0.3275,-1.3275,0.6725,low,0.625,0.1801,25-34 years old,Female,"No, I am not colourblind",261,100,True,27,yes,yes,yes,yes,,low_sem_low_perc,Q4,low,low,14,12,6,4.052,8.426,-0.4032,-0.6758,-0.2415,-0.7068,-0.8002,-0.5414,0.1632,0.8108,1.0,1.5,1.3333333333333333
R_8jZCqXaPQsBAj8m,SK-A-1756,22,ai,7,1.5,-6.1561,7.0,yes,0.0,0.0,1.0,0.6666666666666666,-0.0565009014805694,-1.0565009014805695,0.9434990985194304,low,0.7143,-0.3275,-1.3275,0.6725,low,0.625,0.1801,25-34 years old,Female,"No, I am not colourblind",261,100,True,27,yes,yes,yes,yes,,high_sem_high_perc,Q1,high,high,20,12,9,5.001,12.19,0.1782,-0.3717,-0.2415,0.2636,-0.0008,-0.1165,-1.106,0.8108,1.0,1.5,1.3333333333333333
R_8jZCqXaPQsBAj8m,SK-A-2320 A,23,ai,9,3.5,3.8439,6.0,yes,3.0,-3.0,1.0,0.6666666666666666,-0.0565009014805694,-1.0565009014805695,0.9434990985194304,low,0.7143,-0.3275,-1.3275,0.6725,low,0.625,0.1801,25-34 years old,Female,"No, I am not colourblind",261,100,True,27,yes,yes,yes,yes,,high_sem_low_perc,Q3,high,low,47,24,14,4.652,11.926,-0.0356,0.9968,1.6212,1.8808,-0.0569,1.4996,0.4324,0.8108,1.0,1.5,1.3333333333333333
R_8jZCqXaPQsBAj8m,SK-A-87,24,human,4,-1.5,-6.1561,3.0,yes,1.0,-1.0,1.0,0.6666666666666666,-0.0565009014805694,-1.0565009014805695,0.9434990985194304,low,0.7143,-0.3275,-1.3275,0.6725,low,0.625,0.1801,25-34 years old,Female,"No, I am not colourblind",261,100,True,27,yes,yes,yes,yes,,low_sem_low_perc,Q4,low,low,16,9,4,1.284,3.991,-2.099,-0.5744,-0.7071,-1.3537,-1.742,-0.8784,0.5278,0.8108,1.0,1.5,1.3333333333333333
R_8jZCqXaPQsBAj8m,SK-A-1906,25,none,2,-3.5,3.8439,3.0,yes,1.0,1.0,1.0,0.6666666666666666,-0.0565009014805694,-1.0565009014805695,0.9434990985194304,low,0.7143,-0.3275,-1.3275,0.6725,low,0.625,0.1801,25-34 years old,Female,"No, I am not colourblind",261,100,True,27,yes,yes,yes,yes,,high_sem_low_perc,Q3,high,low,43,16,11,4.708,19.343,-0.0013,0.7941,0.3794,0.9105,1.5182,0.6947,0.4853,0.8108,1.0,1.5,1.3333333333333333
R_8jZCqXaPQsBAj8m,SK-A-232,26,ai,10,4.5,11.8439,3.0,yes,7.0,-7.0,1.0,0.6666666666666666,-0.0565009014805694,-1.0565009014805695,0.9434990985194304,low,0.7143,-0.3275,-1.3275,0.6725,low,0.625,0.1801,25-34 years old,Female,"No, I am not colourblind",261,100,True,27,yes,yes,yes,yes,,high_sem_low_perc,Q3,high,low,76,16,8,2.204,6.579,-1.5354,2.4667,0.3794,-0.0599,-1.1924,0.9287,0.1549,0.8108,1.0,1.5,1.3333333333333333
R_8jZCqXaPQsBAj8m,SK-C-95,27,human,9,3.5,3.8439,6.0,yes,3.0,-3.0,1.0,0.6666666666666666,-0.0565009014805694,-1.0565009014805695,0.9434990985194304,low,0.7143,-0.3275,-1.3275,0.6725,low,0.625,0.1801,25-34 years old,Female,"No, I am not colourblind",261,100,True,27,yes,yes,yes,yes,,low_sem_high_perc,Q2,low,high,12,10,6,5.078,11.141,0.2254,-0.7772,-0.5519,-0.7068,-0.2236,-0.6786,0.0208,0.8108,1.0,1.5,1.3333333333333333
R_8pbUVckL4vrNR72,SK-A-110,1,human,2,-3.5,3.8439,6.0,yes,4.0,4.0,1.0,0.3333333333333333,-0.7183686045386691,-1.7183686045386692,0.2816313954613308,low,0.5714,-0.6227,-1.6227,0.3773,low,0.875,0.6921,25-34 years old,Female,"No, I am not colourblind",280,100,True,27,yes,yes,yes,yes,,low_sem_high_perc,Q2,low,high,9,7,5,5.104,15.147,0.2413,-0.9292,-1.0175,-1.0303,0.6271,-0.9923,0.0078,-0.078,0.0,0.0,0.0
R_8pbUVckL4vrNR72,SK-C-153,2,ai,5,-0.5,-8.1561,4.0,yes,1.0,-1.0,1.0,0.3333333333333333,-0.7183686045386691,-1.7183686045386692,0.2816313954613308,low,0.5714,-0.6227,-1.6227,0.3773,low,0.875,0.6921,25-34 years old,Female,"No, I am not colourblind",280,100,True,27,yes,yes,yes,yes,,low_sem_high_perc,Q2,low,high,14,12,8,6.72,23.164,1.2313,-0.6758,-0.2415,-0.0599,2.3297,-0.3257,0.2978,-0.078,0.0,0.0,0.0
R_8pbUVckL4vrNR72,SK-A-1906,3,none,1,-4.5,11.8439,8.0,yes,7.0,7.0,1.0,0.3333333333333333,-0.7183686045386691,-1.7183686045386692,0.2816313954613308,low,0.5714,-0.6227,-1.6227,0.3773,low,0.875,0.6921,25-34 years old,Female,"No, I am not colourblind",280,100,True,27,yes,yes,yes,yes,,high_sem_low_perc,Q3,high,low,43,16,11,4.708,19.343,-0.0013,0.7941,0.3794,0.9105,1.5182,0.6947,0.4853,-0.078,0.0,0.0,0.0
R_8pbUVckL4vrNR72,SK-A-261,4,ai,9,3.5,3.8439,7.0,yes,2.0,-2.0,1.0,0.3333333333333333,-0.7183686045386691,-1.7183686045386692,0.2816313954613308,low,0.5714,-0.6227,-1.6227,0.3773,low,0.875,0.6921,25-34 years old,Female,"No, I am not colourblind",280,100,True,27,yes,yes,yes,yes,,low_sem_low_perc,Q4,low,low,9,8,7,4.292,16.828,-0.2562,-0.9292,-0.8623,-0.3834,0.9841,-0.725,0.1278,-0.078,0.0,0.0,0.0
R_8pbUVckL4vrNR72,SK-A-1403,5,none,3,-2.5,-2.1561,6.0,yes,3.0,3.0,1.0,0.3333333333333333,-0.7183686045386691,-1.7183686045386692,0.2816313954613308,low,0.5714,-0.6227,-1.6227,0.3773,low,0.875,0.6921,25-34 years old,Female,"No, I am not colourblind",280,100,True,27,yes,yes,yes,yes,,high_sem_high_perc,Q1,high,high,69,22,13,5.281,17.539,0.3497,2.1119,1.3107,1.5574,1.1351,1.66,0.7811,-0.078,0.0,0.0,0.0
R_8pbUVckL4vrNR72,SK-A-388,6,human,9,3.5,3.8439,0.0,yes,9.0,-9.0,1.0,0.3333333333333333,-0.7183686045386691,-1.7183686045386692,0.2816313954613308,low,0.5714,-0.6227,-1.6227,0.3773,low,0.875,0.6921,25-34 years old,Female,"No, I am not colourblind",280,100,True,27,yes,yes,yes,yes,,high_sem_low_perc,Q3,high,low,52,24,12,4.026,10.43,-0.4191,1.2502,1.6212,1.2339,-0.3746,1.3684,0.1145,-0.078,0.0,0.0,0.0
R_8pbUVckL4vrNR72,SK-A-298,7,none,7,1.5,-6.1561,10.0,yes,3.0,3.0,1.0,0.3333333333333333,-0.7183686045386691,-1.7183686045386692,0.2816313954613308,low,0.5714,-0.6227,-1.6227,0.3773,low,0.875,0.6921,25-34 years old,Female,"No, I am not colourblind",280,100,True,27,yes,yes,yes,yes,,high_sem_low_perc,Q3,high,low,22,19,12,3.588,8.258,-0.6875,-0.2703,0.8451,1.2339,-0.8359,0.6029,0.4922,-0.078,0.0,0.0,0.0
R_8pbUVckL4vrNR72,SK-A-3023,8,human,9,3.5,3.8439,1.0,yes,8.0,-8.0,1.0,0.3333333333333333,-0.7183686045386691,-1.7183686045386692,0.2816313954613308,low,0.5714,-0.6227,-1.6227,0.3773,low,0.875,0.6921,25-34 years old,Female,"No, I am not colourblind",280,100,True,27,yes,yes,yes,yes,,high_sem_low_perc,Q3,high,low,24,9,6,2.609,6.171,-1.2873,-0.169,-0.7071,-0.7068,-1.2791,-0.5276,-0.4284,-0.078,0.0,0.0,0.0
R_8pbUVckL4vrNR72,SK-A-62,9,ai,1,-4.5,11.8439,1.0,yes,0.0,0.0,1.0,0.3333333333333333,-0.7183686045386691,-1.7183686045386692,0.2816313954613308,low,0.5714,-0.6227,-1.6227,0.3773,low,0.875,0.6921,25-34 years old,Female,"No, I am not colourblind",280,100,True,27,yes,yes,yes,yes,,low_sem_low_perc,Q4,low,low,6,4,4,4.61,10.563,-0.0614,-1.0813,-1.4832,-1.3537,-0.3464,-1.3061,-1.366,-0.078,0.0,0.0,0.0
R_8pbUVckL4vrNR72,SK-A-2320 A,10,none,9,3.5,3.8439,3.0,yes,6.0,-6.0,1.0,0.3333333333333333,-0.7183686045386691,-1.7183686045386692,0.2816313954613308,low,0.5714,-0.6227,-1.6227,0.3773,low,0.875,0.6921,25-34 years old,Female,"No, I am not colourblind",280,100,True,27,yes,yes,yes,yes,,high_sem_low_perc,Q3,high,low,47,24,14,4.652,11.926,-0.0356,0.9968,1.6212,1.8808,-0.0569,1.4996,0.4324,-0.078,0.0,0.0,0.0
R_8pbUVckL4vrNR72,SK-A-864,11,ai,4,-1.5,-6.1561,8.0,yes,4.0,4.0,1.0,0.3333333333333333,-0.7183686045386691,-1.7183686045386692,0.2816313954613308,low,0.5714,-0.6227,-1.6227,0.3773,low,0.875,0.6921,25-34 years old,Female,"No, I am not colourblind",280,100,True,27,yes,yes,yes,yes,,high_sem_high_perc,Q1,high,high,66,28,11,8.181,13.079,2.1264,1.9598,2.242,0.9105,0.188,1.7041,1.4922,-0.078,0.0,0.0,0.0
R_8pbUVckL4vrNR72,SK-A-1713,12,none,9,3.5,3.8439,2.0,yes,7.0,-7.0,1.0,0.3333333333333333,-0.7183686045386691,-1.7183686045386692,0.2816313954613308,low,0.5714,-0.6227,-1.6227,0.3773,low,0.875,0.6921,25-34 years old,Female,"No, I am not colourblind",280,100,True,27,yes,yes,yes,yes,,low_sem_low_perc,Q4,low,low,15,13,10,2.989,8.961,-1.0545,-0.6251,-0.0862,0.587,-0.6866,-0.0414,-0.1003,-0.078,0.0,0.0,0.0
R_8pbUVckL4vrNR72,SK-A-1298,13,ai,1,-4.5,11.8439,1.0,yes,0.0,0.0,1.0,0.3333333333333333,-0.7183686045386691,-1.7183686045386692,0.2816313954613308,low,0.5714,-0.6227,-1.6227,0.3773,low,0.875,0.6921,25-34 years old,Female,"No, I am not colourblind",280,100,True,27,yes,yes,yes,yes,,low_sem_high_perc,Q2,low,high,13,4,3,6.345,12.638,1.0016,-0.7265,-1.4832,-1.6772,0.0943,-1.2956,-1.1122,-0.078,0.0,0.0,0.0
R_8pbUVckL4vrNR72,SK-C-95,14,none,9,3.5,3.8439,7.0,yes,2.0,-2.0,1.0,0.3333333333333333,-0.7183686045386691,-1.7183686045386692,0.2816313954613308,low,0.5714,-0.6227,-1.6227,0.3773,low,0.875,0.6921,25-34 years old,Female,"No, I am not colourblind",280,100,True,27,yes,yes,yes,yes,,low_sem_high_perc,Q2,low,high,12,10,6,5.078,11.141,0.2254,-0.7772,-0.5519,-0.7068,-0.2236,-0.6786,0.0208,-0.078,0.0,0.0,0.0
R_8pbUVckL4vrNR72,SK-A-1756,15,none,9,3.5,3.8439,1.0,yes,8.0,-8.0,1.0,0.3333333333333333,-0.7183686045386691,-1.7183686045386692,0.2816313954613308,low,0.5714,-0.6227,-1.6227,0.3773,low,0.875,0.6921,25-34 years old,Female,"No, I am not colourblind",280,100,True,27,yes,yes,yes,yes,,high_sem_high_perc,Q1,high,high,20,12,9,5.001,12.19,0.1782,-0.3717,-0.2415,0.2636,-0.0008,-0.1165,-1.106,-0.078,0.0,0.0,0.0
R_8pbUVckL4vrNR72,SK-A-4717,16,human,5,-0.5,-8.1561,4.0,yes,1.0,-1.0,1.0,0.3333333333333333,-0.7183686045386691,-1.7183686045386692,0.2816313954613308,low,0.5714,-0.6227,-1.6227,0.3773,low,0.875,0.6921,25-34 years old,Female,"No, I am not colourblind",280,100,True,27,yes,yes,yes,yes,,low_sem_high_perc,Q2,low,high,12,10,9,6.171,17.158,0.895,-0.7772,-0.5519,0.2636,1.0542,-0.3552,-0.0167,-0.078,0.0,0.0,0.0
R_8pbUVckL4vrNR72,SK-A-4469,17,human,4,-1.5,-6.1561,7.0,yes,3.0,3.0,1.0,0.3333333333333333,-0.7183686045386691,-1.7183686045386692,0.2816313954613308,low,0.5714,-0.6227,-1.6227,0.3773,low,0.875,0.6921,25-34 years old,Female,"No, I am not colourblind",280,100,True,27,yes,yes,yes,yes,,high_sem_high_perc,Q1,high,high,31,11,6,6.128,21.628,0.8686,0.1858,-0.3967,-0.7068,2.0035,-0.3059,-0.9165,-0.078,0.0,0.0,0.0
R_8pbUVckL4vrNR72,SK-A-1940,18,ai,7,1.5,-6.1561,5.0,yes,2.0,-2.0,1.0,0.3333333333333333,-0.7183686045386691,-1.7183686045386692,0.2816313954613308,low,0.5714,-0.6227,-1.6227,0.3773,low,0.875,0.6921,25-34 years old,Female,"No, I am not colourblind",280,100,True,27,yes,yes,yes,yes,,high_sem_high_perc,Q1,high,high,39,23,10,7.148,15.116,1.4935,0.5913,1.466,0.587,0.6205,0.8814,-0.3461,-0.078,0.0,0.0,0.0
R_8pbUVckL4vrNR72,SK-A-232,19,human,7,1.5,-6.1561,9.0,yes,2.0,2.0,1.0,0.3333333333333333,-0.7183686045386691,-1.7183686045386692,0.2816313954613308,low,0.5714,-0.6227,-1.6227,0.3773,low,0.875,0.6921,25-34 years old,Female,"No, I am not colourblind",280,100,True,27,yes,yes,yes,yes,,high_sem_low_perc,Q3,high,low,76,16,8,2.204,6.579,-1.5354,2.4667,0.3794,-0.0599,-1.1924,0.9287,0.1549,-0.078,0.0,0.0,0.0
R_8pbUVckL4vrNR72,SK-C-1215,20,ai,10,4.5,11.8439,1.0,yes,9.0,-9.0,1.0,0.3333333333333333,-0.7183686045386691,-1.7183686045386692,0.2816313954613308,low,0.5714,-0.6227,-1.6227,0.3773,low,0.875,0.6921,25-34 years old,Female,"No, I am not colourblind",280,100,True,27,yes,yes,yes,yes,,high_sem_high_perc,Q1,high,high,24,14,8,5.533,8.134,0.5041,-0.169,0.069,-0.0599,-0.8622,-0.0533,-0.0772,-0.078,0.0,0.0,0.0
R_8pbUVckL4vrNR72,SK-A-2320 B,21,ai,4,-1.5,-6.1561,9.0,yes,5.0,5.0,1.0,0.3333333333333333,-0.7183686045386691,-1.7183686045386692,0.2816313954613308,low,0.5714,-0.6227,-1.6227,0.3773,low,0.875,0.6921,25-34 years old,Female,"No, I am not colourblind",280,100,True,27,yes,yes,yes,yes,,low_sem_high_perc,Q2,low,high,11,7,4,4.974,8.222,0.1616,-0.8279,-1.0175,-1.3537,-0.8435,-1.0664,0.3704,-0.078,0.0,0.0,0.0
R_8pbUVckL4vrNR72,SK-A-1684,22,human,6,0.5,-8.1561,10.0,yes,4.0,4.0,1.0,0.3333333333333333,-0.7183686045386691,-1.7183686045386692,0.2816313954613308,low,0.5714,-0.6227,-1.6227,0.3773,low,0.875,0.6921,25-34 years old,Female,"No, I am not colourblind",280,100,True,27,yes,yes,yes,yes,,low_sem_low_perc,Q4,low,low,7,6,5,1.478,7.119,-1.9802,-1.0306,-1.1728,-1.0303,-1.0777,-1.0779,1.5061,-0.078,0.0,0.0,0.0
R_8pbUVckL4vrNR72,SK-A-87,23,none,1,-4.5,11.8439,7.0,yes,6.0,6.0,1.0,0.3333333333333333,-0.7183686045386691,-1.7183686045386692,0.2816313954613308,low,0.5714,-0.6227,-1.6227,0.3773,low,0.875,0.6921,25-34 years old,Female,"No, I am not colourblind",280,100,True,27,yes,yes,yes,yes,,low_sem_low_perc,Q4,low,low,16,9,4,1.284,3.991,-2.099,-0.5744,-0.7071,-1.3537,-1.742,-0.8784,0.5278,-0.078,0.0,0.0,0.0
R_8pbUVckL4vrNR72,SK-A-2110,24,ai,9,3.5,3.8439,2.0,yes,7.0,-7.0,1.0,0.3333333333333333,-0.7183686045386691,-1.7183686045386692,0.2816313954613308,low,0.5714,-0.6227,-1.6227,0.3773,low,0.875,0.6921,25-34 years old,Female,"No, I am not colourblind",280,100,True,27,yes,yes,yes,yes,,high_sem_low_perc,Q3,high,low,29,17,13,4.449,10.91,-0.16,0.0845,0.5346,1.5574,-0.2727,0.7255,0.9709,-0.078,0.0,0.0,0.0
R_8pbUVckL4vrNR72,SK-A-1574,25,human,3,-2.5,-2.1561,0.0,yes,3.0,-3.0,1.0,0.3333333333333333,-0.7183686045386691,-1.7183686045386692,0.2816313954613308,low,0.5714,-0.6227,-1.6227,0.3773,low,0.875,0.6921,25-34 years old,Female,"No, I am not colourblind",280,100,True,27,yes,yes,yes,yes,,high_sem_high_perc,Q1,high,high,41,19,10,6.451,10.977,1.0665,0.6927,0.8451,0.587,-0.2584,0.7083,-1.9879,-0.078,0.0,0.0,0.0
R_8pbUVckL4vrNR72,SK-A-3297,26,none,10,4.5,11.8439,0.0,yes,10.0,-10.0,1.0,0.3333333333333333,-0.7183686045386691,-1.7183686045386692,0.2816313954613308,low,0.5714,-0.6227,-1.6227,0.3773,low,0.875,0.6921,25-34 years old,Female,"No, I am not colourblind",280,100,True,27,yes,yes,yes,yes,,low_sem_low_perc,Q4,low,low,17,10,7,4.118,13.599,-0.3628,-0.5237,-0.5519,-0.3834,0.2984,-0.4863,-0.4879,-0.078,0.0,0.0,0.0
R_8pbUVckL4vrNR72,SK-C-243,27,human,8,2.5,-2.1561,2.0,yes,6.0,-6.0,1.0,0.3333333333333333,-0.7183686045386691,-1.7183686045386692,0.2816313954613308,low,0.5714,-0.6227,-1.6227,0.3773,low,0.875,0.6921,25-34 years old,Female,"No, I am not colourblind",280,100,True,27,yes,yes,yes,yes,,low_sem_low_perc,Q4,low,low,14,12,6,4.052,8.426,-0.4032,-0.6758,-0.2415,-0.7068,-0.8002,-0.5414,0.1632,-0.078,0.0,0.0,0.0
R_8NkXJUf56JdzWfX,SK-A-2110,1,ai,10,4.5,11.8439,4.0,yes,6.0,-6.0,1.0,1.0,0.6053668015775303,-0.3946331984224697,1.6053668015775302,high,1.2857,0.8529,-0.1471,1.8529,high,0.0,-1.0998,25-34 years old,Female,"No, I am not colourblind",897,100,True,27,yes,yes,yes,yes,,high_sem_low_perc,Q3,high,low,29,17,13,4.449,10.91,-0.16,0.0845,0.5346,1.5574,-0.2727,0.7255,0.9709,-0.5225,1.0,1.0,1.3333333333333333
R_8NkXJUf56JdzWfX,SK-C-153,2,ai,9,3.5,3.8439,5.0,yes,4.0,-4.0,1.0,1.0,0.6053668015775303,-0.3946331984224697,1.6053668015775302,high,1.2857,0.8529,-0.1471,1.8529,high,0.0,-1.0998,25-34 years old,Female,"No, I am not colourblind",897,100,True,27,yes,yes,yes,yes,,low_sem_high_perc,Q2,low,high,14,12,8,6.72,23.164,1.2313,-0.6758,-0.2415,-0.0599,2.3297,-0.3257,0.2978,-0.5225,1.0,1.0,1.3333333333333333
R_8NkXJUf56JdzWfX,SK-A-388,3,ai,4,-1.5,-6.1561,6.0,yes,2.0,2.0,1.0,1.0,0.6053668015775303,-0.3946331984224697,1.6053668015775302,high,1.2857,0.8529,-0.1471,1.8529,high,0.0,-1.0998,25-34 years old,Female,"No, I am not colourblind",897,100,True,27,yes,yes,yes,yes,,high_sem_low_perc,Q3,high,low,52,24,12,4.026,10.43,-0.4191,1.2502,1.6212,1.2339,-0.3746,1.3684,0.1145,-0.5225,1.0,1.0,1.3333333333333333
R_8NkXJUf56JdzWfX,SK-A-261,4,human,6,0.5,-8.1561,7.0,yes,1.0,1.0,1.0,1.0,0.6053668015775303,-0.3946331984224697,1.6053668015775302,high,1.2857,0.8529,-0.1471,1.8529,high,0.0,-1.0998,25-34 years old,Female,"No, I am not colourblind",897,100,True,27,yes,yes,yes,yes,,low_sem_low_perc,Q4,low,low,9,8,7,4.292,16.828,-0.2562,-0.9292,-0.8623,-0.3834,0.9841,-0.725,0.1278,-0.5225,1.0,1.0,1.3333333333333333
R_8NkXJUf56JdzWfX,SK-A-1713,5,human,2,-3.5,3.8439,2.0,yes,0.0,0.0,1.0,1.0,0.6053668015775303,-0.3946331984224697,1.6053668015775302,high,1.2857,0.8529,-0.1471,1.8529,high,0.0,-1.0998,25-34 years old,Female,"No, I am not colourblind",897,100,True,27,yes,yes,yes,yes,,low_sem_low_perc,Q4,low,low,15,13,10,2.989,8.961,-1.0545,-0.6251,-0.0862,0.587,-0.6866,-0.0414,-0.1003,-0.5225,1.0,1.0,1.3333333333333333
R_8NkXJUf56JdzWfX,SK-C-243,6,human,1,-4.5,11.8439,2.0,yes,1.0,1.0,1.0,1.0,0.6053668015775303,-0.3946331984224697,1.6053668015775302,high,1.2857,0.8529,-0.1471,1.8529,high,0.0,-1.0998,25-34 years old,Female,"No, I am not colourblind",897,100,True,27,yes,yes,yes,yes,,low_sem_low_perc,Q4,low,low,14,12,6,4.052,8.426,-0.4032,-0.6758,-0.2415,-0.7068,-0.8002,-0.5414,0.1632,-0.5225,1.0,1.0,1.3333333333333333
R_8NkXJUf56JdzWfX,SK-A-4717,7,human,7,1.5,-6.1561,2.0,yes,5.0,-5.0,1.0,1.0,0.6053668015775303,-0.3946331984224697,1.6053668015775302,high,1.2857,0.8529,-0.1471,1.8529,high,0.0,-1.0998,25-34 years old,Female,"No, I am not colourblind",897,100,True,27,yes,yes,yes,yes,,low_sem_high_perc,Q2,low,high,12,10,9,6.171,17.158,0.895,-0.7772,-0.5519,0.2636,1.0542,-0.3552,-0.0167,-0.5225,1.0,1.0,1.3333333333333333
R_8NkXJUf56JdzWfX,SK-A-110,8,human,8,2.5,-2.1561,2.0,yes,6.0,-6.0,1.0,1.0,0.6053668015775303,-0.3946331984224697,1.6053668015775302,high,1.2857,0.8529,-0.1471,1.8529,high,0.0,-1.0998,25-34 years old,Female,"No, I am not colourblind",897,100,True,27,yes,yes,yes,yes,,low_sem_high_perc,Q2,low,high,9,7,5,5.104,15.147,0.2413,-0.9292,-1.0175,-1.0303,0.6271,-0.9923,0.0078,-0.5225,1.0,1.0,1.3333333333333333
R_8NkXJUf56JdzWfX,SK-C-1215,9,ai,2,-3.5,3.8439,6.0,yes,4.0,4.0,1.0,1.0,0.6053668015775303,-0.3946331984224697,1.6053668015775302,high,1.2857,0.8529,-0.1471,1.8529,high,0.0,-1.0998,25-34 years old,Female,"No, I am not colourblind",897,100,True,27,yes,yes,yes,yes,,high_sem_high_perc,Q1,high,high,24,14,8,5.533,8.134,0.5041,-0.169,0.069,-0.0599,-0.8622,-0.0533,-0.0772,-0.5225,1.0,1.0,1.3333333333333333
R_8NkXJUf56JdzWfX,SK-A-2320 A,10,human,2,-3.5,3.8439,2.0,yes,0.0,0.0,1.0,1.0,0.6053668015775303,-0.3946331984224697,1.6053668015775302,high,1.2857,0.8529,-0.1471,1.8529,high,0.0,-1.0998,25-34 years old,Female,"No, I am not colourblind",897,100,True,27,yes,yes,yes,yes,,high_sem_low_perc,Q3,high,low,47,24,14,4.652,11.926,-0.0356,0.9968,1.6212,1.8808,-0.0569,1.4996,0.4324,-0.5225,1.0,1.0,1.3333333333333333
R_8NkXJUf56JdzWfX,SK-A-1574,11,none,3,-2.5,-2.1561,6.0,yes,3.0,3.0,1.0,1.0,0.6053668015775303,-0.3946331984224697,1.6053668015775302,high,1.2857,0.8529,-0.1471,1.8529,high,0.0,-1.0998,25-34 years old,Female,"No, I am not colourblind",897,100,True,27,yes,yes,yes,yes,,high_sem_high_perc,Q1,high,high,41,19,10,6.451,10.977,1.0665,0.6927,0.8451,0.587,-0.2584,0.7083,-1.9879,-0.5225,1.0,1.0,1.3333333333333333
R_8NkXJUf56JdzWfX,SK-A-864,12,none,3,-2.5,-2.1561,1.0,yes,2.0,-2.0,1.0,1.0,0.6053668015775303,-0.3946331984224697,1.6053668015775302,high,1.2857,0.8529,-0.1471,1.8529,high,0.0,-1.0998,25-34 years old,Female,"No, I am not colourblind",897,100,True,27,yes,yes,yes,yes,,high_sem_high_perc,Q1,high,high,66,28,11,8.181,13.079,2.1264,1.9598,2.242,0.9105,0.188,1.7041,1.4922,-0.5225,1.0,1.0,1.3333333333333333
R_8NkXJUf56JdzWfX,SK-A-3023,13,none,2,-3.5,3.8439,5.0,yes,3.0,3.0,1.0,1.0,0.6053668015775303,-0.3946331984224697,1.6053668015775302,high,1.2857,0.8529,-0.1471,1.8529,high,0.0,-1.0998,25-34 years old,Female,"No, I am not colourblind",897,100,True,27,yes,yes,yes,yes,,high_sem_low_perc,Q3,high,low,24,9,6,2.609,6.171,-1.2873,-0.169,-0.7071,-0.7068,-1.2791,-0.5276,-0.4284,-0.5225,1.0,1.0,1.3333333333333333
R_8NkXJUf56JdzWfX,SK-A-232,14,none,10,4.5,11.8439,2.0,yes,8.0,-8.0,1.0,1.0,0.6053668015775303,-0.3946331984224697,1.6053668015775302,high,1.2857,0.8529,-0.1471,1.8529,high,0.0,-1.0998,25-34 years old,Female,"No, I am not colourblind",897,100,True,27,yes,yes,yes,yes,,high_sem_low_perc,Q3,high,low,76,16,8,2.204,6.579,-1.5354,2.4667,0.3794,-0.0599,-1.1924,0.9287,0.1549,-0.5225,1.0,1.0,1.3333333333333333
R_8NkXJUf56JdzWfX,SK-A-3297,15,ai,1,-4.5,11.8439,4.0,yes,3.0,3.0,1.0,1.0,0.6053668015775303,-0.3946331984224697,1.6053668015775302,high,1.2857,0.8529,-0.1471,1.8529,high,0.0,-1.0998,25-34 years old,Female,"No, I am not colourblind",897,100,True,27,yes,yes,yes,yes,,low_sem_low_perc,Q4,low,low,17,10,7,4.118,13.599,-0.3628,-0.5237,-0.5519,-0.3834,0.2984,-0.4863,-0.4879,-0.5225,1.0,1.0,1.3333333333333333
R_8NkXJUf56JdzWfX,SK-A-1684,16,none,1,-4.5,11.8439,9.0,yes,8.0,8.0,1.0,1.0,0.6053668015775303,-0.3946331984224697,1.6053668015775302,high,1.2857,0.8529,-0.1471,1.8529,high,0.0,-1.0998,25-34 years old,Female,"No, I am not colourblind",897,100,True,27,yes,yes,yes,yes,,low_sem_low_perc,Q4,low,low,7,6,5,1.478,7.119,-1.9802,-1.0306,-1.1728,-1.0303,-1.0777,-1.0779,1.5061,-0.5225,1.0,1.0,1.3333333333333333
R_8NkXJUf56JdzWfX,SK-A-298,17,ai,2,-3.5,3.8439,3.0,yes,1.0,1.0,1.0,1.0,0.6053668015775303,-0.3946331984224697,1.6053668015775302,high,1.2857,0.8529,-0.1471,1.8529,high,0.0,-1.0998,25-34 years old,Female,"No, I am not colourblind",897,100,True,27,yes,yes,yes,yes,,high_sem_low_perc,Q3,high,low,22,19,12,3.588,8.258,-0.6875,-0.2703,0.8451,1.2339,-0.8359,0.6029,0.4922,-0.5225,1.0,1.0,1.3333333333333333
R_8NkXJUf56JdzWfX,SK-A-87,18,none,4,-1.5,-6.1561,7.0,yes,3.0,3.0,1.0,1.0,0.6053668015775303,-0.3946331984224697,1.6053668015775302,high,1.2857,0.8529,-0.1471,1.8529,high,0.0,-1.0998,25-34 years old,Female,"No, I am not colourblind",897,100,True,27,yes,yes,yes,yes,,low_sem_low_perc,Q4,low,low,16,9,4,1.284,3.991,-2.099,-0.5744,-0.7071,-1.3537,-1.742,-0.8784,0.5278,-0.5225,1.0,1.0,1.3333333333333333
R_8NkXJUf56JdzWfX,SK-A-1756,19,ai,3,-2.5,-2.1561,1.0,yes,2.0,-2.0,1.0,1.0,0.6053668015775303,-0.3946331984224697,1.6053668015775302,high,1.2857,0.8529,-0.1471,1.8529,high,0.0,-1.0998,25-34 years old,Female,"No, I am not colourblind",897,100,True,27,yes,yes,yes,yes,,high_sem_high_perc,Q1,high,high,20,12,9,5.001,12.19,0.1782,-0.3717,-0.2415,0.2636,-0.0008,-0.1165,-1.106,-0.5225,1.0,1.0,1.3333333333333333
R_8NkXJUf56JdzWfX,SK-A-62,20,human,2,-3.5,3.8439,2.0,yes,0.0,0.0,1.0,1.0,0.6053668015775303,-0.3946331984224697,1.6053668015775302,high,1.2857,0.8529,-0.1471,1.8529,high,0.0,-1.0998,25-34 years old,Female,"No, I am not colourblind",897,100,True,27,yes,yes,yes,yes,,low_sem_low_perc,Q4,low,low,6,4,4,4.61,10.563,-0.0614,-1.0813,-1.4832,-1.3537,-0.3464,-1.3061,-1.366,-0.5225,1.0,1.0,1.3333333333333333
R_8NkXJUf56JdzWfX,SK-A-2320 B,21,ai,5,-0.5,-8.1561,5.0,yes,0.0,0.0,1.0,1.0,0.6053668015775303,-0.3946331984224697,1.6053668015775302,high,1.2857,0.8529,-0.1471,1.8529,high,0.0,-1.0998,25-34 years old,Female,"No, I am not colourblind",897,100,True,27,yes,yes,yes,yes,,low_sem_high_perc,Q2,low,high,11,7,4,4.974,8.222,0.1616,-0.8279,-1.0175,-1.3537,-0.8435,-1.0664,0.3704,-0.5225,1.0,1.0,1.3333333333333333
R_8NkXJUf56JdzWfX,SK-A-1298,22,ai,4,-1.5,-6.1561,3.0,yes,1.0,-1.0,1.0,1.0,0.6053668015775303,-0.3946331984224697,1.6053668015775302,high,1.2857,0.8529,-0.1471,1.8529,high,0.0,-1.0998,25-34 years old,Female,"No, I am not colourblind",897,100,True,27,yes,yes,yes,yes,,low_sem_high_perc,Q2,low,high,13,4,3,6.345,12.638,1.0016,-0.7265,-1.4832,-1.6772,0.0943,-1.2956,-1.1122,-0.5225,1.0,1.0,1.3333333333333333
R_8NkXJUf56JdzWfX,SK-A-1940,23,none,5,-0.5,-8.1561,1.0,yes,4.0,-4.0,1.0,1.0,0.6053668015775303,-0.3946331984224697,1.6053668015775302,high,1.2857,0.8529,-0.1471,1.8529,high,0.0,-1.0998,25-34 years old,Female,"No, I am not colourblind",897,100,True,27,yes,yes,yes,yes,,high_sem_high_perc,Q1,high,high,39,23,10,7.148,15.116,1.4935,0.5913,1.466,0.587,0.6205,0.8814,-0.3461,-0.5225,1.0,1.0,1.3333333333333333
R_8NkXJUf56JdzWfX,SK-A-1403,24,none,10,4.5,11.8439,3.0,yes,7.0,-7.0,1.0,1.0,0.6053668015775303,-0.3946331984224697,1.6053668015775302,high,1.2857,0.8529,-0.1471,1.8529,high,0.0,-1.0998,25-34 years old,Female,"No, I am not colourblind",897,100,True,27,yes,yes,yes,yes,,high_sem_high_perc,Q1,high,high,69,22,13,5.281,17.539,0.3497,2.1119,1.3107,1.5574,1.1351,1.66,0.7811,-0.5225,1.0,1.0,1.3333333333333333
R_8NkXJUf56JdzWfX,SK-C-95,25,human,7,1.5,-6.1561,5.0,yes,2.0,-2.0,1.0,1.0,0.6053668015775303,-0.3946331984224697,1.6053668015775302,high,1.2857,0.8529,-0.1471,1.8529,high,0.0,-1.0998,25-34 years old,Female,"No, I am not colourblind",897,100,True,27,yes,yes,yes,yes,,low_sem_high_perc,Q2,low,high,12,10,6,5.078,11.141,0.2254,-0.7772,-0.5519,-0.7068,-0.2236,-0.6786,0.0208,-0.5225,1.0,1.0,1.3333333333333333
R_8NkXJUf56JdzWfX,SK-A-4469,26,none,6,0.5,-8.1561,6.0,yes,0.0,0.0,1.0,1.0,0.6053668015775303,-0.3946331984224697,1.6053668015775302,high,1.2857,0.8529,-0.1471,1.8529,high,0.0,-1.0998,25-34 years old,Female,"No, I am not colourblind",897,100,True,27,yes,yes,yes,yes,,high_sem_high_perc,Q1,high,high,31,11,6,6.128,21.628,0.8686,0.1858,-0.3967,-0.7068,2.0035,-0.3059,-0.9165,-0.5225,1.0,1.0,1.3333333333333333
R_8NkXJUf56JdzWfX,SK-A-1906,27,human,2,-3.5,3.8439,3.0,yes,1.0,1.0,1.0,1.0,0.6053668015775303,-0.3946331984224697,1.6053668015775302,high,1.2857,0.8529,-0.1471,1.8529,high,0.0,-1.0998,25-34 years old,Female,"No, I am not colourblind",897,100,True,27,yes,yes,yes,yes,,high_sem_low_perc,Q3,high,low,43,16,11,4.708,19.343,-0.0013,0.7941,0.3794,0.9105,1.5182,0.6947,0.4853,-0.5225,1.0,1.0,1.3333333333333333
R_8IKkBmQIakYPlcJ,SK-A-298,1,human,10,4.5,11.8439,7.0,yes,3.0,-3.0,5.0,0.5,-0.3874347530096192,-1.3874347530096192,0.6125652469903808,low,1.0,0.2627,-0.7373,1.2627,high,1.625,2.228,25-34 years old,Male,"No, I am not colourblind",272,100,True,27,yes,yes,yes,yes,,high_sem_low_perc,Q3,high,low,22,19,12,3.588,8.258,-0.6875,-0.2703,0.8451,1.2339,-0.8359,0.6029,0.4922,-1.1892,1.0,0.5,0.6666666666666666
R_8IKkBmQIakYPlcJ,SK-C-95,2,none,3,-2.5,-2.1561,6.0,yes,3.0,3.0,5.0,0.5,-0.3874347530096192,-1.3874347530096192,0.6125652469903808,low,1.0,0.2627,-0.7373,1.2627,high,1.625,2.228,25-34 years old,Male,"No, I am not colourblind",272,100,True,27,yes,yes,yes,yes,,low_sem_high_perc,Q2,low,high,12,10,6,5.078,11.141,0.2254,-0.7772,-0.5519,-0.7068,-0.2236,-0.6786,0.0208,-1.1892,1.0,0.5,0.6666666666666666
R_8IKkBmQIakYPlcJ,SK-A-110,3,human,1,-4.5,11.8439,5.0,yes,4.0,4.0,5.0,0.5,-0.3874347530096192,-1.3874347530096192,0.6125652469903808,low,1.0,0.2627,-0.7373,1.2627,high,1.625,2.228,25-34 years old,Male,"No, I am not colourblind",272,100,True,27,yes,yes,yes,yes,,low_sem_high_perc,Q2,low,high,9,7,5,5.104,15.147,0.2413,-0.9292,-1.0175,-1.0303,0.6271,-0.9923,0.0078,-1.1892,1.0,0.5,0.6666666666666666
R_8IKkBmQIakYPlcJ,SK-A-1298,4,none,10,4.5,11.8439,3.0,yes,7.0,-7.0,5.0,0.5,-0.3874347530096192,-1.3874347530096192,0.6125652469903808,low,1.0,0.2627,-0.7373,1.2627,high,1.625,2.228,25-34 years old,Male,"No, I am not colourblind",272,100,True,27,yes,yes,yes,yes,,low_sem_high_perc,Q2,low,high,13,4,3,6.345,12.638,1.0016,-0.7265,-1.4832,-1.6772,0.0943,-1.2956,-1.1122,-1.1892,1.0,0.5,0.6666666666666666
R_8IKkBmQIakYPlcJ,SK-A-2320 B,5,ai,2,-3.5,3.8439,5.0,yes,3.0,3.0,5.0,0.5,-0.3874347530096192,-1.3874347530096192,0.6125652469903808,low,1.0,0.2627,-0.7373,1.2627,high,1.625,2.228,25-34 years old,Male,"No, I am not colourblind",272,100,True,27,yes,yes,yes,yes,,low_sem_high_perc,Q2,low,high,11,7,4,4.974,8.222,0.1616,-0.8279,-1.0175,-1.3537,-0.8435,-1.0664,0.3704,-1.1892,1.0,0.5,0.6666666666666666
R_8IKkBmQIakYPlcJ,SK-A-1684,6,ai,7,1.5,-6.1561,9.0,yes,2.0,2.0,5.0,0.5,-0.3874347530096192,-1.3874347530096192,0.6125652469903808,low,1.0,0.2627,-0.7373,1.2627,high,1.625,2.228,25-34 years old,Male,"No, I am not colourblind",272,100,True,27,yes,yes,yes,yes,,low_sem_low_perc,Q4,low,low,7,6,5,1.478,7.119,-1.9802,-1.0306,-1.1728,-1.0303,-1.0777,-1.0779,1.5061,-1.1892,1.0,0.5,0.6666666666666666
R_8IKkBmQIakYPlcJ,SK-A-1713,7,none,7,1.5,-6.1561,4.0,yes,3.0,-3.0,5.0,0.5,-0.3874347530096192,-1.3874347530096192,0.6125652469903808,low,1.0,0.2627,-0.7373,1.2627,high,1.625,2.228,25-34 years old,Male,"No, I am not colourblind",272,100,True,27,yes,yes,yes,yes,,low_sem_low_perc,Q4,low,low,15,13,10,2.989,8.961,-1.0545,-0.6251,-0.0862,0.587,-0.6866,-0.0414,-0.1003,-1.1892,1.0,0.5,0.6666666666666666
R_8IKkBmQIakYPlcJ,SK-A-4469,8,human,1,-4.5,11.8439,2.0,yes,1.0,1.0,5.0,0.5,-0.3874347530096192,-1.3874347530096192,0.6125652469903808,low,1.0,0.2627,-0.7373,1.2627,high,1.625,2.228,25-34 years old,Male,"No, I am not colourblind",272,100,True,27,yes,yes,yes,yes,,high_sem_high_perc,Q1,high,high,31,11,6,6.128,21.628,0.8686,0.1858,-0.3967,-0.7068,2.0035,-0.3059,-0.9165,-1.1892,1.0,0.5,0.6666666666666666
R_8IKkBmQIakYPlcJ,SK-C-153,9,ai,7,1.5,-6.1561,9.0,yes,2.0,2.0,5.0,0.5,-0.3874347530096192,-1.3874347530096192,0.6125652469903808,low,1.0,0.2627,-0.7373,1.2627,high,1.625,2.228,25-34 years old,Male,"No, I am not colourblind",272,100,True,27,yes,yes,yes,yes,,low_sem_high_perc,Q2,low,high,14,12,8,6.72,23.164,1.2313,-0.6758,-0.2415,-0.0599,2.3297,-0.3257,0.2978,-1.1892,1.0,0.5,0.6666666666666666
R_8IKkBmQIakYPlcJ,SK-A-2110,10,none,2,-3.5,3.8439,8.0,yes,6.0,6.0,5.0,0.5,-0.3874347530096192,-1.3874347530096192,0.6125652469903808,low,1.0,0.2627,-0.7373,1.2627,high,1.625,2.228,25-34 years old,Male,"No, I am not colourblind",272,100,True,27,yes,yes,yes,yes,,high_sem_low_perc,Q3,high,low,29,17,13,4.449,10.91,-0.16,0.0845,0.5346,1.5574,-0.2727,0.7255,0.9709,-1.1892,1.0,0.5,0.6666666666666666
R_8IKkBmQIakYPlcJ,SK-A-1906,11,human,2,-3.5,3.8439,3.0,yes,1.0,1.0,5.0,0.5,-0.3874347530096192,-1.3874347530096192,0.6125652469903808,low,1.0,0.2627,-0.7373,1.2627,high,1.625,2.228,25-34 years old,Male,"No, I am not colourblind",272,100,True,27,yes,yes,yes,yes,,high_sem_low_perc,Q3,high,low,43,16,11,4.708,19.343,-0.0013,0.7941,0.3794,0.9105,1.5182,0.6947,0.4853,-1.1892,1.0,0.5,0.6666666666666666
R_8IKkBmQIakYPlcJ,SK-A-3023,12,ai,10,4.5,11.8439,4.0,yes,6.0,-6.0,5.0,0.5,-0.3874347530096192,-1.3874347530096192,0.6125652469903808,low,1.0,0.2627,-0.7373,1.2627,high,1.625,2.228,25-34 years old,Male,"No, I am not colourblind",272,100,True,27,yes,yes,yes,yes,,high_sem_low_perc,Q3,high,low,24,9,6,2.609,6.171,-1.2873,-0.169,-0.7071,-0.7068,-1.2791,-0.5276,-0.4284,-1.1892,1.0,0.5,0.6666666666666666
R_8IKkBmQIakYPlcJ,SK-A-261,13,human,10,4.5,11.8439,4.0,yes,6.0,-6.0,5.0,0.5,-0.3874347530096192,-1.3874347530096192,0.6125652469903808,low,1.0,0.2627,-0.7373,1.2627,high,1.625,2.228,25-34 years old,Male,"No, I am not colourblind",272,100,True,27,yes,yes,yes,yes,,low_sem_low_perc,Q4,low,low,9,8,7,4.292,16.828,-0.2562,-0.9292,-0.8623,-0.3834,0.9841,-0.725,0.1278,-1.1892,1.0,0.5,0.6666666666666666
R_8IKkBmQIakYPlcJ,SK-C-243,14,ai,9,3.5,3.8439,6.0,yes,3.0,-3.0,5.0,0.5,-0.3874347530096192,-1.3874347530096192,0.6125652469903808,low,1.0,0.2627,-0.7373,1.2627,high,1.625,2.228,25-34 years old,Male,"No, I am not colourblind",272,100,True,27,yes,yes,yes,yes,,low_sem_low_perc,Q4,low,low,14,12,6,4.052,8.426,-0.4032,-0.6758,-0.2415,-0.7068,-0.8002,-0.5414,0.1632,-1.1892,1.0,0.5,0.6666666666666666
R_8IKkBmQIakYPlcJ,SK-C-1215,15,none,4,-1.5,-6.1561,5.0,yes,1.0,1.0,5.0,0.5,-0.3874347530096192,-1.3874347530096192,0.6125652469903808,low,1.0,0.2627,-0.7373,1.2627,high,1.625,2.228,25-34 years old,Male,"No, I am not colourblind",272,100,True,27,yes,yes,yes,yes,,high_sem_high_perc,Q1,high,high,24,14,8,5.533,8.134,0.5041,-0.169,0.069,-0.0599,-0.8622,-0.0533,-0.0772,-1.1892,1.0,0.5,0.6666666666666666
R_8IKkBmQIakYPlcJ,SK-A-1574,16,ai,8,2.5,-2.1561,2.0,yes,6.0,-6.0,5.0,0.5,-0.3874347530096192,-1.3874347530096192,0.6125652469903808,low,1.0,0.2627,-0.7373,1.2627,high,1.625,2.228,25-34 years old,Male,"No, I am not colourblind",272,100,True,27,yes,yes,yes,yes,,high_sem_high_perc,Q1,high,high,41,19,10,6.451,10.977,1.0665,0.6927,0.8451,0.587,-0.2584,0.7083,-1.9879,-1.1892,1.0,0.5,0.6666666666666666
R_8IKkBmQIakYPlcJ,SK-A-388,17,human,8,2.5,-2.1561,2.0,yes,6.0,-6.0,5.0,0.5,-0.3874347530096192,-1.3874347530096192,0.6125652469903808,low,1.0,0.2627,-0.7373,1.2627,high,1.625,2.228,25-34 years old,Male,"No, I am not colourblind",272,100,True,27,yes,yes,yes,yes,,high_sem_low_perc,Q3,high,low,52,24,12,4.026,10.43,-0.4191,1.2502,1.6212,1.2339,-0.3746,1.3684,0.1145,-1.1892,1.0,0.5,0.6666666666666666
R_8IKkBmQIakYPlcJ,SK-A-87,18,human,9,3.5,3.8439,3.0,yes,6.0,-6.0,5.0,0.5,-0.3874347530096192,-1.3874347530096192,0.6125652469903808,low,1.0,0.2627,-0.7373,1.2627,high,1.625,2.228,25-34 years old,Male,"No, I am not colourblind",272,100,True,27,yes,yes,yes,yes,,low_sem_low_perc,Q4,low,low,16,9,4,1.284,3.991,-2.099,-0.5744,-0.7071,-1.3537,-1.742,-0.8784,0.5278,-1.1892,1.0,0.5,0.6666666666666666
R_8IKkBmQIakYPlcJ,SK-A-1940,19,none,2,-3.5,3.8439,1.0,yes,1.0,-1.0,5.0,0.5,-0.3874347530096192,-1.3874347530096192,0.6125652469903808,low,1.0,0.2627,-0.7373,1.2627,high,1.625,2.228,25-34 years old,Male,"No, I am not colourblind",272,100,True,27,yes,yes,yes,yes,,high_sem_high_perc,Q1,high,high,39,23,10,7.148,15.116,1.4935,0.5913,1.466,0.587,0.6205,0.8814,-0.3461,-1.1892,1.0,0.5,0.6666666666666666
R_8IKkBmQIakYPlcJ,SK-A-864,20,none,8,2.5,-2.1561,2.0,yes,6.0,-6.0,5.0,0.5,-0.3874347530096192,-1.3874347530096192,0.6125652469903808,low,1.0,0.2627,-0.7373,1.2627,high,1.625,2.228,25-34 years old,Male,"No, I am not colourblind",272,100,True,27,yes,yes,yes,yes,,high_sem_high_perc,Q1,high,high,66,28,11,8.181,13.079,2.1264,1.9598,2.242,0.9105,0.188,1.7041,1.4922,-1.1892,1.0,0.5,0.6666666666666666
R_8IKkBmQIakYPlcJ,SK-A-1403,21,none,2,-3.5,3.8439,1.0,yes,1.0,-1.0,5.0,0.5,-0.3874347530096192,-1.3874347530096192,0.6125652469903808,low,1.0,0.2627,-0.7373,1.2627,high,1.625,2.228,25-34 years old,Male,"No, I am not colourblind",272,100,True,27,yes,yes,yes,yes,,high_sem_high_perc,Q1,high,high,69,22,13,5.281,17.539,0.3497,2.1119,1.3107,1.5574,1.1351,1.66,0.7811,-1.1892,1.0,0.5,0.6666666666666666
R_8IKkBmQIakYPlcJ,SK-A-232,22,human,3,-2.5,-2.1561,1.0,yes,2.0,-2.0,5.0,0.5,-0.3874347530096192,-1.3874347530096192,0.6125652469903808,low,1.0,0.2627,-0.7373,1.2627,high,1.625,2.228,25-34 years old,Male,"No, I am not colourblind",272,100,True,27,yes,yes,yes,yes,,high_sem_low_perc,Q3,high,low,76,16,8,2.204,6.579,-1.5354,2.4667,0.3794,-0.0599,-1.1924,0.9287,0.1549,-1.1892,1.0,0.5,0.6666666666666666
R_8IKkBmQIakYPlcJ,SK-A-4717,23,ai,10,4.5,11.8439,2.0,yes,8.0,-8.0,5.0,0.5,-0.3874347530096192,-1.3874347530096192,0.6125652469903808,low,1.0,0.2627,-0.7373,1.2627,high,1.625,2.228,25-34 years old,Male,"No, I am not colourblind",272,100,True,27,yes,yes,yes,yes,,low_sem_high_perc,Q2,low,high,12,10,9,6.171,17.158,0.895,-0.7772,-0.5519,0.2636,1.0542,-0.3552,-0.0167,-1.1892,1.0,0.5,0.6666666666666666
R_8IKkBmQIakYPlcJ,SK-A-3297,24,human,6,0.5,-8.1561,2.0,yes,4.0,-4.0,5.0,0.5,-0.3874347530096192,-1.3874347530096192,0.6125652469903808,low,1.0,0.2627,-0.7373,1.2627,high,1.625,2.228,25-34 years old,Male,"No, I am not colourblind",272,100,True,27,yes,yes,yes,yes,,low_sem_low_perc,Q4,low,low,17,10,7,4.118,13.599,-0.3628,-0.5237,-0.5519,-0.3834,0.2984,-0.4863,-0.4879,-1.1892,1.0,0.5,0.6666666666666666
R_8IKkBmQIakYPlcJ,SK-A-62,25,ai,3,-2.5,-2.1561,1.0,yes,2.0,-2.0,5.0,0.5,-0.3874347530096192,-1.3874347530096192,0.6125652469903808,low,1.0,0.2627,-0.7373,1.2627,high,1.625,2.228,25-34 years old,Male,"No, I am not colourblind",272,100,True,27,yes,yes,yes,yes,,low_sem_low_perc,Q4,low,low,6,4,4,4.61,10.563,-0.0614,-1.0813,-1.4832,-1.3537,-0.3464,-1.3061,-1.366,-1.1892,1.0,0.5,0.6666666666666666
R_8IKkBmQIakYPlcJ,SK-A-2320 A,26,ai,4,-1.5,-6.1561,2.0,yes,2.0,-2.0,5.0,0.5,-0.3874347530096192,-1.3874347530096192,0.6125652469903808,low,1.0,0.2627,-0.7373,1.2627,high,1.625,2.228,25-34 years old,Male,"No, I am not colourblind",272,100,True,27,yes,yes,yes,yes,,high_sem_low_perc,Q3,high,low,47,24,14,4.652,11.926,-0.0356,0.9968,1.6212,1.8808,-0.0569,1.4996,0.4324,-1.1892,1.0,0.5,0.6666666666666666
R_8IKkBmQIakYPlcJ,SK-A-1756,27,none,7,1.5,-6.1561,4.0,yes,3.0,-3.0,5.0,0.5,-0.3874347530096192,-1.3874347530096192,0.6125652469903808,low,1.0,0.2627,-0.7373,1.2627,high,1.625,2.228,25-34 years old,Male,"No, I am not colourblind",272,100,True,27,yes,yes,yes,yes,,high_sem_high_perc,Q1,high,high,20,12,9,5.001,12.19,0.1782,-0.3717,-0.2415,0.2636,-0.0008,-0.1165,-1.106,-1.1892,1.0,0.5,0.6666666666666666
R_2fwQI9QlOgd0KYf,SK-A-864,1,human,1,-4.5,11.8439,5.0,yes,4.0,4.0,2.0,1.0,0.6053668015775303,-0.3946331984224697,1.6053668015775302,high,1.1429,0.5579,-0.4421,1.5579,high,0.125,-0.8438,25-34 years old,Female,"No, I am not colourblind",388,100,True,27,yes,yes,yes,yes,,high_sem_high_perc,Q1,high,high,66,28,11,8.181,13.079,2.1264,1.9598,2.242,0.9105,0.188,1.7041,1.4922,-0.078,1.0,1.0,1.3333333333333333
R_2fwQI9QlOgd0KYf,SK-A-232,2,none,10,4.5,11.8439,5.0,yes,5.0,-5.0,2.0,1.0,0.6053668015775303,-0.3946331984224697,1.6053668015775302,high,1.1429,0.5579,-0.4421,1.5579,high,0.125,-0.8438,25-34 years old,Female,"No, I am not colourblind",388,100,True,27,yes,yes,yes,yes,,high_sem_low_perc,Q3,high,low,76,16,8,2.204,6.579,-1.5354,2.4667,0.3794,-0.0599,-1.1924,0.9287,0.1549,-0.078,1.0,1.0,1.3333333333333333
R_2fwQI9QlOgd0KYf,SK-A-388,3,human,7,1.5,-6.1561,4.0,yes,3.0,-3.0,2.0,1.0,0.6053668015775303,-0.3946331984224697,1.6053668015775302,high,1.1429,0.5579,-0.4421,1.5579,high,0.125,-0.8438,25-34 years old,Female,"No, I am not colourblind",388,100,True,27,yes,yes,yes,yes,,high_sem_low_perc,Q3,high,low,52,24,12,4.026,10.43,-0.4191,1.2502,1.6212,1.2339,-0.3746,1.3684,0.1145,-0.078,1.0,1.0,1.3333333333333333
R_2fwQI9QlOgd0KYf,SK-A-1940,4,none,7,1.5,-6.1561,5.0,yes,2.0,-2.0,2.0,1.0,0.6053668015775303,-0.3946331984224697,1.6053668015775302,high,1.1429,0.5579,-0.4421,1.5579,high,0.125,-0.8438,25-34 years old,Female,"No, I am not colourblind",388,100,True,27,yes,yes,yes,yes,,high_sem_high_perc,Q1,high,high,39,23,10,7.148,15.116,1.4935,0.5913,1.466,0.587,0.6205,0.8814,-0.3461,-0.078,1.0,1.0,1.3333333333333333
R_2fwQI9QlOgd0KYf,SK-A-2320 B,5,ai,1,-4.5,11.8439,6.0,yes,5.0,5.0,2.0,1.0,0.6053668015775303,-0.3946331984224697,1.6053668015775302,high,1.1429,0.5579,-0.4421,1.5579,high,0.125,-0.8438,25-34 years old,Female,"No, I am not colourblind",388,100,True,27,yes,yes,yes,yes,,low_sem_high_perc,Q2,low,high,11,7,4,4.974,8.222,0.1616,-0.8279,-1.0175,-1.3537,-0.8435,-1.0664,0.3704,-0.078,1.0,1.0,1.3333333333333333
R_2fwQI9QlOgd0KYf,SK-A-4717,6,human,10,4.5,11.8439,7.0,yes,3.0,-3.0,2.0,1.0,0.6053668015775303,-0.3946331984224697,1.6053668015775302,high,1.1429,0.5579,-0.4421,1.5579,high,0.125,-0.8438,25-34 years old,Female,"No, I am not colourblind",388,100,True,27,yes,yes,yes,yes,,low_sem_high_perc,Q2,low,high,12,10,9,6.171,17.158,0.895,-0.7772,-0.5519,0.2636,1.0542,-0.3552,-0.0167,-0.078,1.0,1.0,1.3333333333333333
R_2fwQI9QlOgd0KYf,SK-A-1298,7,ai,1,-4.5,11.8439,5.0,yes,4.0,4.0,2.0,1.0,0.6053668015775303,-0.3946331984224697,1.6053668015775302,high,1.1429,0.5579,-0.4421,1.5579,high,0.125,-0.8438,25-34 years old,Female,"No, I am not colourblind",388,100,True,27,yes,yes,yes,yes,,low_sem_high_perc,Q2,low,high,13,4,3,6.345,12.638,1.0016,-0.7265,-1.4832,-1.6772,0.0943,-1.2956,-1.1122,-0.078,1.0,1.0,1.3333333333333333
R_2fwQI9QlOgd0KYf,SK-A-1684,8,ai,4,-1.5,-6.1561,7.0,yes,3.0,3.0,2.0,1.0,0.6053668015775303,-0.3946331984224697,1.6053668015775302,high,1.1429,0.5579,-0.4421,1.5579,high,0.125,-0.8438,25-34 years old,Female,"No, I am not colourblind",388,100,True,27,yes,yes,yes,yes,,low_sem_low_perc,Q4,low,low,7,6,5,1.478,7.119,-1.9802,-1.0306,-1.1728,-1.0303,-1.0777,-1.0779,1.5061,-0.078,1.0,1.0,1.3333333333333333
R_2fwQI9QlOgd0KYf,SK-A-1906,9,none,4,-1.5,-6.1561,6.0,yes,2.0,2.0,2.0,1.0,0.6053668015775303,-0.3946331984224697,1.6053668015775302,high,1.1429,0.5579,-0.4421,1.5579,high,0.125,-0.8438,25-34 years old,Female,"No, I am not colourblind",388,100,True,27,yes,yes,yes,yes,,high_sem_low_perc,Q3,high,low,43,16,11,4.708,19.343,-0.0013,0.7941,0.3794,0.9105,1.5182,0.6947,0.4853,-0.078,1.0,1.0,1.3333333333333333
R_2fwQI9QlOgd0KYf,SK-A-1574,10,ai,4,-1.5,-6.1561,1.0,yes,3.0,-3.0,2.0,1.0,0.6053668015775303,-0.3946331984224697,1.6053668015775302,high,1.1429,0.5579,-0.4421,1.5579,high,0.125,-0.8438,25-34 years old,Female,"No, I am not colourblind",388,100,True,27,yes,yes,yes,yes,,high_sem_high_perc,Q1,high,high,41,19,10,6.451,10.977,1.0665,0.6927,0.8451,0.587,-0.2584,0.7083,-1.9879,-0.078,1.0,1.0,1.3333333333333333
R_2fwQI9QlOgd0KYf,SK-A-2110,11,ai,4,-1.5,-6.1561,8.0,yes,4.0,4.0,2.0,1.0,0.6053668015775303,-0.3946331984224697,1.6053668015775302,high,1.1429,0.5579,-0.4421,1.5579,high,0.125,-0.8438,25-34 years old,Female,"No, I am not colourblind",388,100,True,27,yes,yes,yes,yes,,high_sem_low_perc,Q3,high,low,29,17,13,4.449,10.91,-0.16,0.0845,0.5346,1.5574,-0.2727,0.7255,0.9709,-0.078,1.0,1.0,1.3333333333333333
R_2fwQI9QlOgd0KYf,SK-C-95,12,human,2,-3.5,3.8439,3.0,yes,1.0,1.0,2.0,1.0,0.6053668015775303,-0.3946331984224697,1.6053668015775302,high,1.1429,0.5579,-0.4421,1.5579,high,0.125,-0.8438,25-34 years old,Female,"No, I am not colourblind",388,100,True,27,yes,yes,yes,yes,,low_sem_high_perc,Q2,low,high,12,10,6,5.078,11.141,0.2254,-0.7772,-0.5519,-0.7068,-0.2236,-0.6786,0.0208,-0.078,1.0,1.0,1.3333333333333333
R_2fwQI9QlOgd0KYf,SK-A-261,13,none,1,-4.5,11.8439,6.0,yes,5.0,5.0,2.0,1.0,0.6053668015775303,-0.3946331984224697,1.6053668015775302,high,1.1429,0.5579,-0.4421,1.5579,high,0.125,-0.8438,25-34 years old,Female,"No, I am not colourblind",388,100,True,27,yes,yes,yes,yes,,low_sem_low_perc,Q4,low,low,9,8,7,4.292,16.828,-0.2562,-0.9292,-0.8623,-0.3834,0.9841,-0.725,0.1278,-0.078,1.0,1.0,1.3333333333333333
R_2fwQI9QlOgd0KYf,SK-C-1215,14,human,9,3.5,3.8439,3.0,yes,6.0,-6.0,2.0,1.0,0.6053668015775303,-0.3946331984224697,1.6053668015775302,high,1.1429,0.5579,-0.4421,1.5579,high,0.125,-0.8438,25-34 years old,Female,"No, I am not colourblind",388,100,True,27,yes,yes,yes,yes,,high_sem_high_perc,Q1,high,high,24,14,8,5.533,8.134,0.5041,-0.169,0.069,-0.0599,-0.8622,-0.0533,-0.0772,-0.078,1.0,1.0,1.3333333333333333
R_2fwQI9QlOgd0KYf,SK-C-243,15,none,3,-2.5,-2.1561,6.0,yes,3.0,3.0,2.0,1.0,0.6053668015775303,-0.3946331984224697,1.6053668015775302,high,1.1429,0.5579,-0.4421,1.5579,high,0.125,-0.8438,25-34 years old,Female,"No, I am not colourblind",388,100,True,27,yes,yes,yes,yes,,low_sem_low_perc,Q4,low,low,14,12,6,4.052,8.426,-0.4032,-0.6758,-0.2415,-0.7068,-0.8002,-0.5414,0.1632,-0.078,1.0,1.0,1.3333333333333333
R_2fwQI9QlOgd0KYf,SK-A-1713,16,none,5,-0.5,-8.1561,3.0,yes,2.0,-2.0,2.0,1.0,0.6053668015775303,-0.3946331984224697,1.6053668015775302,high,1.1429,0.5579,-0.4421,1.5579,high,0.125,-0.8438,25-34 years old,Female,"No, I am not colourblind",388,100,True,27,yes,yes,yes,yes,,low_sem_low_perc,Q4,low,low,15,13,10,2.989,8.961,-1.0545,-0.6251,-0.0862,0.587,-0.6866,-0.0414,-0.1003,-0.078,1.0,1.0,1.3333333333333333
R_2fwQI9QlOgd0KYf,SK-A-87,17,none,2,-3.5,3.8439,7.0,yes,5.0,5.0,2.0,1.0,0.6053668015775303,-0.3946331984224697,1.6053668015775302,high,1.1429,0.5579,-0.4421,1.5579,high,0.125,-0.8438,25-34 years old,Female,"No, I am not colourblind",388,100,True,27,yes,yes,yes,yes,,low_sem_low_perc,Q4,low,low,16,9,4,1.284,3.991,-2.099,-0.5744,-0.7071,-1.3537,-1.742,-0.8784,0.5278,-0.078,1.0,1.0,1.3333333333333333
R_2fwQI9QlOgd0KYf,SK-A-1756,18,human,1,-4.5,11.8439,2.0,yes,1.0,1.0,2.0,1.0,0.6053668015775303,-0.3946331984224697,1.6053668015775302,high,1.1429,0.5579,-0.4421,1.5579,high,0.125,-0.8438,25-34 years old,Female,"No, I am not colourblind",388,100,True,27,yes,yes,yes,yes,,high_sem_high_perc,Q1,high,high,20,12,9,5.001,12.19,0.1782,-0.3717,-0.2415,0.2636,-0.0008,-0.1165,-1.106,-0.078,1.0,1.0,1.3333333333333333
R_2fwQI9QlOgd0KYf,SK-A-62,19,human,5,-0.5,-8.1561,2.0,yes,3.0,-3.0,2.0,1.0,0.6053668015775303,-0.3946331984224697,1.6053668015775302,high,1.1429,0.5579,-0.4421,1.5579,high,0.125,-0.8438,25-34 years old,Female,"No, I am not colourblind",388,100,True,27,yes,yes,yes,yes,,low_sem_low_perc,Q4,low,low,6,4,4,4.61,10.563,-0.0614,-1.0813,-1.4832,-1.3537,-0.3464,-1.3061,-1.366,-0.078,1.0,1.0,1.3333333333333333
R_2fwQI9QlOgd0KYf,SK-A-3023,20,none,7,1.5,-6.1561,5.0,yes,2.0,-2.0,2.0,1.0,0.6053668015775303,-0.3946331984224697,1.6053668015775302,high,1.1429,0.5579,-0.4421,1.5579,high,0.125,-0.8438,25-34 years old,Female,"No, I am not colourblind",388,100,True,27,yes,yes,yes,yes,,high_sem_low_perc,Q3,high,low,24,9,6,2.609,6.171,-1.2873,-0.169,-0.7071,-0.7068,-1.2791,-0.5276,-0.4284,-0.078,1.0,1.0,1.3333333333333333
R_2fwQI9QlOgd0KYf,SK-A-2320 A,21,ai,2,-3.5,3.8439,7.0,yes,5.0,5.0,2.0,1.0,0.6053668015775303,-0.3946331984224697,1.6053668015775302,high,1.1429,0.5579,-0.4421,1.5579,high,0.125,-0.8438,25-34 years old,Female,"No, I am not colourblind",388,100,True,27,yes,yes,yes,yes,,high_sem_low_perc,Q3,high,low,47,24,14,4.652,11.926,-0.0356,0.9968,1.6212,1.8808,-0.0569,1.4996,0.4324,-0.078,1.0,1.0,1.3333333333333333
R_2fwQI9QlOgd0KYf,SK-A-1403,22,human,6,0.5,-8.1561,7.0,yes,1.0,1.0,2.0,1.0,0.6053668015775303,-0.3946331984224697,1.6053668015775302,high,1.1429,0.5579,-0.4421,1.5579,high,0.125,-0.8438,25-34 years old,Female,"No, I am not colourblind",388,100,True,27,yes,yes,yes,yes,,high_sem_high_perc,Q1,high,high,69,22,13,5.281,17.539,0.3497,2.1119,1.3107,1.5574,1.1351,1.66,0.7811,-0.078,1.0,1.0,1.3333333333333333
R_2fwQI9QlOgd0KYf,SK-C-153,23,ai,5,-0.5,-8.1561,7.0,yes,2.0,2.0,2.0,1.0,0.6053668015775303,-0.3946331984224697,1.6053668015775302,high,1.1429,0.5579,-0.4421,1.5579,high,0.125,-0.8438,25-34 years old,Female,"No, I am not colourblind",388,100,True,27,yes,yes,yes,yes,,low_sem_high_perc,Q2,low,high,14,12,8,6.72,23.164,1.2313,-0.6758,-0.2415,-0.0599,2.3297,-0.3257,0.2978,-0.078,1.0,1.0,1.3333333333333333
R_2fwQI9QlOgd0KYf,SK-A-4469,24,ai,7,1.5,-6.1561,1.0,yes,6.0,-6.0,2.0,1.0,0.6053668015775303,-0.3946331984224697,1.6053668015775302,high,1.1429,0.5579,-0.4421,1.5579,high,0.125,-0.8438,25-34 years old,Female,"No, I am not colourblind",388,100,True,27,yes,yes,yes,yes,,high_sem_high_perc,Q1,high,high,31,11,6,6.128,21.628,0.8686,0.1858,-0.3967,-0.7068,2.0035,-0.3059,-0.9165,-0.078,1.0,1.0,1.3333333333333333
R_2fwQI9QlOgd0KYf,SK-A-298,25,ai,9,3.5,3.8439,8.0,yes,1.0,-1.0,2.0,1.0,0.6053668015775303,-0.3946331984224697,1.6053668015775302,high,1.1429,0.5579,-0.4421,1.5579,high,0.125,-0.8438,25-34 years old,Female,"No, I am not colourblind",388,100,True,27,yes,yes,yes,yes,,high_sem_low_perc,Q3,high,low,22,19,12,3.588,8.258,-0.6875,-0.2703,0.8451,1.2339,-0.8359,0.6029,0.4922,-0.078,1.0,1.0,1.3333333333333333
R_2fwQI9QlOgd0KYf,SK-A-3297,26,none,7,1.5,-6.1561,1.0,yes,6.0,-6.0,2.0,1.0,0.6053668015775303,-0.3946331984224697,1.6053668015775302,high,1.1429,0.5579,-0.4421,1.5579,high,0.125,-0.8438,25-34 years old,Female,"No, I am not colourblind",388,100,True,27,yes,yes,yes,yes,,low_sem_low_perc,Q4,low,low,17,10,7,4.118,13.599,-0.3628,-0.5237,-0.5519,-0.3834,0.2984,-0.4863,-0.4879,-0.078,1.0,1.0,1.3333333333333333
R_2fwQI9QlOgd0KYf,SK-A-110,27,human,1,-4.5,11.8439,1.0,yes,0.0,0.0,2.0,1.0,0.6053668015775303,-0.3946331984224697,1.6053668015775302,high,1.1429,0.5579,-0.4421,1.5579,high,0.125,-0.8438,25-34 years old,Female,"No, I am not colourblind",388,100,True,27,yes,yes,yes,yes,,low_sem_high_perc,Q2,low,high,9,7,5,5.104,15.147,0.2413,-0.9292,-1.0175,-1.0303,0.6271,-0.9923,0.0078,-0.078,1.0,1.0,1.3333333333333333
R_22XwnTwJCapHTi8,SK-A-2110,1,none,7,1.5,-6.1561,6.0,yes,1.0,-1.0,1.0,1.1666666666666667,0.9363006531065804,-0.0636993468934197,1.9363006531065805,high,1.5714,1.4431,0.4431,2.4431,high,0.0,-1.0998,25-34 years old,Female,"No, I am not colourblind",316,100,True,27,yes,yes,yes,yes,,high_sem_low_perc,Q3,high,low,29,17,13,4.449,10.91,-0.16,0.0845,0.5346,1.5574,-0.2727,0.7255,0.9709,0.5886,1.0,0.5,1.6666666666666667
R_22XwnTwJCapHTi8,SK-A-1756,2,none,1,-4.5,11.8439,5.0,yes,4.0,4.0,1.0,1.1666666666666667,0.9363006531065804,-0.0636993468934197,1.9363006531065805,high,1.5714,1.4431,0.4431,2.4431,high,0.0,-1.0998,25-34 years old,Female,"No, I am not colourblind",316,100,True,27,yes,yes,yes,yes,,high_sem_high_perc,Q1,high,high,20,12,9,5.001,12.19,0.1782,-0.3717,-0.2415,0.2636,-0.0008,-0.1165,-1.106,0.5886,1.0,0.5,1.6666666666666667
R_22XwnTwJCapHTi8,SK-A-1684,3,human,5,-0.5,-8.1561,7.0,yes,2.0,2.0,1.0,1.1666666666666667,0.9363006531065804,-0.0636993468934197,1.9363006531065805,high,1.5714,1.4431,0.4431,2.4431,high,0.0,-1.0998,25-34 years old,Female,"No, I am not colourblind",316,100,True,27,yes,yes,yes,yes,,low_sem_low_perc,Q4,low,low,7,6,5,1.478,7.119,-1.9802,-1.0306,-1.1728,-1.0303,-1.0777,-1.0779,1.5061,0.5886,1.0,0.5,1.6666666666666667
R_22XwnTwJCapHTi8,SK-A-261,4,ai,7,1.5,-6.1561,6.0,yes,1.0,-1.0,1.0,1.1666666666666667,0.9363006531065804,-0.0636993468934197,1.9363006531065805,high,1.5714,1.4431,0.4431,2.4431,high,0.0,-1.0998,25-34 years old,Female,"No, I am not colourblind",316,100,True,27,yes,yes,yes,yes,,low_sem_low_perc,Q4,low,low,9,8,7,4.292,16.828,-0.2562,-0.9292,-0.8623,-0.3834,0.9841,-0.725,0.1278,0.5886,1.0,0.5,1.6666666666666667
R_22XwnTwJCapHTi8,SK-A-1906,5,ai,8,2.5,-2.1561,6.0,yes,2.0,-2.0,1.0,1.1666666666666667,0.9363006531065804,-0.0636993468934197,1.9363006531065805,high,1.5714,1.4431,0.4431,2.4431,high,0.0,-1.0998,25-34 years old,Female,"No, I am not colourblind",316,100,True,27,yes,yes,yes,yes,,high_sem_low_perc,Q3,high,low,43,16,11,4.708,19.343,-0.0013,0.7941,0.3794,0.9105,1.5182,0.6947,0.4853,0.5886,1.0,0.5,1.6666666666666667
R_22XwnTwJCapHTi8,SK-A-4469,6,ai,6,0.5,-8.1561,7.0,yes,1.0,1.0,1.0,1.1666666666666667,0.9363006531065804,-0.0636993468934197,1.9363006531065805,high,1.5714,1.4431,0.4431,2.4431,high,0.0,-1.0998,25-34 years old,Female,"No, I am not colourblind",316,100,True,27,yes,yes,yes,yes,,high_sem_high_perc,Q1,high,high,31,11,6,6.128,21.628,0.8686,0.1858,-0.3967,-0.7068,2.0035,-0.3059,-0.9165,0.5886,1.0,0.5,1.6666666666666667
R_22XwnTwJCapHTi8,SK-C-1215,7,human,2,-3.5,3.8439,0.0,yes,2.0,-2.0,1.0,1.1666666666666667,0.9363006531065804,-0.0636993468934197,1.9363006531065805,high,1.5714,1.4431,0.4431,2.4431,high,0.0,-1.0998,25-34 years old,Female,"No, I am not colourblind",316,100,True,27,yes,yes,yes,yes,,high_sem_high_perc,Q1,high,high,24,14,8,5.533,8.134,0.5041,-0.169,0.069,-0.0599,-0.8622,-0.0533,-0.0772,0.5886,1.0,0.5,1.6666666666666667
R_22XwnTwJCapHTi8,SK-A-4717,8,human,6,0.5,-8.1561,3.0,yes,3.0,-3.0,1.0,1.1666666666666667,0.9363006531065804,-0.0636993468934197,1.9363006531065805,high,1.5714,1.4431,0.4431,2.4431,high,0.0,-1.0998,25-34 years old,Female,"No, I am not colourblind",316,100,True,27,yes,yes,yes,yes,,low_sem_high_perc,Q2,low,high,12,10,9,6.171,17.158,0.895,-0.7772,-0.5519,0.2636,1.0542,-0.3552,-0.0167,0.5886,1.0,0.5,1.6666666666666667
R_22XwnTwJCapHTi8,SK-A-1298,9,human,6,0.5,-8.1561,4.0,yes,2.0,-2.0,1.0,1.1666666666666667,0.9363006531065804,-0.0636993468934197,1.9363006531065805,high,1.5714,1.4431,0.4431,2.4431,high,0.0,-1.0998,25-34 years old,Female,"No, I am not colourblind",316,100,True,27,yes,yes,yes,yes,,low_sem_high_perc,Q2,low,high,13,4,3,6.345,12.638,1.0016,-0.7265,-1.4832,-1.6772,0.0943,-1.2956,-1.1122,0.5886,1.0,0.5,1.6666666666666667
R_22XwnTwJCapHTi8,SK-A-232,10,human,4,-1.5,-6.1561,5.0,yes,1.0,1.0,1.0,1.1666666666666667,0.9363006531065804,-0.0636993468934197,1.9363006531065805,high,1.5714,1.4431,0.4431,2.4431,high,0.0,-1.0998,25-34 years old,Female,"No, I am not colourblind",316,100,True,27,yes,yes,yes,yes,,high_sem_low_perc,Q3,high,low,76,16,8,2.204,6.579,-1.5354,2.4667,0.3794,-0.0599,-1.1924,0.9287,0.1549,0.5886,1.0,0.5,1.6666666666666667
R_22XwnTwJCapHTi8,SK-A-298,11,none,4,-1.5,-6.1561,7.0,yes,3.0,3.0,1.0,1.1666666666666667,0.9363006531065804,-0.0636993468934197,1.9363006531065805,high,1.5714,1.4431,0.4431,2.4431,high,0.0,-1.0998,25-34 years old,Female,"No, I am not colourblind",316,100,True,27,yes,yes,yes,yes,,high_sem_low_perc,Q3,high,low,22,19,12,3.588,8.258,-0.6875,-0.2703,0.8451,1.2339,-0.8359,0.6029,0.4922,0.5886,1.0,0.5,1.6666666666666667
R_22XwnTwJCapHTi8,SK-A-62,12,human,6,0.5,-8.1561,7.0,yes,1.0,1.0,1.0,1.1666666666666667,0.9363006531065804,-0.0636993468934197,1.9363006531065805,high,1.5714,1.4431,0.4431,2.4431,high,0.0,-1.0998,25-34 years old,Female,"No, I am not colourblind",316,100,True,27,yes,yes,yes,yes,,low_sem_low_perc,Q4,low,low,6,4,4,4.61,10.563,-0.0614,-1.0813,-1.4832,-1.3537,-0.3464,-1.3061,-1.366,0.5886,1.0,0.5,1.6666666666666667
R_22XwnTwJCapHTi8,SK-A-2320 B,13,none,6,0.5,-8.1561,5.0,yes,1.0,-1.0,1.0,1.1666666666666667,0.9363006531065804,-0.0636993468934197,1.9363006531065805,high,1.5714,1.4431,0.4431,2.4431,high,0.0,-1.0998,25-34 years old,Female,"No, I am not colourblind",316,100,True,27,yes,yes,yes,yes,,low_sem_high_perc,Q2,low,high,11,7,4,4.974,8.222,0.1616,-0.8279,-1.0175,-1.3537,-0.8435,-1.0664,0.3704,0.5886,1.0,0.5,1.6666666666666667
R_22XwnTwJCapHTi8,SK-A-1403,14,human,1,-4.5,11.8439,7.0,yes,6.0,6.0,1.0,1.1666666666666667,0.9363006531065804,-0.0636993468934197,1.9363006531065805,high,1.5714,1.4431,0.4431,2.4431,high,0.0,-1.0998,25-34 years old,Female,"No, I am not colourblind",316,100,True,27,yes,yes,yes,yes,,high_sem_high_perc,Q1,high,high,69,22,13,5.281,17.539,0.3497,2.1119,1.3107,1.5574,1.1351,1.66,0.7811,0.5886,1.0,0.5,1.6666666666666667
R_22XwnTwJCapHTi8,SK-A-1940,15,ai,6,0.5,-8.1561,4.0,yes,2.0,-2.0,1.0,1.1666666666666667,0.9363006531065804,-0.0636993468934197,1.9363006531065805,high,1.5714,1.4431,0.4431,2.4431,high,0.0,-1.0998,25-34 years old,Female,"No, I am not colourblind",316,100,True,27,yes,yes,yes,yes,,high_sem_high_perc,Q1,high,high,39,23,10,7.148,15.116,1.4935,0.5913,1.466,0.587,0.6205,0.8814,-0.3461,0.5886,1.0,0.5,1.6666666666666667
R_22XwnTwJCapHTi8,SK-A-87,16,human,8,2.5,-2.1561,7.0,yes,1.0,-1.0,1.0,1.1666666666666667,0.9363006531065804,-0.0636993468934197,1.9363006531065805,high,1.5714,1.4431,0.4431,2.4431,high,0.0,-1.0998,25-34 years old,Female,"No, I am not colourblind",316,100,True,27,yes,yes,yes,yes,,low_sem_low_perc,Q4,low,low,16,9,4,1.284,3.991,-2.099,-0.5744,-0.7071,-1.3537,-1.742,-0.8784,0.5278,0.5886,1.0,0.5,1.6666666666666667
R_22XwnTwJCapHTi8,SK-A-110,17,ai,9,3.5,3.8439,5.0,yes,4.0,-4.0,1.0,1.1666666666666667,0.9363006531065804,-0.0636993468934197,1.9363006531065805,high,1.5714,1.4431,0.4431,2.4431,high,0.0,-1.0998,25-34 years old,Female,"No, I am not colourblind",316,100,True,27,yes,yes,yes,yes,,low_sem_high_perc,Q2,low,high,9,7,5,5.104,15.147,0.2413,-0.9292,-1.0175,-1.0303,0.6271,-0.9923,0.0078,0.5886,1.0,0.5,1.6666666666666667
R_22XwnTwJCapHTi8,SK-A-2320 A,18,human,4,-1.5,-6.1561,7.0,yes,3.0,3.0,1.0,1.1666666666666667,0.9363006531065804,-0.0636993468934197,1.9363006531065805,high,1.5714,1.4431,0.4431,2.4431,high,0.0,-1.0998,25-34 years old,Female,"No, I am not colourblind",316,100,True,27,yes,yes,yes,yes,,high_sem_low_perc,Q3,high,low,47,24,14,4.652,11.926,-0.0356,0.9968,1.6212,1.8808,-0.0569,1.4996,0.4324,0.5886,1.0,0.5,1.6666666666666667
R_22XwnTwJCapHTi8,SK-A-1574,19,none,10,4.5,11.8439,5.0,yes,5.0,-5.0,1.0,1.1666666666666667,0.9363006531065804,-0.0636993468934197,1.9363006531065805,high,1.5714,1.4431,0.4431,2.4431,high,0.0,-1.0998,25-34 years old,Female,"No, I am not colourblind",316,100,True,27,yes,yes,yes,yes,,high_sem_high_perc,Q1,high,high,41,19,10,6.451,10.977,1.0665,0.6927,0.8451,0.587,-0.2584,0.7083,-1.9879,0.5886,1.0,0.5,1.6666666666666667
R_22XwnTwJCapHTi8,SK-A-3023,20,ai,5,-0.5,-8.1561,5.0,yes,0.0,0.0,1.0,1.1666666666666667,0.9363006531065804,-0.0636993468934197,1.9363006531065805,high,1.5714,1.4431,0.4431,2.4431,high,0.0,-1.0998,25-34 years old,Female,"No, I am not colourblind",316,100,True,27,yes,yes,yes,yes,,high_sem_low_perc,Q3,high,low,24,9,6,2.609,6.171,-1.2873,-0.169,-0.7071,-0.7068,-1.2791,-0.5276,-0.4284,0.5886,1.0,0.5,1.6666666666666667
R_22XwnTwJCapHTi8,SK-C-153,21,ai,3,-2.5,-2.1561,7.0,yes,4.0,4.0,1.0,1.1666666666666667,0.9363006531065804,-0.0636993468934197,1.9363006531065805,high,1.5714,1.4431,0.4431,2.4431,high,0.0,-1.0998,25-34 years old,Female,"No, I am not colourblind",316,100,True,27,yes,yes,yes,yes,,low_sem_high_perc,Q2,low,high,14,12,8,6.72,23.164,1.2313,-0.6758,-0.2415,-0.0599,2.3297,-0.3257,0.2978,0.5886,1.0,0.5,1.6666666666666667
R_22XwnTwJCapHTi8,SK-C-95,22,none,6,0.5,-8.1561,4.0,yes,2.0,-2.0,1.0,1.1666666666666667,0.9363006531065804,-0.0636993468934197,1.9363006531065805,high,1.5714,1.4431,0.4431,2.4431,high,0.0,-1.0998,25-34 years old,Female,"No, I am not colourblind",316,100,True,27,yes,yes,yes,yes,,low_sem_high_perc,Q2,low,high,12,10,6,5.078,11.141,0.2254,-0.7772,-0.5519,-0.7068,-0.2236,-0.6786,0.0208,0.5886,1.0,0.5,1.6666666666666667
R_22XwnTwJCapHTi8,SK-A-3297,23,none,2,-3.5,3.8439,4.0,yes,2.0,2.0,1.0,1.1666666666666667,0.9363006531065804,-0.0636993468934197,1.9363006531065805,high,1.5714,1.4431,0.4431,2.4431,high,0.0,-1.0998,25-34 years old,Female,"No, I am not colourblind",316,100,True,27,yes,yes,yes,yes,,low_sem_low_perc,Q4,low,low,17,10,7,4.118,13.599,-0.3628,-0.5237,-0.5519,-0.3834,0.2984,-0.4863,-0.4879,0.5886,1.0,0.5,1.6666666666666667
R_22XwnTwJCapHTi8,SK-A-1713,24,ai,6,0.5,-8.1561,4.0,yes,2.0,-2.0,1.0,1.1666666666666667,0.9363006531065804,-0.0636993468934197,1.9363006531065805,high,1.5714,1.4431,0.4431,2.4431,high,0.0,-1.0998,25-34 years old,Female,"No, I am not colourblind",316,100,True,27,yes,yes,yes,yes,,low_sem_low_perc,Q4,low,low,15,13,10,2.989,8.961,-1.0545,-0.6251,-0.0862,0.587,-0.6866,-0.0414,-0.1003,0.5886,1.0,0.5,1.6666666666666667
R_22XwnTwJCapHTi8,SK-A-864,25,ai,1,-4.5,11.8439,9.0,yes,8.0,8.0,1.0,1.1666666666666667,0.9363006531065804,-0.0636993468934197,1.9363006531065805,high,1.5714,1.4431,0.4431,2.4431,high,0.0,-1.0998,25-34 years old,Female,"No, I am not colourblind",316,100,True,27,yes,yes,yes,yes,,high_sem_high_perc,Q1,high,high,66,28,11,8.181,13.079,2.1264,1.9598,2.242,0.9105,0.188,1.7041,1.4922,0.5886,1.0,0.5,1.6666666666666667
R_22XwnTwJCapHTi8,SK-C-243,26,none,1,-4.5,11.8439,7.0,yes,6.0,6.0,1.0,1.1666666666666667,0.9363006531065804,-0.0636993468934197,1.9363006531065805,high,1.5714,1.4431,0.4431,2.4431,high,0.0,-1.0998,25-34 years old,Female,"No, I am not colourblind",316,100,True,27,yes,yes,yes,yes,,low_sem_low_perc,Q4,low,low,14,12,6,4.052,8.426,-0.4032,-0.6758,-0.2415,-0.7068,-0.8002,-0.5414,0.1632,0.5886,1.0,0.5,1.6666666666666667
R_22XwnTwJCapHTi8,SK-A-388,27,none,8,2.5,-2.1561,7.0,yes,1.0,-1.0,1.0,1.1666666666666667,0.9363006531065804,-0.0636993468934197,1.9363006531065805,high,1.5714,1.4431,0.4431,2.4431,high,0.0,-1.0998,25-34 years old,Female,"No, I am not colourblind",316,100,True,27,yes,yes,yes,yes,,high_sem_low_perc,Q3,high,low,52,24,12,4.026,10.43,-0.4191,1.2502,1.6212,1.2339,-0.3746,1.3684,0.1145,0.5886,1.0,0.5,1.6666666666666667
R_8hM4uUMShpyj70F,SK-A-261,1,none,7,1.5,-6.1561,6.0,yes,1.0,-1.0,1.0,1.1666666666666667,0.9363006531065804,-0.0636993468934197,1.9363006531065805,high,1.0,0.2627,-0.7373,1.2627,high,1.25,1.46,25-34 years old,Male,"No, I am not colourblind",348,100,True,27,yes,yes,yes,yes,,low_sem_low_perc,Q4,low,low,9,8,7,4.292,16.828,-0.2562,-0.9292,-0.8623,-0.3834,0.9841,-0.725,0.1278,0.6997,1.0,0.5,0.3333333333333333
R_8hM4uUMShpyj70F,SK-A-1684,2,human,9,3.5,3.8439,6.0,yes,3.0,-3.0,1.0,1.1666666666666667,0.9363006531065804,-0.0636993468934197,1.9363006531065805,high,1.0,0.2627,-0.7373,1.2627,high,1.25,1.46,25-34 years old,Male,"No, I am not colourblind",348,100,True,27,yes,yes,yes,yes,,low_sem_low_perc,Q4,low,low,7,6,5,1.478,7.119,-1.9802,-1.0306,-1.1728,-1.0303,-1.0777,-1.0779,1.5061,0.6997,1.0,0.5,0.3333333333333333
R_8hM4uUMShpyj70F,SK-A-1298,3,ai,3,-2.5,-2.1561,4.0,yes,1.0,1.0,1.0,1.1666666666666667,0.9363006531065804,-0.0636993468934197,1.9363006531065805,high,1.0,0.2627,-0.7373,1.2627,high,1.25,1.46,25-34 years old,Male,"No, I am not colourblind",348,100,True,27,yes,yes,yes,yes,,low_sem_high_perc,Q2,low,high,13,4,3,6.345,12.638,1.0016,-0.7265,-1.4832,-1.6772,0.0943,-1.2956,-1.1122,0.6997,1.0,0.5,0.3333333333333333
R_8hM4uUMShpyj70F,SK-A-4469,4,ai,2,-3.5,3.8439,4.0,yes,2.0,2.0,1.0,1.1666666666666667,0.9363006531065804,-0.0636993468934197,1.9363006531065805,high,1.0,0.2627,-0.7373,1.2627,high,1.25,1.46,25-34 years old,Male,"No, I am not colourblind",348,100,True,27,yes,yes,yes,yes,,high_sem_high_perc,Q1,high,high,31,11,6,6.128,21.628,0.8686,0.1858,-0.3967,-0.7068,2.0035,-0.3059,-0.9165,0.6997,1.0,0.5,0.3333333333333333
R_8hM4uUMShpyj70F,SK-A-4717,5,none,3,-2.5,-2.1561,3.0,yes,0.0,0.0,1.0,1.1666666666666667,0.9363006531065804,-0.0636993468934197,1.9363006531065805,high,1.0,0.2627,-0.7373,1.2627,high,1.25,1.46,25-34 years old,Male,"No, I am not colourblind",348,100,True,27,yes,yes,yes,yes,,low_sem_high_perc,Q2,low,high,12,10,9,6.171,17.158,0.895,-0.7772,-0.5519,0.2636,1.0542,-0.3552,-0.0167,0.6997,1.0,0.5,0.3333333333333333
R_8hM4uUMShpyj70F,SK-A-2320 B,6,human,2,-3.5,3.8439,7.0,yes,5.0,5.0,1.0,1.1666666666666667,0.9363006531065804,-0.0636993468934197,1.9363006531065805,high,1.0,0.2627,-0.7373,1.2627,high,1.25,1.46,25-34 years old,Male,"No, I am not colourblind",348,100,True,27,yes,yes,yes,yes,,low_sem_high_perc,Q2,low,high,11,7,4,4.974,8.222,0.1616,-0.8279,-1.0175,-1.3537,-0.8435,-1.0664,0.3704,0.6997,1.0,0.5,0.3333333333333333
R_8hM4uUMShpyj70F,SK-A-110,7,ai,1,-4.5,11.8439,4.0,yes,3.0,3.0,1.0,1.1666666666666667,0.9363006531065804,-0.0636993468934197,1.9363006531065805,high,1.0,0.2627,-0.7373,1.2627,high,1.25,1.46,25-34 years old,Male,"No, I am not colourblind",348,100,True,27,yes,yes,yes,yes,,low_sem_high_perc,Q2,low,high,9,7,5,5.104,15.147,0.2413,-0.9292,-1.0175,-1.0303,0.6271,-0.9923,0.0078,0.6997,1.0,0.5,0.3333333333333333
R_8hM4uUMShpyj70F,SK-A-1756,8,ai,6,0.5,-8.1561,7.0,yes,1.0,1.0,1.0,1.1666666666666667,0.9363006531065804,-0.0636993468934197,1.9363006531065805,high,1.0,0.2627,-0.7373,1.2627,high,1.25,1.46,25-34 years old,Male,"No, I am not colourblind",348,100,True,27,yes,yes,yes,yes,,high_sem_high_perc,Q1,high,high,20,12,9,5.001,12.19,0.1782,-0.3717,-0.2415,0.2636,-0.0008,-0.1165,-1.106,0.6997,1.0,0.5,0.3333333333333333
R_8hM4uUMShpyj70F,SK-A-2320 A,9,none,8,2.5,-2.1561,6.0,yes,2.0,-2.0,1.0,1.1666666666666667,0.9363006531065804,-0.0636993468934197,1.9363006531065805,high,1.0,0.2627,-0.7373,1.2627,high,1.25,1.46,25-34 years old,Male,"No, I am not colourblind",348,100,True,27,yes,yes,yes,yes,,high_sem_low_perc,Q3,high,low,47,24,14,4.652,11.926,-0.0356,0.9968,1.6212,1.8808,-0.0569,1.4996,0.4324,0.6997,1.0,0.5,0.3333333333333333
R_8hM4uUMShpyj70F,SK-A-388,10,human,8,2.5,-2.1561,7.0,yes,1.0,-1.0,1.0,1.1666666666666667,0.9363006531065804,-0.0636993468934197,1.9363006531065805,high,1.0,0.2627,-0.7373,1.2627,high,1.25,1.46,25-34 years old,Male,"No, I am not colourblind",348,100,True,27,yes,yes,yes,yes,,high_sem_low_perc,Q3,high,low,52,24,12,4.026,10.43,-0.4191,1.2502,1.6212,1.2339,-0.3746,1.3684,0.1145,0.6997,1.0,0.5,0.3333333333333333
R_8hM4uUMShpyj70F,SK-A-62,11,none,2,-3.5,3.8439,3.0,yes,1.0,1.0,1.0,1.1666666666666667,0.9363006531065804,-0.0636993468934197,1.9363006531065805,high,1.0,0.2627,-0.7373,1.2627,high,1.25,1.46,25-34 years old,Male,"No, I am not colourblind",348,100,True,27,yes,yes,yes,yes,,low_sem_low_perc,Q4,low,low,6,4,4,4.61,10.563,-0.0614,-1.0813,-1.4832,-1.3537,-0.3464,-1.3061,-1.366,0.6997,1.0,0.5,0.3333333333333333
R_8hM4uUMShpyj70F,SK-A-1713,12,ai,2,-3.5,3.8439,6.0,yes,4.0,4.0,1.0,1.1666666666666667,0.9363006531065804,-0.0636993468934197,1.9363006531065805,high,1.0,0.2627,-0.7373,1.2627,high,1.25,1.46,25-34 years old,Male,"No, I am not colourblind",348,100,True,27,yes,yes,yes,yes,,low_sem_low_perc,Q4,low,low,15,13,10,2.989,8.961,-1.0545,-0.6251,-0.0862,0.587,-0.6866,-0.0414,-0.1003,0.6997,1.0,0.5,0.3333333333333333
R_8hM4uUMShpyj70F,SK-A-87,13,ai,2,-3.5,3.8439,6.0,yes,4.0,4.0,1.0,1.1666666666666667,0.9363006531065804,-0.0636993468934197,1.9363006531065805,high,1.0,0.2627,-0.7373,1.2627,high,1.25,1.46,25-34 years old,Male,"No, I am not colourblind",348,100,True,27,yes,yes,yes,yes,,low_sem_low_perc,Q4,low,low,16,9,4,1.284,3.991,-2.099,-0.5744,-0.7071,-1.3537,-1.742,-0.8784,0.5278,0.6997,1.0,0.5,0.3333333333333333
R_8hM4uUMShpyj70F,SK-A-2110,14,none,9,3.5,3.8439,6.0,yes,3.0,-3.0,1.0,1.1666666666666667,0.9363006531065804,-0.0636993468934197,1.9363006531065805,high,1.0,0.2627,-0.7373,1.2627,high,1.25,1.46,25-34 years old,Male,"No, I am not colourblind",348,100,True,27,yes,yes,yes,yes,,high_sem_low_perc,Q3,high,low,29,17,13,4.449,10.91,-0.16,0.0845,0.5346,1.5574,-0.2727,0.7255,0.9709,0.6997,1.0,0.5,0.3333333333333333
R_8hM4uUMShpyj70F,SK-C-243,15,none,8,2.5,-2.1561,6.0,yes,2.0,-2.0,1.0,1.1666666666666667,0.9363006531065804,-0.0636993468934197,1.9363006531065805,high,1.0,0.2627,-0.7373,1.2627,high,1.25,1.46,25-34 years old,Male,"No, I am not colourblind",348,100,True,27,yes,yes,yes,yes,,low_sem_low_perc,Q4,low,low,14,12,6,4.052,8.426,-0.4032,-0.6758,-0.2415,-0.7068,-0.8002,-0.5414,0.1632,0.6997,1.0,0.5,0.3333333333333333
R_8hM4uUMShpyj70F,SK-A-1940,16,human,7,1.5,-6.1561,6.0,yes,1.0,-1.0,1.0,1.1666666666666667,0.9363006531065804,-0.0636993468934197,1.9363006531065805,high,1.0,0.2627,-0.7373,1.2627,high,1.25,1.46,25-34 years old,Male,"No, I am not colourblind",348,100,True,27,yes,yes,yes,yes,,high_sem_high_perc,Q1,high,high,39,23,10,7.148,15.116,1.4935,0.5913,1.466,0.587,0.6205,0.8814,-0.3461,0.6997,1.0,0.5,0.3333333333333333
R_8hM4uUMShpyj70F,SK-A-1906,17,none,6,0.5,-8.1561,7.0,yes,1.0,1.0,1.0,1.1666666666666667,0.9363006531065804,-0.0636993468934197,1.9363006531065805,high,1.0,0.2627,-0.7373,1.2627,high,1.25,1.46,25-34 years old,Male,"No, I am not colourblind",348,100,True,27,yes,yes,yes,yes,,high_sem_low_perc,Q3,high,low,43,16,11,4.708,19.343,-0.0013,0.7941,0.3794,0.9105,1.5182,0.6947,0.4853,0.6997,1.0,0.5,0.3333333333333333
R_8hM4uUMShpyj70F,SK-C-153,18,none,9,3.5,3.8439,8.0,yes,1.0,-1.0,1.0,1.1666666666666667,0.9363006531065804,-0.0636993468934197,1.9363006531065805,high,1.0,0.2627,-0.7373,1.2627,high,1.25,1.46,25-34 years old,Male,"No, I am not colourblind",348,100,True,27,yes,yes,yes,yes,,low_sem_high_perc,Q2,low,high,14,12,8,6.72,23.164,1.2313,-0.6758,-0.2415,-0.0599,2.3297,-0.3257,0.2978,0.6997,1.0,0.5,0.3333333333333333
R_8hM4uUMShpyj70F,SK-A-864,19,none,2,-3.5,3.8439,6.0,yes,4.0,4.0,1.0,1.1666666666666667,0.9363006531065804,-0.0636993468934197,1.9363006531065805,high,1.0,0.2627,-0.7373,1.2627,high,1.25,1.46,25-34 years old,Male,"No, I am not colourblind",348,100,True,27,yes,yes,yes,yes,,high_sem_high_perc,Q1,high,high,66,28,11,8.181,13.079,2.1264,1.9598,2.242,0.9105,0.188,1.7041,1.4922,0.6997,1.0,0.5,0.3333333333333333
R_8hM4uUMShpyj70F,SK-A-298,20,human,7,1.5,-6.1561,7.0,yes,0.0,0.0,1.0,1.1666666666666667,0.9363006531065804,-0.0636993468934197,1.9363006531065805,high,1.0,0.2627,-0.7373,1.2627,high,1.25,1.46,25-34 years old,Male,"No, I am not colourblind",348,100,True,27,yes,yes,yes,yes,,high_sem_low_perc,Q3,high,low,22,19,12,3.588,8.258,-0.6875,-0.2703,0.8451,1.2339,-0.8359,0.6029,0.4922,0.6997,1.0,0.5,0.3333333333333333
R_8hM4uUMShpyj70F,SK-C-1215,21,ai,5,-0.5,-8.1561,5.0,yes,0.0,0.0,1.0,1.1666666666666667,0.9363006531065804,-0.0636993468934197,1.9363006531065805,high,1.0,0.2627,-0.7373,1.2627,high,1.25,1.46,25-34 years old,Male,"No, I am not colourblind",348,100,True,27,yes,yes,yes,yes,,high_sem_high_perc,Q1,high,high,24,14,8,5.533,8.134,0.5041,-0.169,0.069,-0.0599,-0.8622,-0.0533,-0.0772,0.6997,1.0,0.5,0.3333333333333333
R_8hM4uUMShpyj70F,SK-A-232,22,human,8,2.5,-2.1561,6.0,yes,2.0,-2.0,1.0,1.1666666666666667,0.9363006531065804,-0.0636993468934197,1.9363006531065805,high,1.0,0.2627,-0.7373,1.2627,high,1.25,1.46,25-34 years old,Male,"No, I am not colourblind",348,100,True,27,yes,yes,yes,yes,,high_sem_low_perc,Q3,high,low,76,16,8,2.204,6.579,-1.5354,2.4667,0.3794,-0.0599,-1.1924,0.9287,0.1549,0.6997,1.0,0.5,0.3333333333333333
R_8hM4uUMShpyj70F,SK-A-3297,23,ai,8,2.5,-2.1561,6.0,yes,2.0,-2.0,1.0,1.1666666666666667,0.9363006531065804,-0.0636993468934197,1.9363006531065805,high,1.0,0.2627,-0.7373,1.2627,high,1.25,1.46,25-34 years old,Male,"No, I am not colourblind",348,100,True,27,yes,yes,yes,yes,,low_sem_low_perc,Q4,low,low,17,10,7,4.118,13.599,-0.3628,-0.5237,-0.5519,-0.3834,0.2984,-0.4863,-0.4879,0.6997,1.0,0.5,0.3333333333333333
R_8hM4uUMShpyj70F,SK-A-1574,24,human,6,0.5,-8.1561,6.0,yes,0.0,0.0,1.0,1.1666666666666667,0.9363006531065804,-0.0636993468934197,1.9363006531065805,high,1.0,0.2627,-0.7373,1.2627,high,1.25,1.46,25-34 years old,Male,"No, I am not colourblind",348,100,True,27,yes,yes,yes,yes,,high_sem_high_perc,Q1,high,high,41,19,10,6.451,10.977,1.0665,0.6927,0.8451,0.587,-0.2584,0.7083,-1.9879,0.6997,1.0,0.5,0.3333333333333333
R_8hM4uUMShpyj70F,SK-C-95,25,human,6,0.5,-8.1561,6.0,yes,0.0,0.0,1.0,1.1666666666666667,0.9363006531065804,-0.0636993468934197,1.9363006531065805,high,1.0,0.2627,-0.7373,1.2627,high,1.25,1.46,25-34 years old,Male,"No, I am not colourblind",348,100,True,27,yes,yes,yes,yes,,low_sem_high_perc,Q2,low,high,12,10,6,5.078,11.141,0.2254,-0.7772,-0.5519,-0.7068,-0.2236,-0.6786,0.0208,0.6997,1.0,0.5,0.3333333333333333
R_8hM4uUMShpyj70F,SK-A-1403,26,ai,6,0.5,-8.1561,5.0,yes,1.0,-1.0,1.0,1.1666666666666667,0.9363006531065804,-0.0636993468934197,1.9363006531065805,high,1.0,0.2627,-0.7373,1.2627,high,1.25,1.46,25-34 years old,Male,"No, I am not colourblind",348,100,True,27,yes,yes,yes,yes,,high_sem_high_perc,Q1,high,high,69,22,13,5.281,17.539,0.3497,2.1119,1.3107,1.5574,1.1351,1.66,0.7811,0.6997,1.0,0.5,0.3333333333333333
R_8hM4uUMShpyj70F,SK-A-3023,27,human,4,-1.5,-6.1561,6.0,yes,2.0,2.0,1.0,1.1666666666666667,0.9363006531065804,-0.0636993468934197,1.9363006531065805,high,1.0,0.2627,-0.7373,1.2627,high,1.25,1.46,25-34 years old,Male,"No, I am not colourblind",348,100,True,27,yes,yes,yes,yes,,high_sem_low_perc,Q3,high,low,24,9,6,2.609,6.171,-1.2873,-0.169,-0.7071,-0.7068,-1.2791,-0.5276,-0.4284,0.6997,1.0,0.5,0.3333333333333333
R_2OVDljdBMy5esG8,SK-A-62,1,none,7,1.5,-6.1561,3.0,yes,4.0,-4.0,1.0,0.5,-0.3874347530096192,-1.3874347530096192,0.6125652469903808,low,1.0,0.2627,-0.7373,1.2627,high,0.125,-0.8438,25-34 years old,Male,"No, I am not colourblind",274,100,True,27,yes,yes,yes,yes,,low_sem_low_perc,Q4,low,low,6,4,4,4.61,10.563,-0.0614,-1.0813,-1.4832,-1.3537,-0.3464,-1.3061,-1.366,-0.5225,1.0,0.5,0.6666666666666666
R_2OVDljdBMy5esG8,SK-A-1713,2,ai,5,-0.5,-8.1561,3.0,yes,2.0,-2.0,1.0,0.5,-0.3874347530096192,-1.3874347530096192,0.6125652469903808,low,1.0,0.2627,-0.7373,1.2627,high,0.125,-0.8438,25-34 years old,Male,"No, I am not colourblind",274,100,True,27,yes,yes,yes,yes,,low_sem_low_perc,Q4,low,low,15,13,10,2.989,8.961,-1.0545,-0.6251,-0.0862,0.587,-0.6866,-0.0414,-0.1003,-0.5225,1.0,0.5,0.6666666666666666
R_2OVDljdBMy5esG8,SK-C-95,3,ai,1,-4.5,11.8439,4.0,yes,3.0,3.0,1.0,0.5,-0.3874347530096192,-1.3874347530096192,0.6125652469903808,low,1.0,0.2627,-0.7373,1.2627,high,0.125,-0.8438,25-34 years old,Male,"No, I am not colourblind",274,100,True,27,yes,yes,yes,yes,,low_sem_high_perc,Q2,low,high,12,10,6,5.078,11.141,0.2254,-0.7772,-0.5519,-0.7068,-0.2236,-0.6786,0.0208,-0.5225,1.0,0.5,0.6666666666666666
R_2OVDljdBMy5esG8,SK-A-3023,4,ai,3,-2.5,-2.1561,4.0,yes,1.0,1.0,1.0,0.5,-0.3874347530096192,-1.3874347530096192,0.6125652469903808,low,1.0,0.2627,-0.7373,1.2627,high,0.125,-0.8438,25-34 years old,Male,"No, I am not colourblind",274,100,True,27,yes,yes,yes,yes,,high_sem_low_perc,Q3,high,low,24,9,6,2.609,6.171,-1.2873,-0.169,-0.7071,-0.7068,-1.2791,-0.5276,-0.4284,-0.5225,1.0,0.5,0.6666666666666666
R_2OVDljdBMy5esG8,SK-A-1684,5,none,5,-0.5,-8.1561,7.0,yes,2.0,2.0,1.0,0.5,-0.3874347530096192,-1.3874347530096192,0.6125652469903808,low,1.0,0.2627,-0.7373,1.2627,high,0.125,-0.8438,25-34 years old,Male,"No, I am not colourblind",274,100,True,27,yes,yes,yes,yes,,low_sem_low_perc,Q4,low,low,7,6,5,1.478,7.119,-1.9802,-1.0306,-1.1728,-1.0303,-1.0777,-1.0779,1.5061,-0.5225,1.0,0.5,0.6666666666666666
R_2OVDljdBMy5esG8,SK-A-1906,6,ai,4,-1.5,-6.1561,4.0,yes,0.0,0.0,1.0,0.5,-0.3874347530096192,-1.3874347530096192,0.6125652469903808,low,1.0,0.2627,-0.7373,1.2627,high,0.125,-0.8438,25-34 years old,Male,"No, I am not colourblind",274,100,True,27,yes,yes,yes,yes,,high_sem_low_perc,Q3,high,low,43,16,11,4.708,19.343,-0.0013,0.7941,0.3794,0.9105,1.5182,0.6947,0.4853,-0.5225,1.0,0.5,0.6666666666666666
R_2OVDljdBMy5esG8,SK-A-1298,7,ai,4,-1.5,-6.1561,3.0,yes,1.0,-1.0,1.0,0.5,-0.3874347530096192,-1.3874347530096192,0.6125652469903808,low,1.0,0.2627,-0.7373,1.2627,high,0.125,-0.8438,25-34 years old,Male,"No, I am not colourblind",274,100,True,27,yes,yes,yes,yes,,low_sem_high_perc,Q2,low,high,13,4,3,6.345,12.638,1.0016,-0.7265,-1.4832,-1.6772,0.0943,-1.2956,-1.1122,-0.5225,1.0,0.5,0.6666666666666666
R_2OVDljdBMy5esG8,SK-A-232,8,ai,9,3.5,3.8439,4.0,yes,5.0,-5.0,1.0,0.5,-0.3874347530096192,-1.3874347530096192,0.6125652469903808,low,1.0,0.2627,-0.7373,1.2627,high,0.125,-0.8438,25-34 years old,Male,"No, I am not colourblind",274,100,True,27,yes,yes,yes,yes,,high_sem_low_perc,Q3,high,low,76,16,8,2.204,6.579,-1.5354,2.4667,0.3794,-0.0599,-1.1924,0.9287,0.1549,-0.5225,1.0,0.5,0.6666666666666666
R_2OVDljdBMy5esG8,SK-A-87,9,human,1,-4.5,11.8439,5.0,yes,4.0,4.0,1.0,0.5,-0.3874347530096192,-1.3874347530096192,0.6125652469903808,low,1.0,0.2627,-0.7373,1.2627,high,0.125,-0.8438,25-34 years old,Male,"No, I am not colourblind",274,100,True,27,yes,yes,yes,yes,,low_sem_low_perc,Q4,low,low,16,9,4,1.284,3.991,-2.099,-0.5744,-0.7071,-1.3537,-1.742,-0.8784,0.5278,-0.5225,1.0,0.5,0.6666666666666666
R_2OVDljdBMy5esG8,SK-C-153,10,human,10,4.5,11.8439,3.0,yes,7.0,-7.0,1.0,0.5,-0.3874347530096192,-1.3874347530096192,0.6125652469903808,low,1.0,0.2627,-0.7373,1.2627,high,0.125,-0.8438,25-34 years old,Male,"No, I am not colourblind",274,100,True,27,yes,yes,yes,yes,,low_sem_high_perc,Q2,low,high,14,12,8,6.72,23.164,1.2313,-0.6758,-0.2415,-0.0599,2.3297,-0.3257,0.2978,-0.5225,1.0,0.5,0.6666666666666666
R_2OVDljdBMy5esG8,SK-C-243,11,human,10,4.5,11.8439,2.0,yes,8.0,-8.0,1.0,0.5,-0.3874347530096192,-1.3874347530096192,0.6125652469903808,low,1.0,0.2627,-0.7373,1.2627,high,0.125,-0.8438,25-34 years old,Male,"No, I am not colourblind",274,100,True,27,yes,yes,yes,yes,,low_sem_low_perc,Q4,low,low,14,12,6,4.052,8.426,-0.4032,-0.6758,-0.2415,-0.7068,-0.8002,-0.5414,0.1632,-0.5225,1.0,0.5,0.6666666666666666
R_2OVDljdBMy5esG8,SK-A-1940,12,human,6,0.5,-8.1561,2.0,yes,4.0,-4.0,1.0,0.5,-0.3874347530096192,-1.3874347530096192,0.6125652469903808,low,1.0,0.2627,-0.7373,1.2627,high,0.125,-0.8438,25-34 years old,Male,"No, I am not colourblind",274,100,True,27,yes,yes,yes,yes,,high_sem_high_perc,Q1,high,high,39,23,10,7.148,15.116,1.4935,0.5913,1.466,0.587,0.6205,0.8814,-0.3461,-0.5225,1.0,0.5,0.6666666666666666
R_2OVDljdBMy5esG8,SK-A-1574,13,human,2,-3.5,3.8439,3.0,yes,1.0,1.0,1.0,0.5,-0.3874347530096192,-1.3874347530096192,0.6125652469903808,low,1.0,0.2627,-0.7373,1.2627,high,0.125,-0.8438,25-34 years old,Male,"No, I am not colourblind",274,100,True,27,yes,yes,yes,yes,,high_sem_high_perc,Q1,high,high,41,19,10,6.451,10.977,1.0665,0.6927,0.8451,0.587,-0.2584,0.7083,-1.9879,-0.5225,1.0,0.5,0.6666666666666666
R_2OVDljdBMy5esG8,SK-A-388,14,human,4,-1.5,-6.1561,5.0,yes,1.0,1.0,1.0,0.5,-0.3874347530096192,-1.3874347530096192,0.6125652469903808,low,1.0,0.2627,-0.7373,1.2627,high,0.125,-0.8438,25-34 years old,Male,"No, I am not colourblind",274,100,True,27,yes,yes,yes,yes,,high_sem_low_perc,Q3,high,low,52,24,12,4.026,10.43,-0.4191,1.2502,1.6212,1.2339,-0.3746,1.3684,0.1145,-0.5225,1.0,0.5,0.6666666666666666
R_2OVDljdBMy5esG8,SK-A-1756,15,human,4,-1.5,-6.1561,2.0,yes,2.0,-2.0,1.0,0.5,-0.3874347530096192,-1.3874347530096192,0.6125652469903808,low,1.0,0.2627,-0.7373,1.2627,high,0.125,-0.8438,25-34 years old,Male,"No, I am not colourblind",274,100,True,27,yes,yes,yes,yes,,high_sem_high_perc,Q1,high,high,20,12,9,5.001,12.19,0.1782,-0.3717,-0.2415,0.2636,-0.0008,-0.1165,-1.106,-0.5225,1.0,0.5,0.6666666666666666
R_2OVDljdBMy5esG8,SK-A-298,16,human,3,-2.5,-2.1561,4.0,yes,1.0,1.0,1.0,0.5,-0.3874347530096192,-1.3874347530096192,0.6125652469903808,low,1.0,0.2627,-0.7373,1.2627,high,0.125,-0.8438,25-34 years old,Male,"No, I am not colourblind",274,100,True,27,yes,yes,yes,yes,,high_sem_low_perc,Q3,high,low,22,19,12,3.588,8.258,-0.6875,-0.2703,0.8451,1.2339,-0.8359,0.6029,0.4922,-0.5225,1.0,0.5,0.6666666666666666
R_2OVDljdBMy5esG8,SK-A-2320 B,17,none,9,3.5,3.8439,4.0,yes,5.0,-5.0,1.0,0.5,-0.3874347530096192,-1.3874347530096192,0.6125652469903808,low,1.0,0.2627,-0.7373,1.2627,high,0.125,-0.8438,25-34 years old,Male,"No, I am not colourblind",274,100,True,27,yes,yes,yes,yes,,low_sem_high_perc,Q2,low,high,11,7,4,4.974,8.222,0.1616,-0.8279,-1.0175,-1.3537,-0.8435,-1.0664,0.3704,-0.5225,1.0,0.5,0.6666666666666666
R_2OVDljdBMy5esG8,SK-A-3297,18,human,2,-3.5,3.8439,2.0,yes,0.0,0.0,1.0,0.5,-0.3874347530096192,-1.3874347530096192,0.6125652469903808,low,1.0,0.2627,-0.7373,1.2627,high,0.125,-0.8438,25-34 years old,Male,"No, I am not colourblind",274,100,True,27,yes,yes,yes,yes,,low_sem_low_perc,Q4,low,low,17,10,7,4.118,13.599,-0.3628,-0.5237,-0.5519,-0.3834,0.2984,-0.4863,-0.4879,-0.5225,1.0,0.5,0.6666666666666666
R_2OVDljdBMy5esG8,SK-A-2110,19,ai,1,-4.5,11.8439,4.0,yes,3.0,3.0,1.0,0.5,-0.3874347530096192,-1.3874347530096192,0.6125652469903808,low,1.0,0.2627,-0.7373,1.2627,high,0.125,-0.8438,25-34 years old,Male,"No, I am not colourblind",274,100,True,27,yes,yes,yes,yes,,high_sem_low_perc,Q3,high,low,29,17,13,4.449,10.91,-0.16,0.0845,0.5346,1.5574,-0.2727,0.7255,0.9709,-0.5225,1.0,0.5,0.6666666666666666
R_2OVDljdBMy5esG8,SK-C-1215,20,none,2,-3.5,3.8439,5.0,yes,3.0,3.0,1.0,0.5,-0.3874347530096192,-1.3874347530096192,0.6125652469903808,low,1.0,0.2627,-0.7373,1.2627,high,0.125,-0.8438,25-34 years old,Male,"No, I am not colourblind",274,100,True,27,yes,yes,yes,yes,,high_sem_high_perc,Q1,high,high,24,14,8,5.533,8.134,0.5041,-0.169,0.069,-0.0599,-0.8622,-0.0533,-0.0772,-0.5225,1.0,0.5,0.6666666666666666
R_2OVDljdBMy5esG8,SK-A-4717,21,none,8,2.5,-2.1561,6.0,yes,2.0,-2.0,1.0,0.5,-0.3874347530096192,-1.3874347530096192,0.6125652469903808,low,1.0,0.2627,-0.7373,1.2627,high,0.125,-0.8438,25-34 years old,Male,"No, I am not colourblind",274,100,True,27,yes,yes,yes,yes,,low_sem_high_perc,Q2,low,high,12,10,9,6.171,17.158,0.895,-0.7772,-0.5519,0.2636,1.0542,-0.3552,-0.0167,-0.5225,1.0,0.5,0.6666666666666666
R_2OVDljdBMy5esG8,SK-A-2320 A,22,ai,2,-3.5,3.8439,4.0,yes,2.0,2.0,1.0,0.5,-0.3874347530096192,-1.3874347530096192,0.6125652469903808,low,1.0,0.2627,-0.7373,1.2627,high,0.125,-0.8438,25-34 years old,Male,"No, I am not colourblind",274,100,True,27,yes,yes,yes,yes,,high_sem_low_perc,Q3,high,low,47,24,14,4.652,11.926,-0.0356,0.9968,1.6212,1.8808,-0.0569,1.4996,0.4324,-0.5225,1.0,0.5,0.6666666666666666
R_2OVDljdBMy5esG8,SK-A-1403,23,ai,6,0.5,-8.1561,2.0,yes,4.0,-4.0,1.0,0.5,-0.3874347530096192,-1.3874347530096192,0.6125652469903808,low,1.0,0.2627,-0.7373,1.2627,high,0.125,-0.8438,25-34 years old,Male,"No, I am not colourblind",274,100,True,27,yes,yes,yes,yes,,high_sem_high_perc,Q1,high,high,69,22,13,5.281,17.539,0.3497,2.1119,1.3107,1.5574,1.1351,1.66,0.7811,-0.5225,1.0,0.5,0.6666666666666666
R_2OVDljdBMy5esG8,SK-A-4469,24,none,2,-3.5,3.8439,3.0,yes,1.0,1.0,1.0,0.5,-0.3874347530096192,-1.3874347530096192,0.6125652469903808,low,1.0,0.2627,-0.7373,1.2627,high,0.125,-0.8438,25-34 years old,Male,"No, I am not colourblind",274,100,True,27,yes,yes,yes,yes,,high_sem_high_perc,Q1,high,high,31,11,6,6.128,21.628,0.8686,0.1858,-0.3967,-0.7068,2.0035,-0.3059,-0.9165,-0.5225,1.0,0.5,0.6666666666666666
R_2OVDljdBMy5esG8,SK-A-110,25,none,3,-2.5,-2.1561,4.0,yes,1.0,1.0,1.0,0.5,-0.3874347530096192,-1.3874347530096192,0.6125652469903808,low,1.0,0.2627,-0.7373,1.2627,high,0.125,-0.8438,25-34 years old,Male,"No, I am not colourblind",274,100,True,27,yes,yes,yes,yes,,low_sem_high_perc,Q2,low,high,9,7,5,5.104,15.147,0.2413,-0.9292,-1.0175,-1.0303,0.6271,-0.9923,0.0078,-0.5225,1.0,0.5,0.6666666666666666
R_2OVDljdBMy5esG8,SK-A-864,26,none,9,3.5,3.8439,3.0,yes,6.0,-6.0,1.0,0.5,-0.3874347530096192,-1.3874347530096192,0.6125652469903808,low,1.0,0.2627,-0.7373,1.2627,high,0.125,-0.8438,25-34 years old,Male,"No, I am not colourblind",274,100,True,27,yes,yes,yes,yes,,high_sem_high_perc,Q1,high,high,66,28,11,8.181,13.079,2.1264,1.9598,2.242,0.9105,0.188,1.7041,1.4922,-0.5225,1.0,0.5,0.6666666666666666
R_2OVDljdBMy5esG8,SK-A-261,27,none,9,3.5,3.8439,5.0,yes,4.0,-4.0,1.0,0.5,-0.3874347530096192,-1.3874347530096192,0.6125652469903808,low,1.0,0.2627,-0.7373,1.2627,high,0.125,-0.8438,25-34 years old,Male,"No, I am not colourblind",274,100,True,27,yes,yes,yes,yes,,low_sem_low_perc,Q4,low,low,9,8,7,4.292,16.828,-0.2562,-0.9292,-0.8623,-0.3834,0.9841,-0.725,0.1278,-0.5225,1.0,0.5,0.6666666666666666
R_8XhW2CzWLom8E2H,SK-C-1215,1,human,10,4.5,11.8439,9.0,yes,1.0,-1.0,1.0,0.6666666666666666,-0.0565009014805694,-1.0565009014805695,0.9434990985194304,low,1.1429,0.5579,-0.4421,1.5579,high,0.875,0.6921,25-34 years old,Female,"No, I am not colourblind",476,100,True,27,yes,yes,yes,yes,,high_sem_high_perc,Q1,high,high,24,14,8,5.533,8.134,0.5041,-0.169,0.069,-0.0599,-0.8622,-0.0533,-0.0772,0.1442,1.0,0.5,1.0
R_8XhW2CzWLom8E2H,SK-A-232,2,none,8,2.5,-2.1561,6.0,yes,2.0,-2.0,1.0,0.6666666666666666,-0.0565009014805694,-1.0565009014805695,0.9434990985194304,low,1.1429,0.5579,-0.4421,1.5579,high,0.875,0.6921,25-34 years old,Female,"No, I am not colourblind",476,100,True,27,yes,yes,yes,yes,,high_sem_low_perc,Q3,high,low,76,16,8,2.204,6.579,-1.5354,2.4667,0.3794,-0.0599,-1.1924,0.9287,0.1549,0.1442,1.0,0.5,1.0
R_8XhW2CzWLom8E2H,SK-A-3023,3,human,2,-3.5,3.8439,6.0,yes,4.0,4.0,1.0,0.6666666666666666,-0.0565009014805694,-1.0565009014805695,0.9434990985194304,low,1.1429,0.5579,-0.4421,1.5579,high,0.875,0.6921,25-34 years old,Female,"No, I am not colourblind",476,100,True,27,yes,yes,yes,yes,,high_sem_low_perc,Q3,high,low,24,9,6,2.609,6.171,-1.2873,-0.169,-0.7071,-0.7068,-1.2791,-0.5276,-0.4284,0.1442,1.0,0.5,1.0
R_8XhW2CzWLom8E2H,SK-A-1684,4,human,4,-1.5,-6.1561,8.0,yes,4.0,4.0,1.0,0.6666666666666666,-0.0565009014805694,-1.0565009014805695,0.9434990985194304,low,1.1429,0.5579,-0.4421,1.5579,high,0.875,0.6921,25-34 years old,Female,"No, I am not colourblind",476,100,True,27,yes,yes,yes,yes,,low_sem_low_perc,Q4,low,low,7,6,5,1.478,7.119,-1.9802,-1.0306,-1.1728,-1.0303,-1.0777,-1.0779,1.5061,0.1442,1.0,0.5,1.0
R_8XhW2CzWLom8E2H,SK-A-864,5,ai,3,-2.5,-2.1561,6.0,yes,3.0,3.0,1.0,0.6666666666666666,-0.0565009014805694,-1.0565009014805695,0.9434990985194304,low,1.1429,0.5579,-0.4421,1.5579,high,0.875,0.6921,25-34 years old,Female,"No, I am not colourblind",476,100,True,27,yes,yes,yes,yes,,high_sem_high_perc,Q1,high,high,66,28,11,8.181,13.079,2.1264,1.9598,2.242,0.9105,0.188,1.7041,1.4922,0.1442,1.0,0.5,1.0
R_8XhW2CzWLom8E2H,SK-C-95,6,human,2,-3.5,3.8439,6.0,yes,4.0,4.0,1.0,0.6666666666666666,-0.0565009014805694,-1.0565009014805695,0.9434990985194304,low,1.1429,0.5579,-0.4421,1.5579,high,0.875,0.6921,25-34 years old,Female,"No, I am not colourblind",476,100,True,27,yes,yes,yes,yes,,low_sem_high_perc,Q2,low,high,12,10,6,5.078,11.141,0.2254,-0.7772,-0.5519,-0.7068,-0.2236,-0.6786,0.0208,0.1442,1.0,0.5,1.0
R_8XhW2CzWLom8E2H,SK-A-2110,7,ai,8,2.5,-2.1561,7.0,yes,1.0,-1.0,1.0,0.6666666666666666,-0.0565009014805694,-1.0565009014805695,0.9434990985194304,low,1.1429,0.5579,-0.4421,1.5579,high,0.875,0.6921,25-34 years old,Female,"No, I am not colourblind",476,100,True,27,yes,yes,yes,yes,,high_sem_low_perc,Q3,high,low,29,17,13,4.449,10.91,-0.16,0.0845,0.5346,1.5574,-0.2727,0.7255,0.9709,0.1442,1.0,0.5,1.0
R_8XhW2CzWLom8E2H,SK-A-298,8,none,10,4.5,11.8439,6.0,yes,4.0,-4.0,1.0,0.6666666666666666,-0.0565009014805694,-1.0565009014805695,0.9434990985194304,low,1.1429,0.5579,-0.4421,1.5579,high,0.875,0.6921,25-34 years old,Female,"No, I am not colourblind",476,100,True,27,yes,yes,yes,yes,,high_sem_low_perc,Q3,high,low,22,19,12,3.588,8.258,-0.6875,-0.2703,0.8451,1.2339,-0.8359,0.6029,0.4922,0.1442,1.0,0.5,1.0
R_8XhW2CzWLom8E2H,SK-C-243,9,ai,1,-4.5,11.8439,6.0,yes,5.0,5.0,1.0,0.6666666666666666,-0.0565009014805694,-1.0565009014805695,0.9434990985194304,low,1.1429,0.5579,-0.4421,1.5579,high,0.875,0.6921,25-34 years old,Female,"No, I am not colourblind",476,100,True,27,yes,yes,yes,yes,,low_sem_low_perc,Q4,low,low,14,12,6,4.052,8.426,-0.4032,-0.6758,-0.2415,-0.7068,-0.8002,-0.5414,0.1632,0.1442,1.0,0.5,1.0
R_8XhW2CzWLom8E2H,SK-A-4717,10,human,9,3.5,3.8439,5.0,yes,4.0,-4.0,1.0,0.6666666666666666,-0.0565009014805694,-1.0565009014805695,0.9434990985194304,low,1.1429,0.5579,-0.4421,1.5579,high,0.875,0.6921,25-34 years old,Female,"No, I am not colourblind",476,100,True,27,yes,yes,yes,yes,,low_sem_high_perc,Q2,low,high,12,10,9,6.171,17.158,0.895,-0.7772,-0.5519,0.2636,1.0542,-0.3552,-0.0167,0.1442,1.0,0.5,1.0
R_8XhW2CzWLom8E2H,SK-A-1906,11,ai,3,-2.5,-2.1561,7.0,yes,4.0,4.0,1.0,0.6666666666666666,-0.0565009014805694,-1.0565009014805695,0.9434990985194304,low,1.1429,0.5579,-0.4421,1.5579,high,0.875,0.6921,25-34 years old,Female,"No, I am not colourblind",476,100,True,27,yes,yes,yes,yes,,high_sem_low_perc,Q3,high,low,43,16,11,4.708,19.343,-0.0013,0.7941,0.3794,0.9105,1.5182,0.6947,0.4853,0.1442,1.0,0.5,1.0
R_8XhW2CzWLom8E2H,SK-A-1940,12,human,6,0.5,-8.1561,4.0,yes,2.0,-2.0,1.0,0.6666666666666666,-0.0565009014805694,-1.0565009014805695,0.9434990985194304,low,1.1429,0.5579,-0.4421,1.5579,high,0.875,0.6921,25-34 years old,Female,"No, I am not colourblind",476,100,True,27,yes,yes,yes,yes,,high_sem_high_perc,Q1,high,high,39,23,10,7.148,15.116,1.4935,0.5913,1.466,0.587,0.6205,0.8814,-0.3461,0.1442,1.0,0.5,1.0
R_8XhW2CzWLom8E2H,SK-C-153,13,none,8,2.5,-2.1561,7.0,yes,1.0,-1.0,1.0,0.6666666666666666,-0.0565009014805694,-1.0565009014805695,0.9434990985194304,low,1.1429,0.5579,-0.4421,1.5579,high,0.875,0.6921,25-34 years old,Female,"No, I am not colourblind",476,100,True,27,yes,yes,yes,yes,,low_sem_high_perc,Q2,low,high,14,12,8,6.72,23.164,1.2313,-0.6758,-0.2415,-0.0599,2.3297,-0.3257,0.2978,0.1442,1.0,0.5,1.0
R_8XhW2CzWLom8E2H,SK-A-1756,14,none,2,-3.5,3.8439,6.0,yes,4.0,4.0,1.0,0.6666666666666666,-0.0565009014805694,-1.0565009014805695,0.9434990985194304,low,1.1429,0.5579,-0.4421,1.5579,high,0.875,0.6921,25-34 years old,Female,"No, I am not colourblind",476,100,True,27,yes,yes,yes,yes,,high_sem_high_perc,Q1,high,high,20,12,9,5.001,12.19,0.1782,-0.3717,-0.2415,0.2636,-0.0008,-0.1165,-1.106,0.1442,1.0,0.5,1.0
R_8XhW2CzWLom8E2H,SK-A-2320 A,15,human,9,3.5,3.8439,5.0,yes,4.0,-4.0,1.0,0.6666666666666666,-0.0565009014805694,-1.0565009014805695,0.9434990985194304,low,1.1429,0.5579,-0.4421,1.5579,high,0.875,0.6921,25-34 years old,Female,"No, I am not colourblind",476,100,True,27,yes,yes,yes,yes,,high_sem_low_perc,Q3,high,low,47,24,14,4.652,11.926,-0.0356,0.9968,1.6212,1.8808,-0.0569,1.4996,0.4324,0.1442,1.0,0.5,1.0
R_8XhW2CzWLom8E2H,SK-A-4469,16,human,8,2.5,-2.1561,8.0,yes,0.0,0.0,1.0,0.6666666666666666,-0.0565009014805694,-1.0565009014805695,0.9434990985194304,low,1.1429,0.5579,-0.4421,1.5579,high,0.875,0.6921,25-34 years old,Female,"No, I am not colourblind",476,100,True,27,yes,yes,yes,yes,,high_sem_high_perc,Q1,high,high,31,11,6,6.128,21.628,0.8686,0.1858,-0.3967,-0.7068,2.0035,-0.3059,-0.9165,0.1442,1.0,0.5,1.0
R_8XhW2CzWLom8E2H,SK-A-388,17,none,8,2.5,-2.1561,4.0,yes,4.0,-4.0,1.0,0.6666666666666666,-0.0565009014805694,-1.0565009014805695,0.9434990985194304,low,1.1429,0.5579,-0.4421,1.5579,high,0.875,0.6921,25-34 years old,Female,"No, I am not colourblind",476,100,True,27,yes,yes,yes,yes,,high_sem_low_perc,Q3,high,low,52,24,12,4.026,10.43,-0.4191,1.2502,1.6212,1.2339,-0.3746,1.3684,0.1145,0.1442,1.0,0.5,1.0
R_8XhW2CzWLom8E2H,SK-A-1403,18,none,9,3.5,3.8439,5.0,yes,4.0,-4.0,1.0,0.6666666666666666,-0.0565009014805694,-1.0565009014805695,0.9434990985194304,low,1.1429,0.5579,-0.4421,1.5579,high,0.875,0.6921,25-34 years old,Female,"No, I am not colourblind",476,100,True,27,yes,yes,yes,yes,,high_sem_high_perc,Q1,high,high,69,22,13,5.281,17.539,0.3497,2.1119,1.3107,1.5574,1.1351,1.66,0.7811,0.1442,1.0,0.5,1.0
R_8XhW2CzWLom8E2H,SK-A-1713,19,none,7,1.5,-6.1561,5.0,yes,2.0,-2.0,1.0,0.6666666666666666,-0.0565009014805694,-1.0565009014805695,0.9434990985194304,low,1.1429,0.5579,-0.4421,1.5579,high,0.875,0.6921,25-34 years old,Female,"No, I am not colourblind",476,100,True,27,yes,yes,yes,yes,,low_sem_low_perc,Q4,low,low,15,13,10,2.989,8.961,-1.0545,-0.6251,-0.0862,0.587,-0.6866,-0.0414,-0.1003,0.1442,1.0,0.5,1.0
R_8XhW2CzWLom8E2H,SK-A-62,20,none,1,-4.5,11.8439,3.0,yes,2.0,2.0,1.0,0.6666666666666666,-0.0565009014805694,-1.0565009014805695,0.9434990985194304,low,1.1429,0.5579,-0.4421,1.5579,high,0.875,0.6921,25-34 years old,Female,"No, I am not colourblind",476,100,True,27,yes,yes,yes,yes,,low_sem_low_perc,Q4,low,low,6,4,4,4.61,10.563,-0.0614,-1.0813,-1.4832,-1.3537,-0.3464,-1.3061,-1.366,0.1442,1.0,0.5,1.0
R_8XhW2CzWLom8E2H,SK-A-2320 B,21,none,8,2.5,-2.1561,4.0,yes,4.0,-4.0,1.0,0.6666666666666666,-0.0565009014805694,-1.0565009014805695,0.9434990985194304,low,1.1429,0.5579,-0.4421,1.5579,high,0.875,0.6921,25-34 years old,Female,"No, I am not colourblind",476,100,True,27,yes,yes,yes,yes,,low_sem_high_perc,Q2,low,high,11,7,4,4.974,8.222,0.1616,-0.8279,-1.0175,-1.3537,-0.8435,-1.0664,0.3704,0.1442,1.0,0.5,1.0
R_8XhW2CzWLom8E2H,SK-A-3297,22,ai,3,-2.5,-2.1561,2.0,yes,1.0,-1.0,1.0,0.6666666666666666,-0.0565009014805694,-1.0565009014805695,0.9434990985194304,low,1.1429,0.5579,-0.4421,1.5579,high,0.875,0.6921,25-34 years old,Female,"No, I am not colourblind",476,100,True,27,yes,yes,yes,yes,,low_sem_low_perc,Q4,low,low,17,10,7,4.118,13.599,-0.3628,-0.5237,-0.5519,-0.3834,0.2984,-0.4863,-0.4879,0.1442,1.0,0.5,1.0
R_8XhW2CzWLom8E2H,SK-A-261,23,ai,3,-2.5,-2.1561,8.0,yes,5.0,5.0,1.0,0.6666666666666666,-0.0565009014805694,-1.0565009014805695,0.9434990985194304,low,1.1429,0.5579,-0.4421,1.5579,high,0.875,0.6921,25-34 years old,Female,"No, I am not colourblind",476,100,True,27,yes,yes,yes,yes,,low_sem_low_perc,Q4,low,low,9,8,7,4.292,16.828,-0.2562,-0.9292,-0.8623,-0.3834,0.9841,-0.725,0.1278,0.1442,1.0,0.5,1.0
R_8XhW2CzWLom8E2H,SK-A-1298,24,ai,3,-2.5,-2.1561,3.0,yes,0.0,0.0,1.0,0.6666666666666666,-0.0565009014805694,-1.0565009014805695,0.9434990985194304,low,1.1429,0.5579,-0.4421,1.5579,high,0.875,0.6921,25-34 years old,Female,"No, I am not colourblind",476,100,True,27,yes,yes,yes,yes,,low_sem_high_perc,Q2,low,high,13,4,3,6.345,12.638,1.0016,-0.7265,-1.4832,-1.6772,0.0943,-1.2956,-1.1122,0.1442,1.0,0.5,1.0
R_8XhW2CzWLom8E2H,SK-A-1574,25,human,6,0.5,-8.1561,4.0,yes,2.0,-2.0,1.0,0.6666666666666666,-0.0565009014805694,-1.0565009014805695,0.9434990985194304,low,1.1429,0.5579,-0.4421,1.5579,high,0.875,0.6921,25-34 years old,Female,"No, I am not colourblind",476,100,True,27,yes,yes,yes,yes,,high_sem_high_perc,Q1,high,high,41,19,10,6.451,10.977,1.0665,0.6927,0.8451,0.587,-0.2584,0.7083,-1.9879,0.1442,1.0,0.5,1.0
R_8XhW2CzWLom8E2H,SK-A-110,26,ai,10,4.5,11.8439,5.0,yes,5.0,-5.0,1.0,0.6666666666666666,-0.0565009014805694,-1.0565009014805695,0.9434990985194304,low,1.1429,0.5579,-0.4421,1.5579,high,0.875,0.6921,25-34 years old,Female,"No, I am not colourblind",476,100,True,27,yes,yes,yes,yes,,low_sem_high_perc,Q2,low,high,9,7,5,5.104,15.147,0.2413,-0.9292,-1.0175,-1.0303,0.6271,-0.9923,0.0078,0.1442,1.0,0.5,1.0
R_8XhW2CzWLom8E2H,SK-A-87,27,ai,10,4.5,11.8439,5.0,yes,5.0,-5.0,1.0,0.6666666666666666,-0.0565009014805694,-1.0565009014805695,0.9434990985194304,low,1.1429,0.5579,-0.4421,1.5579,high,0.875,0.6921,25-34 years old,Female,"No, I am not colourblind",476,100,True,27,yes,yes,yes,yes,,low_sem_low_perc,Q4,low,low,16,9,4,1.284,3.991,-2.099,-0.5744,-0.7071,-1.3537,-1.742,-0.8784,0.5278,0.1442,1.0,0.5,1.0
R_80T2BQirwjdu7Cx,SK-A-1713,1,none,6,0.5,-8.1561,8.0,yes,2.0,2.0,2.0,0.8333333333333334,0.2744329500484805,-0.7255670499515194,1.2744329500484806,high,1.2857,0.8529,-0.1471,1.8529,high,0.375,-0.3318,45-54 years old,Female,"No, I am not colourblind",848,100,True,27,yes,yes,yes,yes,,low_sem_low_perc,Q4,low,low,15,13,10,2.989,8.961,-1.0545,-0.6251,-0.0862,0.587,-0.6866,-0.0414,-0.1003,2.0331,1.0,0.5,1.0
R_80T2BQirwjdu7Cx,SK-A-62,2,human,8,2.5,-2.1561,7.0,yes,1.0,-1.0,2.0,0.8333333333333334,0.2744329500484805,-0.7255670499515194,1.2744329500484806,high,1.2857,0.8529,-0.1471,1.8529,high,0.375,-0.3318,45-54 years old,Female,"No, I am not colourblind",848,100,True,27,yes,yes,yes,yes,,low_sem_low_perc,Q4,low,low,6,4,4,4.61,10.563,-0.0614,-1.0813,-1.4832,-1.3537,-0.3464,-1.3061,-1.366,2.0331,1.0,0.5,1.0
R_80T2BQirwjdu7Cx,SK-A-3297,3,human,2,-3.5,3.8439,4.0,yes,2.0,2.0,2.0,0.8333333333333334,0.2744329500484805,-0.7255670499515194,1.2744329500484806,high,1.2857,0.8529,-0.1471,1.8529,high,0.375,-0.3318,45-54 years old,Female,"No, I am not colourblind",848,100,True,27,yes,yes,yes,yes,,low_sem_low_perc,Q4,low,low,17,10,7,4.118,13.599,-0.3628,-0.5237,-0.5519,-0.3834,0.2984,-0.4863,-0.4879,2.0331,1.0,0.5,1.0
R_80T2BQirwjdu7Cx,SK-A-3023,4,ai,8,2.5,-2.1561,6.0,yes,2.0,-2.0,2.0,0.8333333333333334,0.2744329500484805,-0.7255670499515194,1.2744329500484806,high,1.2857,0.8529,-0.1471,1.8529,high,0.375,-0.3318,45-54 years old,Female,"No, I am not colourblind",848,100,True,27,yes,yes,yes,yes,,high_sem_low_perc,Q3,high,low,24,9,6,2.609,6.171,-1.2873,-0.169,-0.7071,-0.7068,-1.2791,-0.5276,-0.4284,2.0331,1.0,0.5,1.0
R_80T2BQirwjdu7Cx,SK-A-2110,5,human,10,4.5,11.8439,7.0,yes,3.0,-3.0,2.0,0.8333333333333334,0.2744329500484805,-0.7255670499515194,1.2744329500484806,high,1.2857,0.8529,-0.1471,1.8529,high,0.375,-0.3318,45-54 years old,Female,"No, I am not colourblind",848,100,True,27,yes,yes,yes,yes,,high_sem_low_perc,Q3,high,low,29,17,13,4.449,10.91,-0.16,0.0845,0.5346,1.5574,-0.2727,0.7255,0.9709,2.0331,1.0,0.5,1.0
R_80T2BQirwjdu7Cx,SK-A-1574,6,ai,3,-2.5,-2.1561,5.0,yes,2.0,2.0,2.0,0.8333333333333334,0.2744329500484805,-0.7255670499515194,1.2744329500484806,high,1.2857,0.8529,-0.1471,1.8529,high,0.375,-0.3318,45-54 years old,Female,"No, I am not colourblind",848,100,True,27,yes,yes,yes,yes,,high_sem_high_perc,Q1,high,high,41,19,10,6.451,10.977,1.0665,0.6927,0.8451,0.587,-0.2584,0.7083,-1.9879,2.0331,1.0,0.5,1.0
R_80T2BQirwjdu7Cx,SK-A-87,7,human,7,1.5,-6.1561,6.0,yes,1.0,-1.0,2.0,0.8333333333333334,0.2744329500484805,-0.7255670499515194,1.2744329500484806,high,1.2857,0.8529,-0.1471,1.8529,high,0.375,-0.3318,45-54 years old,Female,"No, I am not colourblind",848,100,True,27,yes,yes,yes,yes,,low_sem_low_perc,Q4,low,low,16,9,4,1.284,3.991,-2.099,-0.5744,-0.7071,-1.3537,-1.742,-0.8784,0.5278,2.0331,1.0,0.5,1.0
R_80T2BQirwjdu7Cx,SK-A-261,8,human,4,-1.5,-6.1561,3.0,yes,1.0,-1.0,2.0,0.8333333333333334,0.2744329500484805,-0.7255670499515194,1.2744329500484806,high,1.2857,0.8529,-0.1471,1.8529,high,0.375,-0.3318,45-54 years old,Female,"No, I am not colourblind",848,100,True,27,yes,yes,yes,yes,,low_sem_low_perc,Q4,low,low,9,8,7,4.292,16.828,-0.2562,-0.9292,-0.8623,-0.3834,0.9841,-0.725,0.1278,2.0331,1.0,0.5,1.0
R_80T2BQirwjdu7Cx,SK-A-2320 B,9,ai,5,-0.5,-8.1561,6.0,yes,1.0,1.0,2.0,0.8333333333333334,0.2744329500484805,-0.7255670499515194,1.2744329500484806,high,1.2857,0.8529,-0.1471,1.8529,high,0.375,-0.3318,45-54 years old,Female,"No, I am not colourblind",848,100,True,27,yes,yes,yes,yes,,low_sem_high_perc,Q2,low,high,11,7,4,4.974,8.222,0.1616,-0.8279,-1.0175,-1.3537,-0.8435,-1.0664,0.3704,2.0331,1.0,0.5,1.0
R_80T2BQirwjdu7Cx,SK-A-2320 A,10,none,1,-4.5,11.8439,7.0,yes,6.0,6.0,2.0,0.8333333333333334,0.2744329500484805,-0.7255670499515194,1.2744329500484806,high,1.2857,0.8529,-0.1471,1.8529,high,0.375,-0.3318,45-54 years old,Female,"No, I am not colourblind",848,100,True,27,yes,yes,yes,yes,,high_sem_low_perc,Q3,high,low,47,24,14,4.652,11.926,-0.0356,0.9968,1.6212,1.8808,-0.0569,1.4996,0.4324,2.0331,1.0,0.5,1.0
R_80T2BQirwjdu7Cx,SK-A-1684,11,ai,10,4.5,11.8439,7.0,yes,3.0,-3.0,2.0,0.8333333333333334,0.2744329500484805,-0.7255670499515194,1.2744329500484806,high,1.2857,0.8529,-0.1471,1.8529,high,0.375,-0.3318,45-54 years old,Female,"No, I am not colourblind",848,100,True,27,yes,yes,yes,yes,,low_sem_low_perc,Q4,low,low,7,6,5,1.478,7.119,-1.9802,-1.0306,-1.1728,-1.0303,-1.0777,-1.0779,1.5061,2.0331,1.0,0.5,1.0
R_80T2BQirwjdu7Cx,SK-A-1906,12,human,9,3.5,3.8439,7.0,yes,2.0,-2.0,2.0,0.8333333333333334,0.2744329500484805,-0.7255670499515194,1.2744329500484806,high,1.2857,0.8529,-0.1471,1.8529,high,0.375,-0.3318,45-54 years old,Female,"No, I am not colourblind",848,100,True,27,yes,yes,yes,yes,,high_sem_low_perc,Q3,high,low,43,16,11,4.708,19.343,-0.0013,0.7941,0.3794,0.9105,1.5182,0.6947,0.4853,2.0331,1.0,0.5,1.0
R_80T2BQirwjdu7Cx,SK-A-1403,13,human,10,4.5,11.8439,7.0,yes,3.0,-3.0,2.0,0.8333333333333334,0.2744329500484805,-0.7255670499515194,1.2744329500484806,high,1.2857,0.8529,-0.1471,1.8529,high,0.375,-0.3318,45-54 years old,Female,"No, I am not colourblind",848,100,True,27,yes,yes,yes,yes,,high_sem_high_perc,Q1,high,high,69,22,13,5.281,17.539,0.3497,2.1119,1.3107,1.5574,1.1351,1.66,0.7811,2.0331,1.0,0.5,1.0
R_80T2BQirwjdu7Cx,SK-A-4469,14,none,1,-4.5,11.8439,8.0,yes,7.0,7.0,2.0,0.8333333333333334,0.2744329500484805,-0.7255670499515194,1.2744329500484806,high,1.2857,0.8529,-0.1471,1.8529,high,0.375,-0.3318,45-54 years old,Female,"No, I am not colourblind",848,100,True,27,yes,yes,yes,yes,,high_sem_high_perc,Q1,high,high,31,11,6,6.128,21.628,0.8686,0.1858,-0.3967,-0.7068,2.0035,-0.3059,-0.9165,2.0331,1.0,0.5,1.0
R_80T2BQirwjdu7Cx,SK-A-110,15,none,8,2.5,-2.1561,7.0,yes,1.0,-1.0,2.0,0.8333333333333334,0.2744329500484805,-0.7255670499515194,1.2744329500484806,high,1.2857,0.8529,-0.1471,1.8529,high,0.375,-0.3318,45-54 years old,Female,"No, I am not colourblind",848,100,True,27,yes,yes,yes,yes,,low_sem_high_perc,Q2,low,high,9,7,5,5.104,15.147,0.2413,-0.9292,-1.0175,-1.0303,0.6271,-0.9923,0.0078,2.0331,1.0,0.5,1.0
R_80T2BQirwjdu7Cx,SK-C-243,16,none,1,-4.5,11.8439,6.0,yes,5.0,5.0,2.0,0.8333333333333334,0.2744329500484805,-0.7255670499515194,1.2744329500484806,high,1.2857,0.8529,-0.1471,1.8529,high,0.375,-0.3318,45-54 years old,Female,"No, I am not colourblind",848,100,True,27,yes,yes,yes,yes,,low_sem_low_perc,Q4,low,low,14,12,6,4.052,8.426,-0.4032,-0.6758,-0.2415,-0.7068,-0.8002,-0.5414,0.1632,2.0331,1.0,0.5,1.0
R_80T2BQirwjdu7Cx,SK-C-153,17,none,3,-2.5,-2.1561,6.0,yes,3.0,3.0,2.0,0.8333333333333334,0.2744329500484805,-0.7255670499515194,1.2744329500484806,high,1.2857,0.8529,-0.1471,1.8529,high,0.375,-0.3318,45-54 years old,Female,"No, I am not colourblind",848,100,True,27,yes,yes,yes,yes,,low_sem_high_perc,Q2,low,high,14,12,8,6.72,23.164,1.2313,-0.6758,-0.2415,-0.0599,2.3297,-0.3257,0.2978,2.0331,1.0,0.5,1.0
R_80T2BQirwjdu7Cx,SK-A-864,18,ai,4,-1.5,-6.1561,7.0,yes,3.0,3.0,2.0,0.8333333333333334,0.2744329500484805,-0.7255670499515194,1.2744329500484806,high,1.2857,0.8529,-0.1471,1.8529,high,0.375,-0.3318,45-54 years old,Female,"No, I am not colourblind",848,100,True,27,yes,yes,yes,yes,,high_sem_high_perc,Q1,high,high,66,28,11,8.181,13.079,2.1264,1.9598,2.242,0.9105,0.188,1.7041,1.4922,2.0331,1.0,0.5,1.0
R_80T2BQirwjdu7Cx,SK-A-4717,19,none,1,-4.5,11.8439,7.0,yes,6.0,6.0,2.0,0.8333333333333334,0.2744329500484805,-0.7255670499515194,1.2744329500484806,high,1.2857,0.8529,-0.1471,1.8529,high,0.375,-0.3318,45-54 years old,Female,"No, I am not colourblind",848,100,True,27,yes,yes,yes,yes,,low_sem_high_perc,Q2,low,high,12,10,9,6.171,17.158,0.895,-0.7772,-0.5519,0.2636,1.0542,-0.3552,-0.0167,2.0331,1.0,0.5,1.0
R_80T2BQirwjdu7Cx,SK-A-1298,20,none,6,0.5,-8.1561,8.0,yes,2.0,2.0,2.0,0.8333333333333334,0.2744329500484805,-0.7255670499515194,1.2744329500484806,high,1.2857,0.8529,-0.1471,1.8529,high,0.375,-0.3318,45-54 years old,Female,"No, I am not colourblind",848,100,True,27,yes,yes,yes,yes,,low_sem_high_perc,Q2,low,high,13,4,3,6.345,12.638,1.0016,-0.7265,-1.4832,-1.6772,0.0943,-1.2956,-1.1122,2.0331,1.0,0.5,1.0
R_80T2BQirwjdu7Cx,SK-A-232,21,ai,10,4.5,11.8439,8.0,yes,2.0,-2.0,2.0,0.8333333333333334,0.2744329500484805,-0.7255670499515194,1.2744329500484806,high,1.2857,0.8529,-0.1471,1.8529,high,0.375,-0.3318,45-54 years old,Female,"No, I am not colourblind",848,100,True,27,yes,yes,yes,yes,,high_sem_low_perc,Q3,high,low,76,16,8,2.204,6.579,-1.5354,2.4667,0.3794,-0.0599,-1.1924,0.9287,0.1549,2.0331,1.0,0.5,1.0
R_80T2BQirwjdu7Cx,SK-C-95,22,none,9,3.5,3.8439,6.0,yes,3.0,-3.0,2.0,0.8333333333333334,0.2744329500484805,-0.7255670499515194,1.2744329500484806,high,1.2857,0.8529,-0.1471,1.8529,high,0.375,-0.3318,45-54 years old,Female,"No, I am not colourblind",848,100,True,27,yes,yes,yes,yes,,low_sem_high_perc,Q2,low,high,12,10,6,5.078,11.141,0.2254,-0.7772,-0.5519,-0.7068,-0.2236,-0.6786,0.0208,2.0331,1.0,0.5,1.0
R_80T2BQirwjdu7Cx,SK-A-1940,23,human,8,2.5,-2.1561,4.0,yes,4.0,-4.0,2.0,0.8333333333333334,0.2744329500484805,-0.7255670499515194,1.2744329500484806,high,1.2857,0.8529,-0.1471,1.8529,high,0.375,-0.3318,45-54 years old,Female,"No, I am not colourblind",848,100,True,27,yes,yes,yes,yes,,high_sem_high_perc,Q1,high,high,39,23,10,7.148,15.116,1.4935,0.5913,1.466,0.587,0.6205,0.8814,-0.3461,2.0331,1.0,0.5,1.0
R_80T2BQirwjdu7Cx,SK-A-1756,24,ai,7,1.5,-6.1561,7.0,yes,0.0,0.0,2.0,0.8333333333333334,0.2744329500484805,-0.7255670499515194,1.2744329500484806,high,1.2857,0.8529,-0.1471,1.8529,high,0.375,-0.3318,45-54 years old,Female,"No, I am not colourblind",848,100,True,27,yes,yes,yes,yes,,high_sem_high_perc,Q1,high,high,20,12,9,5.001,12.19,0.1782,-0.3717,-0.2415,0.2636,-0.0008,-0.1165,-1.106,2.0331,1.0,0.5,1.0
R_80T2BQirwjdu7Cx,SK-A-298,25,ai,7,1.5,-6.1561,6.0,yes,1.0,-1.0,2.0,0.8333333333333334,0.2744329500484805,-0.7255670499515194,1.2744329500484806,high,1.2857,0.8529,-0.1471,1.8529,high,0.375,-0.3318,45-54 years old,Female,"No, I am not colourblind",848,100,True,27,yes,yes,yes,yes,,high_sem_low_perc,Q3,high,low,22,19,12,3.588,8.258,-0.6875,-0.2703,0.8451,1.2339,-0.8359,0.6029,0.4922,2.0331,1.0,0.5,1.0
R_80T2BQirwjdu7Cx,SK-C-1215,26,ai,5,-0.5,-8.1561,8.0,yes,3.0,3.0,2.0,0.8333333333333334,0.2744329500484805,-0.7255670499515194,1.2744329500484806,high,1.2857,0.8529,-0.1471,1.8529,high,0.375,-0.3318,45-54 years old,Female,"No, I am not colourblind",848,100,True,27,yes,yes,yes,yes,,high_sem_high_perc,Q1,high,high,24,14,8,5.533,8.134,0.5041,-0.169,0.069,-0.0599,-0.8622,-0.0533,-0.0772,2.0331,1.0,0.5,1.0
R_80T2BQirwjdu7Cx,SK-A-388,27,human,1,-4.5,11.8439,7.0,yes,6.0,6.0,2.0,0.8333333333333334,0.2744329500484805,-0.7255670499515194,1.2744329500484806,high,1.2857,0.8529,-0.1471,1.8529,high,0.375,-0.3318,45-54 years old,Female,"No, I am not colourblind",848,100,True,27,yes,yes,yes,yes,,high_sem_low_perc,Q3,high,low,52,24,12,4.026,10.43,-0.4191,1.2502,1.6212,1.2339,-0.3746,1.3684,0.1145,2.0331,1.0,0.5,1.0
R_8VIZHW9dZJiYWlP,SK-A-4469,1,ai,2,-3.5,3.8439,5.0,yes,3.0,3.0,1.0,1.0,0.6053668015775303,-0.3946331984224697,1.6053668015775302,high,1.0,0.2627,-0.7373,1.2627,high,0.5,-0.0758,25-34 years old,Female,"No, I am not colourblind",421,100,True,27,yes,yes,yes,yes,,high_sem_high_perc,Q1,high,high,31,11,6,6.128,21.628,0.8686,0.1858,-0.3967,-0.7068,2.0035,-0.3059,-0.9165,0.8108,2.0,1.5,2.0
R_8VIZHW9dZJiYWlP,SK-A-87,2,ai,10,4.5,11.8439,7.0,yes,3.0,-3.0,1.0,1.0,0.6053668015775303,-0.3946331984224697,1.6053668015775302,high,1.0,0.2627,-0.7373,1.2627,high,0.5,-0.0758,25-34 years old,Female,"No, I am not colourblind",421,100,True,27,yes,yes,yes,yes,,low_sem_low_perc,Q4,low,low,16,9,4,1.284,3.991,-2.099,-0.5744,-0.7071,-1.3537,-1.742,-0.8784,0.5278,0.8108,2.0,1.5,2.0
R_8VIZHW9dZJiYWlP,SK-A-1403,3,human,6,0.5,-8.1561,8.0,yes,2.0,2.0,1.0,1.0,0.6053668015775303,-0.3946331984224697,1.6053668015775302,high,1.0,0.2627,-0.7373,1.2627,high,0.5,-0.0758,25-34 years old,Female,"No, I am not colourblind",421,100,True,27,yes,yes,yes,yes,,high_sem_high_perc,Q1,high,high,69,22,13,5.281,17.539,0.3497,2.1119,1.3107,1.5574,1.1351,1.66,0.7811,0.8108,2.0,1.5,2.0
R_8VIZHW9dZJiYWlP,SK-A-2320 B,4,ai,1,-4.5,11.8439,6.0,yes,5.0,5.0,1.0,1.0,0.6053668015775303,-0.3946331984224697,1.6053668015775302,high,1.0,0.2627,-0.7373,1.2627,high,0.5,-0.0758,25-34 years old,Female,"No, I am not colourblind",421,100,True,27,yes,yes,yes,yes,,low_sem_high_perc,Q2,low,high,11,7,4,4.974,8.222,0.1616,-0.8279,-1.0175,-1.3537,-0.8435,-1.0664,0.3704,0.8108,2.0,1.5,2.0
R_8VIZHW9dZJiYWlP,SK-A-110,5,none,5,-0.5,-8.1561,4.0,yes,1.0,-1.0,1.0,1.0,0.6053668015775303,-0.3946331984224697,1.6053668015775302,high,1.0,0.2627,-0.7373,1.2627,high,0.5,-0.0758,25-34 years old,Female,"No, I am not colourblind",421,100,True,27,yes,yes,yes,yes,,low_sem_high_perc,Q2,low,high,9,7,5,5.104,15.147,0.2413,-0.9292,-1.0175,-1.0303,0.6271,-0.9923,0.0078,0.8108,2.0,1.5,2.0
R_8VIZHW9dZJiYWlP,SK-A-1906,6,none,3,-2.5,-2.1561,4.0,yes,1.0,1.0,1.0,1.0,0.6053668015775303,-0.3946331984224697,1.6053668015775302,high,1.0,0.2627,-0.7373,1.2627,high,0.5,-0.0758,25-34 years old,Female,"No, I am not colourblind",421,100,True,27,yes,yes,yes,yes,,high_sem_low_perc,Q3,high,low,43,16,11,4.708,19.343,-0.0013,0.7941,0.3794,0.9105,1.5182,0.6947,0.4853,0.8108,2.0,1.5,2.0
R_8VIZHW9dZJiYWlP,SK-A-261,7,ai,8,2.5,-2.1561,7.0,yes,1.0,-1.0,1.0,1.0,0.6053668015775303,-0.3946331984224697,1.6053668015775302,high,1.0,0.2627,-0.7373,1.2627,high,0.5,-0.0758,25-34 years old,Female,"No, I am not colourblind",421,100,True,27,yes,yes,yes,yes,,low_sem_low_perc,Q4,low,low,9,8,7,4.292,16.828,-0.2562,-0.9292,-0.8623,-0.3834,0.9841,-0.725,0.1278,0.8108,2.0,1.5,2.0
R_8VIZHW9dZJiYWlP,SK-A-232,8,human,10,4.5,11.8439,4.0,yes,6.0,-6.0,1.0,1.0,0.6053668015775303,-0.3946331984224697,1.6053668015775302,high,1.0,0.2627,-0.7373,1.2627,high,0.5,-0.0758,25-34 years old,Female,"No, I am not colourblind",421,100,True,27,yes,yes,yes,yes,,high_sem_low_perc,Q3,high,low,76,16,8,2.204,6.579,-1.5354,2.4667,0.3794,-0.0599,-1.1924,0.9287,0.1549,0.8108,2.0,1.5,2.0
R_8VIZHW9dZJiYWlP,SK-A-1684,9,ai,6,0.5,-8.1561,9.0,yes,3.0,3.0,1.0,1.0,0.6053668015775303,-0.3946331984224697,1.6053668015775302,high,1.0,0.2627,-0.7373,1.2627,high,0.5,-0.0758,25-34 years old,Female,"No, I am not colourblind",421,100,True,27,yes,yes,yes,yes,,low_sem_low_perc,Q4,low,low,7,6,5,1.478,7.119,-1.9802,-1.0306,-1.1728,-1.0303,-1.0777,-1.0779,1.5061,0.8108,2.0,1.5,2.0
R_8VIZHW9dZJiYWlP,SK-C-153,10,human,4,-1.5,-6.1561,8.0,yes,4.0,4.0,1.0,1.0,0.6053668015775303,-0.3946331984224697,1.6053668015775302,high,1.0,0.2627,-0.7373,1.2627,high,0.5,-0.0758,25-34 years old,Female,"No, I am not colourblind",421,100,True,27,yes,yes,yes,yes,,low_sem_high_perc,Q2,low,high,14,12,8,6.72,23.164,1.2313,-0.6758,-0.2415,-0.0599,2.3297,-0.3257,0.2978,0.8108,2.0,1.5,2.0
R_8VIZHW9dZJiYWlP,SK-A-388,11,ai,3,-2.5,-2.1561,3.0,yes,0.0,0.0,1.0,1.0,0.6053668015775303,-0.3946331984224697,1.6053668015775302,high,1.0,0.2627,-0.7373,1.2627,high,0.5,-0.0758,25-34 years old,Female,"No, I am not colourblind",421,100,True,27,yes,yes,yes,yes,,high_sem_low_perc,Q3,high,low,52,24,12,4.026,10.43,-0.4191,1.2502,1.6212,1.2339,-0.3746,1.3684,0.1145,0.8108,2.0,1.5,2.0
R_8VIZHW9dZJiYWlP,SK-C-1215,12,none,3,-2.5,-2.1561,6.0,yes,3.0,3.0,1.0,1.0,0.6053668015775303,-0.3946331984224697,1.6053668015775302,high,1.0,0.2627,-0.7373,1.2627,high,0.5,-0.0758,25-34 years old,Female,"No, I am not colourblind",421,100,True,27,yes,yes,yes,yes,,high_sem_high_perc,Q1,high,high,24,14,8,5.533,8.134,0.5041,-0.169,0.069,-0.0599,-0.8622,-0.0533,-0.0772,0.8108,2.0,1.5,2.0
R_8VIZHW9dZJiYWlP,SK-C-243,13,human,10,4.5,11.8439,7.0,yes,3.0,-3.0,1.0,1.0,0.6053668015775303,-0.3946331984224697,1.6053668015775302,high,1.0,0.2627,-0.7373,1.2627,high,0.5,-0.0758,25-34 years old,Female,"No, I am not colourblind",421,100,True,27,yes,yes,yes,yes,,low_sem_low_perc,Q4,low,low,14,12,6,4.052,8.426,-0.4032,-0.6758,-0.2415,-0.7068,-0.8002,-0.5414,0.1632,0.8108,2.0,1.5,2.0
R_8VIZHW9dZJiYWlP,SK-A-864,14,none,4,-1.5,-6.1561,9.0,yes,5.0,5.0,1.0,1.0,0.6053668015775303,-0.3946331984224697,1.6053668015775302,high,1.0,0.2627,-0.7373,1.2627,high,0.5,-0.0758,25-34 years old,Female,"No, I am not colourblind",421,100,True,27,yes,yes,yes,yes,,high_sem_high_perc,Q1,high,high,66,28,11,8.181,13.079,2.1264,1.9598,2.242,0.9105,0.188,1.7041,1.4922,0.8108,2.0,1.5,2.0
R_8VIZHW9dZJiYWlP,SK-A-2320 A,15,none,9,3.5,3.8439,8.0,yes,1.0,-1.0,1.0,1.0,0.6053668015775303,-0.3946331984224697,1.6053668015775302,high,1.0,0.2627,-0.7373,1.2627,high,0.5,-0.0758,25-34 years old,Female,"No, I am not colourblind",421,100,True,27,yes,yes,yes,yes,,high_sem_low_perc,Q3,high,low,47,24,14,4.652,11.926,-0.0356,0.9968,1.6212,1.8808,-0.0569,1.4996,0.4324,0.8108,2.0,1.5,2.0
R_8VIZHW9dZJiYWlP,SK-A-4717,16,none,4,-1.5,-6.1561,6.0,yes,2.0,2.0,1.0,1.0,0.6053668015775303,-0.3946331984224697,1.6053668015775302,high,1.0,0.2627,-0.7373,1.2627,high,0.5,-0.0758,25-34 years old,Female,"No, I am not colourblind",421,100,True,27,yes,yes,yes,yes,,low_sem_high_perc,Q2,low,high,12,10,9,6.171,17.158,0.895,-0.7772,-0.5519,0.2636,1.0542,-0.3552,-0.0167,0.8108,2.0,1.5,2.0
R_8VIZHW9dZJiYWlP,SK-A-3297,17,human,8,2.5,-2.1561,3.0,yes,5.0,-5.0,1.0,1.0,0.6053668015775303,-0.3946331984224697,1.6053668015775302,high,1.0,0.2627,-0.7373,1.2627,high,0.5,-0.0758,25-34 years old,Female,"No, I am not colourblind",421,100,True,27,yes,yes,yes,yes,,low_sem_low_perc,Q4,low,low,17,10,7,4.118,13.599,-0.3628,-0.5237,-0.5519,-0.3834,0.2984,-0.4863,-0.4879,0.8108,2.0,1.5,2.0
R_8VIZHW9dZJiYWlP,SK-A-1940,18,none,10,4.5,11.8439,3.0,yes,7.0,-7.0,1.0,1.0,0.6053668015775303,-0.3946331984224697,1.6053668015775302,high,1.0,0.2627,-0.7373,1.2627,high,0.5,-0.0758,25-34 years old,Female,"No, I am not colourblind",421,100,True,27,yes,yes,yes,yes,,high_sem_high_perc,Q1,high,high,39,23,10,7.148,15.116,1.4935,0.5913,1.466,0.587,0.6205,0.8814,-0.3461,0.8108,2.0,1.5,2.0
R_8VIZHW9dZJiYWlP,SK-A-1756,19,ai,5,-0.5,-8.1561,3.0,yes,2.0,-2.0,1.0,1.0,0.6053668015775303,-0.3946331984224697,1.6053668015775302,high,1.0,0.2627,-0.7373,1.2627,high,0.5,-0.0758,25-34 years old,Female,"No, I am not colourblind",421,100,True,27,yes,yes,yes,yes,,high_sem_high_perc,Q1,high,high,20,12,9,5.001,12.19,0.1782,-0.3717,-0.2415,0.2636,-0.0008,-0.1165,-1.106,0.8108,2.0,1.5,2.0
R_8VIZHW9dZJiYWlP,SK-C-95,20,ai,3,-2.5,-2.1561,6.0,yes,3.0,3.0,1.0,1.0,0.6053668015775303,-0.3946331984224697,1.6053668015775302,high,1.0,0.2627,-0.7373,1.2627,high,0.5,-0.0758,25-34 years old,Female,"No, I am not colourblind",421,100,True,27,yes,yes,yes,yes,,low_sem_high_perc,Q2,low,high,12,10,6,5.078,11.141,0.2254,-0.7772,-0.5519,-0.7068,-0.2236,-0.6786,0.0208,0.8108,2.0,1.5,2.0
R_8VIZHW9dZJiYWlP,SK-A-62,21,human,10,4.5,11.8439,7.0,yes,3.0,-3.0,1.0,1.0,0.6053668015775303,-0.3946331984224697,1.6053668015775302,high,1.0,0.2627,-0.7373,1.2627,high,0.5,-0.0758,25-34 years old,Female,"No, I am not colourblind",421,100,True,27,yes,yes,yes,yes,,low_sem_low_perc,Q4,low,low,6,4,4,4.61,10.563,-0.0614,-1.0813,-1.4832,-1.3537,-0.3464,-1.3061,-1.366,0.8108,2.0,1.5,2.0
R_8VIZHW9dZJiYWlP,SK-A-1713,22,ai,1,-4.5,11.8439,5.0,yes,4.0,4.0,1.0,1.0,0.6053668015775303,-0.3946331984224697,1.6053668015775302,high,1.0,0.2627,-0.7373,1.2627,high,0.5,-0.0758,25-34 years old,Female,"No, I am not colourblind",421,100,True,27,yes,yes,yes,yes,,low_sem_low_perc,Q4,low,low,15,13,10,2.989,8.961,-1.0545,-0.6251,-0.0862,0.587,-0.6866,-0.0414,-0.1003,0.8108,2.0,1.5,2.0
R_8VIZHW9dZJiYWlP,SK-A-1574,23,none,10,4.5,11.8439,3.0,yes,7.0,-7.0,1.0,1.0,0.6053668015775303,-0.3946331984224697,1.6053668015775302,high,1.0,0.2627,-0.7373,1.2627,high,0.5,-0.0758,25-34 years old,Female,"No, I am not colourblind",421,100,True,27,yes,yes,yes,yes,,high_sem_high_perc,Q1,high,high,41,19,10,6.451,10.977,1.0665,0.6927,0.8451,0.587,-0.2584,0.7083,-1.9879,0.8108,2.0,1.5,2.0
R_8VIZHW9dZJiYWlP,SK-A-298,24,human,2,-3.5,3.8439,8.0,yes,6.0,6.0,1.0,1.0,0.6053668015775303,-0.3946331984224697,1.6053668015775302,high,1.0,0.2627,-0.7373,1.2627,high,0.5,-0.0758,25-34 years old,Female,"No, I am not colourblind",421,100,True,27,yes,yes,yes,yes,,high_sem_low_perc,Q3,high,low,22,19,12,3.588,8.258,-0.6875,-0.2703,0.8451,1.2339,-0.8359,0.6029,0.4922,0.8108,2.0,1.5,2.0
R_8VIZHW9dZJiYWlP,SK-A-2110,25,human,7,1.5,-6.1561,9.0,yes,2.0,2.0,1.0,1.0,0.6053668015775303,-0.3946331984224697,1.6053668015775302,high,1.0,0.2627,-0.7373,1.2627,high,0.5,-0.0758,25-34 years old,Female,"No, I am not colourblind",421,100,True,27,yes,yes,yes,yes,,high_sem_low_perc,Q3,high,low,29,17,13,4.449,10.91,-0.16,0.0845,0.5346,1.5574,-0.2727,0.7255,0.9709,0.8108,2.0,1.5,2.0
R_8VIZHW9dZJiYWlP,SK-A-3023,26,human,1,-4.5,11.8439,5.0,yes,4.0,4.0,1.0,1.0,0.6053668015775303,-0.3946331984224697,1.6053668015775302,high,1.0,0.2627,-0.7373,1.2627,high,0.5,-0.0758,25-34 years old,Female,"No, I am not colourblind",421,100,True,27,yes,yes,yes,yes,,high_sem_low_perc,Q3,high,low,24,9,6,2.609,6.171,-1.2873,-0.169,-0.7071,-0.7068,-1.2791,-0.5276,-0.4284,0.8108,2.0,1.5,2.0
R_8VIZHW9dZJiYWlP,SK-A-1298,27,none,4,-1.5,-6.1561,9.0,yes,5.0,5.0,1.0,1.0,0.6053668015775303,-0.3946331984224697,1.6053668015775302,high,1.0,0.2627,-0.7373,1.2627,high,0.5,-0.0758,25-34 years old,Female,"No, I am not colourblind",421,100,True,27,yes,yes,yes,yes,,low_sem_high_perc,Q2,low,high,13,4,3,6.345,12.638,1.0016,-0.7265,-1.4832,-1.6772,0.0943,-1.2956,-1.1122,0.8108,2.0,1.5,2.0
R_8FXtcDTHPfB1k2L,SK-A-298,1,ai,4,-1.5,-6.1561,2.0,yes,2.0,-2.0,1.0,1.1666666666666667,0.9363006531065804,-0.0636993468934197,1.9363006531065805,high,1.2857,0.8529,-0.1471,1.8529,high,0.25,-0.5878,25-34 years old,Male,"Yes, but I still perceive colours",322,100,True,27,yes,yes,yes,yes,,high_sem_low_perc,Q3,high,low,22,19,12,3.588,8.258,-0.6875,-0.2703,0.8451,1.2339,-0.8359,0.6029,0.4922,-1.6336,1.0,1.0,1.0
R_8FXtcDTHPfB1k2L,SK-A-864,2,human,8,2.5,-2.1561,5.0,yes,3.0,-3.0,1.0,1.1666666666666667,0.9363006531065804,-0.0636993468934197,1.9363006531065805,high,1.2857,0.8529,-0.1471,1.8529,high,0.25,-0.5878,25-34 years old,Male,"Yes, but I still perceive colours",322,100,True,27,yes,yes,yes,yes,,high_sem_high_perc,Q1,high,high,66,28,11,8.181,13.079,2.1264,1.9598,2.242,0.9105,0.188,1.7041,1.4922,-1.6336,1.0,1.0,1.0
R_8FXtcDTHPfB1k2L,SK-A-261,3,human,4,-1.5,-6.1561,7.0,yes,3.0,3.0,1.0,1.1666666666666667,0.9363006531065804,-0.0636993468934197,1.9363006531065805,high,1.2857,0.8529,-0.1471,1.8529,high,0.25,-0.5878,25-34 years old,Male,"Yes, but I still perceive colours",322,100,True,27,yes,yes,yes,yes,,low_sem_low_perc,Q4,low,low,9,8,7,4.292,16.828,-0.2562,-0.9292,-0.8623,-0.3834,0.9841,-0.725,0.1278,-1.6336,1.0,1.0,1.0
R_8FXtcDTHPfB1k2L,SK-A-2320 A,4,ai,4,-1.5,-6.1561,3.0,yes,1.0,-1.0,1.0,1.1666666666666667,0.9363006531065804,-0.0636993468934197,1.9363006531065805,high,1.2857,0.8529,-0.1471,1.8529,high,0.25,-0.5878,25-34 years old,Male,"Yes, but I still perceive colours",322,100,True,27,yes,yes,yes,yes,,high_sem_low_perc,Q3,high,low,47,24,14,4.652,11.926,-0.0356,0.9968,1.6212,1.8808,-0.0569,1.4996,0.4324,-1.6336,1.0,1.0,1.0
R_8FXtcDTHPfB1k2L,SK-A-2110,5,none,3,-2.5,-2.1561,7.0,yes,4.0,4.0,1.0,1.1666666666666667,0.9363006531065804,-0.0636993468934197,1.9363006531065805,high,1.2857,0.8529,-0.1471,1.8529,high,0.25,-0.5878,25-34 years old,Male,"Yes, but I still perceive colours",322,100,True,27,yes,yes,yes,yes,,high_sem_low_perc,Q3,high,low,29,17,13,4.449,10.91,-0.16,0.0845,0.5346,1.5574,-0.2727,0.7255,0.9709,-1.6336,1.0,1.0,1.0
R_8FXtcDTHPfB1k2L,SK-A-1403,6,human,4,-1.5,-6.1561,8.0,yes,4.0,4.0,1.0,1.1666666666666667,0.9363006531065804,-0.0636993468934197,1.9363006531065805,high,1.2857,0.8529,-0.1471,1.8529,high,0.25,-0.5878,25-34 years old,Male,"Yes, but I still perceive colours",322,100,True,27,yes,yes,yes,yes,,high_sem_high_perc,Q1,high,high,69,22,13,5.281,17.539,0.3497,2.1119,1.3107,1.5574,1.1351,1.66,0.7811,-1.6336,1.0,1.0,1.0
R_8FXtcDTHPfB1k2L,SK-A-1684,7,ai,10,4.5,11.8439,6.0,yes,4.0,-4.0,1.0,1.1666666666666667,0.9363006531065804,-0.0636993468934197,1.9363006531065805,high,1.2857,0.8529,-0.1471,1.8529,high,0.25,-0.5878,25-34 years old,Male,"Yes, but I still perceive colours",322,100,True,27,yes,yes,yes,yes,,low_sem_low_perc,Q4,low,low,7,6,5,1.478,7.119,-1.9802,-1.0306,-1.1728,-1.0303,-1.0777,-1.0779,1.5061,-1.6336,1.0,1.0,1.0
R_8FXtcDTHPfB1k2L,SK-A-1713,8,none,7,1.5,-6.1561,1.0,yes,6.0,-6.0,1.0,1.1666666666666667,0.9363006531065804,-0.0636993468934197,1.9363006531065805,high,1.2857,0.8529,-0.1471,1.8529,high,0.25,-0.5878,25-34 years old,Male,"Yes, but I still perceive colours",322,100,True,27,yes,yes,yes,yes,,low_sem_low_perc,Q4,low,low,15,13,10,2.989,8.961,-1.0545,-0.6251,-0.0862,0.587,-0.6866,-0.0414,-0.1003,-1.6336,1.0,1.0,1.0
R_8FXtcDTHPfB1k2L,SK-A-388,9,human,9,3.5,3.8439,2.0,yes,7.0,-7.0,1.0,1.1666666666666667,0.9363006531065804,-0.0636993468934197,1.9363006531065805,high,1.2857,0.8529,-0.1471,1.8529,high,0.25,-0.5878,25-34 years old,Male,"Yes, but I still perceive colours",322,100,True,27,yes,yes,yes,yes,,high_sem_low_perc,Q3,high,low,52,24,12,4.026,10.43,-0.4191,1.2502,1.6212,1.2339,-0.3746,1.3684,0.1145,-1.6336,1.0,1.0,1.0
R_8FXtcDTHPfB1k2L,SK-C-1215,10,ai,6,0.5,-8.1561,3.0,yes,3.0,-3.0,1.0,1.1666666666666667,0.9363006531065804,-0.0636993468934197,1.9363006531065805,high,1.2857,0.8529,-0.1471,1.8529,high,0.25,-0.5878,25-34 years old,Male,"Yes, but I still perceive colours",322,100,True,27,yes,yes,yes,yes,,high_sem_high_perc,Q1,high,high,24,14,8,5.533,8.134,0.5041,-0.169,0.069,-0.0599,-0.8622,-0.0533,-0.0772,-1.6336,1.0,1.0,1.0
R_8FXtcDTHPfB1k2L,SK-A-62,11,none,3,-2.5,-2.1561,1.0,yes,2.0,-2.0,1.0,1.1666666666666667,0.9363006531065804,-0.0636993468934197,1.9363006531065805,high,1.2857,0.8529,-0.1471,1.8529,high,0.25,-0.5878,25-34 years old,Male,"Yes, but I still perceive colours",322,100,True,27,yes,yes,yes,yes,,low_sem_low_perc,Q4,low,low,6,4,4,4.61,10.563,-0.0614,-1.0813,-1.4832,-1.3537,-0.3464,-1.3061,-1.366,-1.6336,1.0,1.0,1.0
R_8FXtcDTHPfB1k2L,SK-A-87,12,ai,3,-2.5,-2.1561,3.0,yes,0.0,0.0,1.0,1.1666666666666667,0.9363006531065804,-0.0636993468934197,1.9363006531065805,high,1.2857,0.8529,-0.1471,1.8529,high,0.25,-0.5878,25-34 years old,Male,"Yes, but I still perceive colours",322,100,True,27,yes,yes,yes,yes,,low_sem_low_perc,Q4,low,low,16,9,4,1.284,3.991,-2.099,-0.5744,-0.7071,-1.3537,-1.742,-0.8784,0.5278,-1.6336,1.0,1.0,1.0
R_8FXtcDTHPfB1k2L,SK-A-4717,13,none,5,-0.5,-8.1561,2.0,yes,3.0,-3.0,1.0,1.1666666666666667,0.9363006531065804,-0.0636993468934197,1.9363006531065805,high,1.2857,0.8529,-0.1471,1.8529,high,0.25,-0.5878,25-34 years old,Male,"Yes, but I still perceive colours",322,100,True,27,yes,yes,yes,yes,,low_sem_high_perc,Q2,low,high,12,10,9,6.171,17.158,0.895,-0.7772,-0.5519,0.2636,1.0542,-0.3552,-0.0167,-1.6336,1.0,1.0,1.0
R_8FXtcDTHPfB1k2L,SK-A-3297,14,human,2,-3.5,3.8439,1.0,yes,1.0,-1.0,1.0,1.1666666666666667,0.9363006531065804,-0.0636993468934197,1.9363006531065805,high,1.2857,0.8529,-0.1471,1.8529,high,0.25,-0.5878,25-34 years old,Male,"Yes, but I still perceive colours",322,100,True,27,yes,yes,yes,yes,,low_sem_low_perc,Q4,low,low,17,10,7,4.118,13.599,-0.3628,-0.5237,-0.5519,-0.3834,0.2984,-0.4863,-0.4879,-1.6336,1.0,1.0,1.0
R_8FXtcDTHPfB1k2L,SK-A-110,15,none,8,2.5,-2.1561,4.0,yes,4.0,-4.0,1.0,1.1666666666666667,0.9363006531065804,-0.0636993468934197,1.9363006531065805,high,1.2857,0.8529,-0.1471,1.8529,high,0.25,-0.5878,25-34 years old,Male,"Yes, but I still perceive colours",322,100,True,27,yes,yes,yes,yes,,low_sem_high_perc,Q2,low,high,9,7,5,5.104,15.147,0.2413,-0.9292,-1.0175,-1.0303,0.6271,-0.9923,0.0078,-1.6336,1.0,1.0,1.0
R_8FXtcDTHPfB1k2L,SK-A-1756,16,ai,2,-3.5,3.8439,2.0,yes,0.0,0.0,1.0,1.1666666666666667,0.9363006531065804,-0.0636993468934197,1.9363006531065805,high,1.2857,0.8529,-0.1471,1.8529,high,0.25,-0.5878,25-34 years old,Male,"Yes, but I still perceive colours",322,100,True,27,yes,yes,yes,yes,,high_sem_high_perc,Q1,high,high,20,12,9,5.001,12.19,0.1782,-0.3717,-0.2415,0.2636,-0.0008,-0.1165,-1.106,-1.6336,1.0,1.0,1.0
R_8FXtcDTHPfB1k2L,SK-A-232,17,ai,7,1.5,-6.1561,7.0,yes,0.0,0.0,1.0,1.1666666666666667,0.9363006531065804,-0.0636993468934197,1.9363006531065805,high,1.2857,0.8529,-0.1471,1.8529,high,0.25,-0.5878,25-34 years old,Male,"Yes, but I still perceive colours",322,100,True,27,yes,yes,yes,yes,,high_sem_low_perc,Q3,high,low,76,16,8,2.204,6.579,-1.5354,2.4667,0.3794,-0.0599,-1.1924,0.9287,0.1549,-1.6336,1.0,1.0,1.0
R_8FXtcDTHPfB1k2L,SK-A-1906,18,ai,5,-0.5,-8.1561,6.0,yes,1.0,1.0,1.0,1.1666666666666667,0.9363006531065804,-0.0636993468934197,1.9363006531065805,high,1.2857,0.8529,-0.1471,1.8529,high,0.25,-0.5878,25-34 years old,Male,"Yes, but I still perceive colours",322,100,True,27,yes,yes,yes,yes,,high_sem_low_perc,Q3,high,low,43,16,11,4.708,19.343,-0.0013,0.7941,0.3794,0.9105,1.5182,0.6947,0.4853,-1.6336,1.0,1.0,1.0
R_8FXtcDTHPfB1k2L,SK-A-3023,19,human,2,-3.5,3.8439,3.0,yes,1.0,1.0,1.0,1.1666666666666667,0.9363006531065804,-0.0636993468934197,1.9363006531065805,high,1.2857,0.8529,-0.1471,1.8529,high,0.25,-0.5878,25-34 years old,Male,"Yes, but I still perceive colours",322,100,True,27,yes,yes,yes,yes,,high_sem_low_perc,Q3,high,low,24,9,6,2.609,6.171,-1.2873,-0.169,-0.7071,-0.7068,-1.2791,-0.5276,-0.4284,-1.6336,1.0,1.0,1.0
R_8FXtcDTHPfB1k2L,SK-C-95,20,human,1,-4.5,11.8439,2.0,yes,1.0,1.0,1.0,1.1666666666666667,0.9363006531065804,-0.0636993468934197,1.9363006531065805,high,1.2857,0.8529,-0.1471,1.8529,high,0.25,-0.5878,25-34 years old,Male,"Yes, but I still perceive colours",322,100,True,27,yes,yes,yes,yes,,low_sem_high_perc,Q2,low,high,12,10,6,5.078,11.141,0.2254,-0.7772,-0.5519,-0.7068,-0.2236,-0.6786,0.0208,-1.6336,1.0,1.0,1.0
R_8FXtcDTHPfB1k2L,SK-C-153,21,human,3,-2.5,-2.1561,6.0,yes,3.0,3.0,1.0,1.1666666666666667,0.9363006531065804,-0.0636993468934197,1.9363006531065805,high,1.2857,0.8529,-0.1471,1.8529,high,0.25,-0.5878,25-34 years old,Male,"Yes, but I still perceive colours",322,100,True,27,yes,yes,yes,yes,,low_sem_high_perc,Q2,low,high,14,12,8,6.72,23.164,1.2313,-0.6758,-0.2415,-0.0599,2.3297,-0.3257,0.2978,-1.6336,1.0,1.0,1.0
R_8FXtcDTHPfB1k2L,SK-A-1940,22,none,1,-4.5,11.8439,3.0,yes,2.0,2.0,1.0,1.1666666666666667,0.9363006531065804,-0.0636993468934197,1.9363006531065805,high,1.2857,0.8529,-0.1471,1.8529,high,0.25,-0.5878,25-34 years old,Male,"Yes, but I still perceive colours",322,100,True,27,yes,yes,yes,yes,,high_sem_high_perc,Q1,high,high,39,23,10,7.148,15.116,1.4935,0.5913,1.466,0.587,0.6205,0.8814,-0.3461,-1.6336,1.0,1.0,1.0
R_8FXtcDTHPfB1k2L,SK-A-4469,23,ai,8,2.5,-2.1561,10.0,yes,2.0,2.0,1.0,1.1666666666666667,0.9363006531065804,-0.0636993468934197,1.9363006531065805,high,1.2857,0.8529,-0.1471,1.8529,high,0.25,-0.5878,25-34 years old,Male,"Yes, but I still perceive colours",322,100,True,27,yes,yes,yes,yes,,high_sem_high_perc,Q1,high,high,31,11,6,6.128,21.628,0.8686,0.1858,-0.3967,-0.7068,2.0035,-0.3059,-0.9165,-1.6336,1.0,1.0,1.0
R_8FXtcDTHPfB1k2L,SK-A-2320 B,24,none,2,-3.5,3.8439,2.0,yes,0.0,0.0,1.0,1.1666666666666667,0.9363006531065804,-0.0636993468934197,1.9363006531065805,high,1.2857,0.8529,-0.1471,1.8529,high,0.25,-0.5878,25-34 years old,Male,"Yes, but I still perceive colours",322,100,True,27,yes,yes,yes,yes,,low_sem_high_perc,Q2,low,high,11,7,4,4.974,8.222,0.1616,-0.8279,-1.0175,-1.3537,-0.8435,-1.0664,0.3704,-1.6336,1.0,1.0,1.0
R_8FXtcDTHPfB1k2L,SK-A-1298,25,none,3,-2.5,-2.1561,3.0,yes,0.0,0.0,1.0,1.1666666666666667,0.9363006531065804,-0.0636993468934197,1.9363006531065805,high,1.2857,0.8529,-0.1471,1.8529,high,0.25,-0.5878,25-34 years old,Male,"Yes, but I still perceive colours",322,100,True,27,yes,yes,yes,yes,,low_sem_high_perc,Q2,low,high,13,4,3,6.345,12.638,1.0016,-0.7265,-1.4832,-1.6772,0.0943,-1.2956,-1.1122,-1.6336,1.0,1.0,1.0
R_8FXtcDTHPfB1k2L,SK-C-243,26,none,4,-1.5,-6.1561,7.0,yes,3.0,3.0,1.0,1.1666666666666667,0.9363006531065804,-0.0636993468934197,1.9363006531065805,high,1.2857,0.8529,-0.1471,1.8529,high,0.25,-0.5878,25-34 years old,Male,"Yes, but I still perceive colours",322,100,True,27,yes,yes,yes,yes,,low_sem_low_perc,Q4,low,low,14,12,6,4.052,8.426,-0.4032,-0.6758,-0.2415,-0.7068,-0.8002,-0.5414,0.1632,-1.6336,1.0,1.0,1.0
R_8FXtcDTHPfB1k2L,SK-A-1574,27,human,8,2.5,-2.1561,1.0,yes,7.0,-7.0,1.0,1.1666666666666667,0.9363006531065804,-0.0636993468934197,1.9363006531065805,high,1.2857,0.8529,-0.1471,1.8529,high,0.25,-0.5878,25-34 years old,Male,"Yes, but I still perceive colours",322,100,True,27,yes,yes,yes,yes,,high_sem_high_perc,Q1,high,high,41,19,10,6.451,10.977,1.0665,0.6927,0.8451,0.587,-0.2584,0.7083,-1.9879,-1.6336,1.0,1.0,1.0
R_24Yq5SQnY9lfmRH,SK-A-1684,1,none,2,-3.5,3.8439,8.0,yes,6.0,6.0,1.0,2.5,3.583771465338979,2.583771465338979,4.5837714653389785,high,2.2857,2.9188,1.9188,3.9188,high,1.125,1.2041,18-24 years old,Female,"No, I am not colourblind",244,100,True,27,yes,yes,yes,yes,,low_sem_low_perc,Q4,low,low,7,6,5,1.478,7.119,-1.9802,-1.0306,-1.1728,-1.0303,-1.0777,-1.0779,1.5061,1.8108,1.0,1.5,2.333333333333333
R_24Yq5SQnY9lfmRH,SK-A-388,2,human,2,-3.5,3.8439,4.0,yes,2.0,2.0,1.0,2.5,3.583771465338979,2.583771465338979,4.5837714653389785,high,2.2857,2.9188,1.9188,3.9188,high,1.125,1.2041,18-24 years old,Female,"No, I am not colourblind",244,100,True,27,yes,yes,yes,yes,,high_sem_low_perc,Q3,high,low,52,24,12,4.026,10.43,-0.4191,1.2502,1.6212,1.2339,-0.3746,1.3684,0.1145,1.8108,1.0,1.5,2.333333333333333
R_24Yq5SQnY9lfmRH,SK-A-1756,3,human,1,-4.5,11.8439,2.0,yes,1.0,1.0,1.0,2.5,3.583771465338979,2.583771465338979,4.5837714653389785,high,2.2857,2.9188,1.9188,3.9188,high,1.125,1.2041,18-24 years old,Female,"No, I am not colourblind",244,100,True,27,yes,yes,yes,yes,,high_sem_high_perc,Q1,high,high,20,12,9,5.001,12.19,0.1782,-0.3717,-0.2415,0.2636,-0.0008,-0.1165,-1.106,1.8108,1.0,1.5,2.333333333333333
R_24Yq5SQnY9lfmRH,SK-A-1298,4,ai,1,-4.5,11.8439,6.0,yes,5.0,5.0,1.0,2.5,3.583771465338979,2.583771465338979,4.5837714653389785,high,2.2857,2.9188,1.9188,3.9188,high,1.125,1.2041,18-24 years old,Female,"No, I am not colourblind",244,100,True,27,yes,yes,yes,yes,,low_sem_high_perc,Q2,low,high,13,4,3,6.345,12.638,1.0016,-0.7265,-1.4832,-1.6772,0.0943,-1.2956,-1.1122,1.8108,1.0,1.5,2.333333333333333
R_24Yq5SQnY9lfmRH,SK-A-4717,5,none,6,0.5,-8.1561,7.0,yes,1.0,1.0,1.0,2.5,3.583771465338979,2.583771465338979,4.5837714653389785,high,2.2857,2.9188,1.9188,3.9188,high,1.125,1.2041,18-24 years old,Female,"No, I am not colourblind",244,100,True,27,yes,yes,yes,yes,,low_sem_high_perc,Q2,low,high,12,10,9,6.171,17.158,0.895,-0.7772,-0.5519,0.2636,1.0542,-0.3552,-0.0167,1.8108,1.0,1.5,2.333333333333333
R_24Yq5SQnY9lfmRH,SK-A-3297,6,ai,2,-3.5,3.8439,4.0,yes,2.0,2.0,1.0,2.5,3.583771465338979,2.583771465338979,4.5837714653389785,high,2.2857,2.9188,1.9188,3.9188,high,1.125,1.2041,18-24 years old,Female,"No, I am not colourblind",244,100,True,27,yes,yes,yes,yes,,low_sem_low_perc,Q4,low,low,17,10,7,4.118,13.599,-0.3628,-0.5237,-0.5519,-0.3834,0.2984,-0.4863,-0.4879,1.8108,1.0,1.5,2.333333333333333
R_24Yq5SQnY9lfmRH,SK-A-261,7,ai,3,-2.5,-2.1561,9.0,yes,6.0,6.0,1.0,2.5,3.583771465338979,2.583771465338979,4.5837714653389785,high,2.2857,2.9188,1.9188,3.9188,high,1.125,1.2041,18-24 years old,Female,"No, I am not colourblind",244,100,True,27,yes,yes,yes,yes,,low_sem_low_perc,Q4,low,low,9,8,7,4.292,16.828,-0.2562,-0.9292,-0.8623,-0.3834,0.9841,-0.725,0.1278,1.8108,1.0,1.5,2.333333333333333
R_24Yq5SQnY9lfmRH,SK-A-3023,8,ai,4,-1.5,-6.1561,6.0,yes,2.0,2.0,1.0,2.5,3.583771465338979,2.583771465338979,4.5837714653389785,high,2.2857,2.9188,1.9188,3.9188,high,1.125,1.2041,18-24 years old,Female,"No, I am not colourblind",244,100,True,27,yes,yes,yes,yes,,high_sem_low_perc,Q3,high,low,24,9,6,2.609,6.171,-1.2873,-0.169,-0.7071,-0.7068,-1.2791,-0.5276,-0.4284,1.8108,1.0,1.5,2.333333333333333
R_24Yq5SQnY9lfmRH,SK-A-2110,9,none,5,-0.5,-8.1561,5.0,yes,0.0,0.0,1.0,2.5,3.583771465338979,2.583771465338979,4.5837714653389785,high,2.2857,2.9188,1.9188,3.9188,high,1.125,1.2041,18-24 years old,Female,"No, I am not colourblind",244,100,True,27,yes,yes,yes,yes,,high_sem_low_perc,Q3,high,low,29,17,13,4.449,10.91,-0.16,0.0845,0.5346,1.5574,-0.2727,0.7255,0.9709,1.8108,1.0,1.5,2.333333333333333
R_24Yq5SQnY9lfmRH,SK-A-1906,10,none,2,-3.5,3.8439,3.0,yes,1.0,1.0,1.0,2.5,3.583771465338979,2.583771465338979,4.5837714653389785,high,2.2857,2.9188,1.9188,3.9188,high,1.125,1.2041,18-24 years old,Female,"No, I am not colourblind",244,100,True,27,yes,yes,yes,yes,,high_sem_low_perc,Q3,high,low,43,16,11,4.708,19.343,-0.0013,0.7941,0.3794,0.9105,1.5182,0.6947,0.4853,1.8108,1.0,1.5,2.333333333333333
R_24Yq5SQnY9lfmRH,SK-A-864,11,human,5,-0.5,-8.1561,9.0,yes,4.0,4.0,1.0,2.5,3.583771465338979,2.583771465338979,4.5837714653389785,high,2.2857,2.9188,1.9188,3.9188,high,1.125,1.2041,18-24 years old,Female,"No, I am not colourblind",244,100,True,27,yes,yes,yes,yes,,high_sem_high_perc,Q1,high,high,66,28,11,8.181,13.079,2.1264,1.9598,2.242,0.9105,0.188,1.7041,1.4922,1.8108,1.0,1.5,2.333333333333333
R_24Yq5SQnY9lfmRH,SK-A-1403,12,human,1,-4.5,11.8439,8.0,yes,7.0,7.0,1.0,2.5,3.583771465338979,2.583771465338979,4.5837714653389785,high,2.2857,2.9188,1.9188,3.9188,high,1.125,1.2041,18-24 years old,Female,"No, I am not colourblind",244,100,True,27,yes,yes,yes,yes,,high_sem_high_perc,Q1,high,high,69,22,13,5.281,17.539,0.3497,2.1119,1.3107,1.5574,1.1351,1.66,0.7811,1.8108,1.0,1.5,2.333333333333333
R_24Yq5SQnY9lfmRH,SK-C-153,13,human,9,3.5,3.8439,2.0,yes,7.0,-7.0,1.0,2.5,3.583771465338979,2.583771465338979,4.5837714653389785,high,2.2857,2.9188,1.9188,3.9188,high,1.125,1.2041,18-24 years old,Female,"No, I am not colourblind",244,100,True,27,yes,yes,yes,yes,,low_sem_high_perc,Q2,low,high,14,12,8,6.72,23.164,1.2313,-0.6758,-0.2415,-0.0599,2.3297,-0.3257,0.2978,1.8108,1.0,1.5,2.333333333333333
R_24Yq5SQnY9lfmRH,SK-A-298,14,ai,6,0.5,-8.1561,4.0,yes,2.0,-2.0,1.0,2.5,3.583771465338979,2.583771465338979,4.5837714653389785,high,2.2857,2.9188,1.9188,3.9188,high,1.125,1.2041,18-24 years old,Female,"No, I am not colourblind",244,100,True,27,yes,yes,yes,yes,,high_sem_low_perc,Q3,high,low,22,19,12,3.588,8.258,-0.6875,-0.2703,0.8451,1.2339,-0.8359,0.6029,0.4922,1.8108,1.0,1.5,2.333333333333333
R_24Yq5SQnY9lfmRH,SK-C-95,15,ai,5,-0.5,-8.1561,6.0,yes,1.0,1.0,1.0,2.5,3.583771465338979,2.583771465338979,4.5837714653389785,high,2.2857,2.9188,1.9188,3.9188,high,1.125,1.2041,18-24 years old,Female,"No, I am not colourblind",244,100,True,27,yes,yes,yes,yes,,low_sem_high_perc,Q2,low,high,12,10,6,5.078,11.141,0.2254,-0.7772,-0.5519,-0.7068,-0.2236,-0.6786,0.0208,1.8108,1.0,1.5,2.333333333333333
R_24Yq5SQnY9lfmRH,SK-A-4469,16,ai,3,-2.5,-2.1561,2.0,yes,1.0,-1.0,1.0,2.5,3.583771465338979,2.583771465338979,4.5837714653389785,high,2.2857,2.9188,1.9188,3.9188,high,1.125,1.2041,18-24 years old,Female,"No, I am not colourblind",244,100,True,27,yes,yes,yes,yes,,high_sem_high_perc,Q1,high,high,31,11,6,6.128,21.628,0.8686,0.1858,-0.3967,-0.7068,2.0035,-0.3059,-0.9165,1.8108,1.0,1.5,2.333333333333333
R_24Yq5SQnY9lfmRH,SK-A-1574,17,none,5,-0.5,-8.1561,4.0,yes,1.0,-1.0,1.0,2.5,3.583771465338979,2.583771465338979,4.5837714653389785,high,2.2857,2.9188,1.9188,3.9188,high,1.125,1.2041,18-24 years old,Female,"No, I am not colourblind",244,100,True,27,yes,yes,yes,yes,,high_sem_high_perc,Q1,high,high,41,19,10,6.451,10.977,1.0665,0.6927,0.8451,0.587,-0.2584,0.7083,-1.9879,1.8108,1.0,1.5,2.333333333333333
R_24Yq5SQnY9lfmRH,SK-A-62,18,human,6,0.5,-8.1561,3.0,yes,3.0,-3.0,1.0,2.5,3.583771465338979,2.583771465338979,4.5837714653389785,high,2.2857,2.9188,1.9188,3.9188,high,1.125,1.2041,18-24 years old,Female,"No, I am not colourblind",244,100,True,27,yes,yes,yes,yes,,low_sem_low_perc,Q4,low,low,6,4,4,4.61,10.563,-0.0614,-1.0813,-1.4832,-1.3537,-0.3464,-1.3061,-1.366,1.8108,1.0,1.5,2.333333333333333
R_24Yq5SQnY9lfmRH,SK-A-1940,19,human,7,1.5,-6.1561,7.0,yes,0.0,0.0,1.0,2.5,3.583771465338979,2.583771465338979,4.5837714653389785,high,2.2857,2.9188,1.9188,3.9188,high,1.125,1.2041,18-24 years old,Female,"No, I am not colourblind",244,100,True,27,yes,yes,yes,yes,,high_sem_high_perc,Q1,high,high,39,23,10,7.148,15.116,1.4935,0.5913,1.466,0.587,0.6205,0.8814,-0.3461,1.8108,1.0,1.5,2.333333333333333
R_24Yq5SQnY9lfmRH,SK-A-87,20,none,3,-2.5,-2.1561,9.0,yes,6.0,6.0,1.0,2.5,3.583771465338979,2.583771465338979,4.5837714653389785,high,2.2857,2.9188,1.9188,3.9188,high,1.125,1.2041,18-24 years old,Female,"No, I am not colourblind",244,100,True,27,yes,yes,yes,yes,,low_sem_low_perc,Q4,low,low,16,9,4,1.284,3.991,-2.099,-0.5744,-0.7071,-1.3537,-1.742,-0.8784,0.5278,1.8108,1.0,1.5,2.333333333333333
R_24Yq5SQnY9lfmRH,SK-C-243,21,human,9,3.5,3.8439,6.0,yes,3.0,-3.0,1.0,2.5,3.583771465338979,2.583771465338979,4.5837714653389785,high,2.2857,2.9188,1.9188,3.9188,high,1.125,1.2041,18-24 years old,Female,"No, I am not colourblind",244,100,True,27,yes,yes,yes,yes,,low_sem_low_perc,Q4,low,low,14,12,6,4.052,8.426,-0.4032,-0.6758,-0.2415,-0.7068,-0.8002,-0.5414,0.1632,1.8108,1.0,1.5,2.333333333333333
R_24Yq5SQnY9lfmRH,SK-A-2320 A,22,none,6,0.5,-8.1561,9.0,yes,3.0,3.0,1.0,2.5,3.583771465338979,2.583771465338979,4.5837714653389785,high,2.2857,2.9188,1.9188,3.9188,high,1.125,1.2041,18-24 years old,Female,"No, I am not colourblind",244,100,True,27,yes,yes,yes,yes,,high_sem_low_perc,Q3,high,low,47,24,14,4.652,11.926,-0.0356,0.9968,1.6212,1.8808,-0.0569,1.4996,0.4324,1.8108,1.0,1.5,2.333333333333333
R_24Yq5SQnY9lfmRH,SK-A-1713,23,none,3,-2.5,-2.1561,7.0,yes,4.0,4.0,1.0,2.5,3.583771465338979,2.583771465338979,4.5837714653389785,high,2.2857,2.9188,1.9188,3.9188,high,1.125,1.2041,18-24 years old,Female,"No, I am not colourblind",244,100,True,27,yes,yes,yes,yes,,low_sem_low_perc,Q4,low,low,15,13,10,2.989,8.961,-1.0545,-0.6251,-0.0862,0.587,-0.6866,-0.0414,-0.1003,1.8108,1.0,1.5,2.333333333333333
R_24Yq5SQnY9lfmRH,SK-A-232,24,none,9,3.5,3.8439,9.0,yes,0.0,0.0,1.0,2.5,3.583771465338979,2.583771465338979,4.5837714653389785,high,2.2857,2.9188,1.9188,3.9188,high,1.125,1.2041,18-24 years old,Female,"No, I am not colourblind",244,100,True,27,yes,yes,yes,yes,,high_sem_low_perc,Q3,high,low,76,16,8,2.204,6.579,-1.5354,2.4667,0.3794,-0.0599,-1.1924,0.9287,0.1549,1.8108,1.0,1.5,2.333333333333333
R_24Yq5SQnY9lfmRH,SK-A-110,25,human,1,-4.5,11.8439,6.0,yes,5.0,5.0,1.0,2.5,3.583771465338979,2.583771465338979,4.5837714653389785,high,2.2857,2.9188,1.9188,3.9188,high,1.125,1.2041,18-24 years old,Female,"No, I am not colourblind",244,100,True,27,yes,yes,yes,yes,,low_sem_high_perc,Q2,low,high,9,7,5,5.104,15.147,0.2413,-0.9292,-1.0175,-1.0303,0.6271,-0.9923,0.0078,1.8108,1.0,1.5,2.333333333333333
R_24Yq5SQnY9lfmRH,SK-A-2320 B,26,ai,8,2.5,-2.1561,5.0,yes,3.0,-3.0,1.0,2.5,3.583771465338979,2.583771465338979,4.5837714653389785,high,2.2857,2.9188,1.9188,3.9188,high,1.125,1.2041,18-24 years old,Female,"No, I am not colourblind",244,100,True,27,yes,yes,yes,yes,,low_sem_high_perc,Q2,low,high,11,7,4,4.974,8.222,0.1616,-0.8279,-1.0175,-1.3537,-0.8435,-1.0664,0.3704,1.8108,1.0,1.5,2.333333333333333
R_24Yq5SQnY9lfmRH,SK-C-1215,27,ai,5,-0.5,-8.1561,6.0,yes,1.0,1.0,1.0,2.5,3.583771465338979,2.583771465338979,4.5837714653389785,high,2.2857,2.9188,1.9188,3.9188,high,1.125,1.2041,18-24 years old,Female,"No, I am not colourblind",244,100,True,27,yes,yes,yes,yes,,high_sem_high_perc,Q1,high,high,24,14,8,5.533,8.134,0.5041,-0.169,0.069,-0.0599,-0.8622,-0.0533,-0.0772,1.8108,1.0,1.5,2.333333333333333
R_9OVkuTbzx5Ir8QR,SK-A-3297,1,none,2,-3.5,3.8439,4.0,yes,2.0,2.0,2.0,0.3333333333333333,-0.7183686045386691,-1.7183686045386692,0.2816313954613308,low,0.5714,-0.6227,-1.6227,0.3773,low,1.75,2.484,45-54 years old,Female,"No, I am not colourblind",584,100,True,27,yes,yes,yes,yes,,low_sem_low_perc,Q4,low,low,17,10,7,4.118,13.599,-0.3628,-0.5237,-0.5519,-0.3834,0.2984,-0.4863,-0.4879,-1.1892,1.0,0.5,0.6666666666666666
R_9OVkuTbzx5Ir8QR,SK-A-4469,2,none,4,-1.5,-6.1561,2.0,yes,2.0,-2.0,2.0,0.3333333333333333,-0.7183686045386691,-1.7183686045386692,0.2816313954613308,low,0.5714,-0.6227,-1.6227,0.3773,low,1.75,2.484,45-54 years old,Female,"No, I am not colourblind",584,100,True,27,yes,yes,yes,yes,,high_sem_high_perc,Q1,high,high,31,11,6,6.128,21.628,0.8686,0.1858,-0.3967,-0.7068,2.0035,-0.3059,-0.9165,-1.1892,1.0,0.5,0.6666666666666666
R_9OVkuTbzx5Ir8QR,SK-A-3023,3,none,8,2.5,-2.1561,2.0,yes,6.0,-6.0,2.0,0.3333333333333333,-0.7183686045386691,-1.7183686045386692,0.2816313954613308,low,0.5714,-0.6227,-1.6227,0.3773,low,1.75,2.484,45-54 years old,Female,"No, I am not colourblind",584,100,True,27,yes,yes,yes,yes,,high_sem_low_perc,Q3,high,low,24,9,6,2.609,6.171,-1.2873,-0.169,-0.7071,-0.7068,-1.2791,-0.5276,-0.4284,-1.1892,1.0,0.5,0.6666666666666666
R_9OVkuTbzx5Ir8QR,SK-A-261,4,ai,6,0.5,-8.1561,4.0,yes,2.0,-2.0,2.0,0.3333333333333333,-0.7183686045386691,-1.7183686045386692,0.2816313954613308,low,0.5714,-0.6227,-1.6227,0.3773,low,1.75,2.484,45-54 years old,Female,"No, I am not colourblind",584,100,True,27,yes,yes,yes,yes,,low_sem_low_perc,Q4,low,low,9,8,7,4.292,16.828,-0.2562,-0.9292,-0.8623,-0.3834,0.9841,-0.725,0.1278,-1.1892,1.0,0.5,0.6666666666666666
R_9OVkuTbzx5Ir8QR,SK-A-1713,5,ai,7,1.5,-6.1561,4.0,yes,3.0,-3.0,2.0,0.3333333333333333,-0.7183686045386691,-1.7183686045386692,0.2816313954613308,low,0.5714,-0.6227,-1.6227,0.3773,low,1.75,2.484,45-54 years old,Female,"No, I am not colourblind",584,100,True,27,yes,yes,yes,yes,,low_sem_low_perc,Q4,low,low,15,13,10,2.989,8.961,-1.0545,-0.6251,-0.0862,0.587,-0.6866,-0.0414,-0.1003,-1.1892,1.0,0.5,0.6666666666666666
R_9OVkuTbzx5Ir8QR,SK-A-1756,6,none,2,-3.5,3.8439,3.0,yes,1.0,1.0,2.0,0.3333333333333333,-0.7183686045386691,-1.7183686045386692,0.2816313954613308,low,0.5714,-0.6227,-1.6227,0.3773,low,1.75,2.484,45-54 years old,Female,"No, I am not colourblind",584,100,True,27,yes,yes,yes,yes,,high_sem_high_perc,Q1,high,high,20,12,9,5.001,12.19,0.1782,-0.3717,-0.2415,0.2636,-0.0008,-0.1165,-1.106,-1.1892,1.0,0.5,0.6666666666666666
R_9OVkuTbzx5Ir8QR,SK-A-2110,7,human,9,3.5,3.8439,4.0,yes,5.0,-5.0,2.0,0.3333333333333333,-0.7183686045386691,-1.7183686045386692,0.2816313954613308,low,0.5714,-0.6227,-1.6227,0.3773,low,1.75,2.484,45-54 years old,Female,"No, I am not colourblind",584,100,True,27,yes,yes,yes,yes,,high_sem_low_perc,Q3,high,low,29,17,13,4.449,10.91,-0.16,0.0845,0.5346,1.5574,-0.2727,0.7255,0.9709,-1.1892,1.0,0.5,0.6666666666666666
R_9OVkuTbzx5Ir8QR,SK-A-87,8,ai,6,0.5,-8.1561,2.0,yes,4.0,-4.0,2.0,0.3333333333333333,-0.7183686045386691,-1.7183686045386692,0.2816313954613308,low,0.5714,-0.6227,-1.6227,0.3773,low,1.75,2.484,45-54 years old,Female,"No, I am not colourblind",584,100,True,27,yes,yes,yes,yes,,low_sem_low_perc,Q4,low,low,16,9,4,1.284,3.991,-2.099,-0.5744,-0.7071,-1.3537,-1.742,-0.8784,0.5278,-1.1892,1.0,0.5,0.6666666666666666
R_9OVkuTbzx5Ir8QR,SK-C-1215,9,ai,8,2.5,-2.1561,4.0,yes,4.0,-4.0,2.0,0.3333333333333333,-0.7183686045386691,-1.7183686045386692,0.2816313954613308,low,0.5714,-0.6227,-1.6227,0.3773,low,1.75,2.484,45-54 years old,Female,"No, I am not colourblind",584,100,True,27,yes,yes,yes,yes,,high_sem_high_perc,Q1,high,high,24,14,8,5.533,8.134,0.5041,-0.169,0.069,-0.0599,-0.8622,-0.0533,-0.0772,-1.1892,1.0,0.5,0.6666666666666666
R_9OVkuTbzx5Ir8QR,SK-A-2320 A,10,none,3,-2.5,-2.1561,3.0,yes,0.0,0.0,2.0,0.3333333333333333,-0.7183686045386691,-1.7183686045386692,0.2816313954613308,low,0.5714,-0.6227,-1.6227,0.3773,low,1.75,2.484,45-54 years old,Female,"No, I am not colourblind",584,100,True,27,yes,yes,yes,yes,,high_sem_low_perc,Q3,high,low,47,24,14,4.652,11.926,-0.0356,0.9968,1.6212,1.8808,-0.0569,1.4996,0.4324,-1.1892,1.0,0.5,0.6666666666666666
R_9OVkuTbzx5Ir8QR,SK-A-1574,11,ai,10,4.5,11.8439,6.0,yes,4.0,-4.0,2.0,0.3333333333333333,-0.7183686045386691,-1.7183686045386692,0.2816313954613308,low,0.5714,-0.6227,-1.6227,0.3773,low,1.75,2.484,45-54 years old,Female,"No, I am not colourblind",584,100,True,27,yes,yes,yes,yes,,high_sem_high_perc,Q1,high,high,41,19,10,6.451,10.977,1.0665,0.6927,0.8451,0.587,-0.2584,0.7083,-1.9879,-1.1892,1.0,0.5,0.6666666666666666
R_9OVkuTbzx5Ir8QR,SK-A-2320 B,12,none,4,-1.5,-6.1561,5.0,yes,1.0,1.0,2.0,0.3333333333333333,-0.7183686045386691,-1.7183686045386692,0.2816313954613308,low,0.5714,-0.6227,-1.6227,0.3773,low,1.75,2.484,45-54 years old,Female,"No, I am not colourblind",584,100,True,27,yes,yes,yes,yes,,low_sem_high_perc,Q2,low,high,11,7,4,4.974,8.222,0.1616,-0.8279,-1.0175,-1.3537,-0.8435,-1.0664,0.3704,-1.1892,1.0,0.5,0.6666666666666666
R_9OVkuTbzx5Ir8QR,SK-A-1403,13,none,3,-2.5,-2.1561,6.0,yes,3.0,3.0,2.0,0.3333333333333333,-0.7183686045386691,-1.7183686045386692,0.2816313954613308,low,0.5714,-0.6227,-1.6227,0.3773,low,1.75,2.484,45-54 years old,Female,"No, I am not colourblind",584,100,True,27,yes,yes,yes,yes,,high_sem_high_perc,Q1,high,high,69,22,13,5.281,17.539,0.3497,2.1119,1.3107,1.5574,1.1351,1.66,0.7811,-1.1892,1.0,0.5,0.6666666666666666
R_9OVkuTbzx5Ir8QR,SK-A-388,14,human,3,-2.5,-2.1561,3.0,yes,0.0,0.0,2.0,0.3333333333333333,-0.7183686045386691,-1.7183686045386692,0.2816313954613308,low,0.5714,-0.6227,-1.6227,0.3773,low,1.75,2.484,45-54 years old,Female,"No, I am not colourblind",584,100,True,27,yes,yes,yes,yes,,high_sem_low_perc,Q3,high,low,52,24,12,4.026,10.43,-0.4191,1.2502,1.6212,1.2339,-0.3746,1.3684,0.1145,-1.1892,1.0,0.5,0.6666666666666666
R_9OVkuTbzx5Ir8QR,SK-A-298,15,ai,6,0.5,-8.1561,5.0,yes,1.0,-1.0,2.0,0.3333333333333333,-0.7183686045386691,-1.7183686045386692,0.2816313954613308,low,0.5714,-0.6227,-1.6227,0.3773,low,1.75,2.484,45-54 years old,Female,"No, I am not colourblind",584,100,True,27,yes,yes,yes,yes,,high_sem_low_perc,Q3,high,low,22,19,12,3.588,8.258,-0.6875,-0.2703,0.8451,1.2339,-0.8359,0.6029,0.4922,-1.1892,1.0,0.5,0.6666666666666666
R_9OVkuTbzx5Ir8QR,SK-A-1906,16,human,4,-1.5,-6.1561,6.0,yes,2.0,2.0,2.0,0.3333333333333333,-0.7183686045386691,-1.7183686045386692,0.2816313954613308,low,0.5714,-0.6227,-1.6227,0.3773,low,1.75,2.484,45-54 years old,Female,"No, I am not colourblind",584,100,True,27,yes,yes,yes,yes,,high_sem_low_perc,Q3,high,low,43,16,11,4.708,19.343,-0.0013,0.7941,0.3794,0.9105,1.5182,0.6947,0.4853,-1.1892,1.0,0.5,0.6666666666666666
R_9OVkuTbzx5Ir8QR,SK-A-110,17,human,10,4.5,11.8439,4.0,yes,6.0,-6.0,2.0,0.3333333333333333,-0.7183686045386691,-1.7183686045386692,0.2816313954613308,low,0.5714,-0.6227,-1.6227,0.3773,low,1.75,2.484,45-54 years old,Female,"No, I am not colourblind",584,100,True,27,yes,yes,yes,yes,,low_sem_high_perc,Q2,low,high,9,7,5,5.104,15.147,0.2413,-0.9292,-1.0175,-1.0303,0.6271,-0.9923,0.0078,-1.1892,1.0,0.5,0.6666666666666666
R_9OVkuTbzx5Ir8QR,SK-A-864,18,ai,7,1.5,-6.1561,5.0,yes,2.0,-2.0,2.0,0.3333333333333333,-0.7183686045386691,-1.7183686045386692,0.2816313954613308,low,0.5714,-0.6227,-1.6227,0.3773,low,1.75,2.484,45-54 years old,Female,"No, I am not colourblind",584,100,True,27,yes,yes,yes,yes,,high_sem_high_perc,Q1,high,high,66,28,11,8.181,13.079,2.1264,1.9598,2.242,0.9105,0.188,1.7041,1.4922,-1.1892,1.0,0.5,0.6666666666666666
R_9OVkuTbzx5Ir8QR,SK-C-153,19,human,9,3.5,3.8439,6.0,yes,3.0,-3.0,2.0,0.3333333333333333,-0.7183686045386691,-1.7183686045386692,0.2816313954613308,low,0.5714,-0.6227,-1.6227,0.3773,low,1.75,2.484,45-54 years old,Female,"No, I am not colourblind",584,100,True,27,yes,yes,yes,yes,,low_sem_high_perc,Q2,low,high,14,12,8,6.72,23.164,1.2313,-0.6758,-0.2415,-0.0599,2.3297,-0.3257,0.2978,-1.1892,1.0,0.5,0.6666666666666666
R_9OVkuTbzx5Ir8QR,SK-A-1684,20,human,3,-2.5,-2.1561,4.0,yes,1.0,1.0,2.0,0.3333333333333333,-0.7183686045386691,-1.7183686045386692,0.2816313954613308,low,0.5714,-0.6227,-1.6227,0.3773,low,1.75,2.484,45-54 years old,Female,"No, I am not colourblind",584,100,True,27,yes,yes,yes,yes,,low_sem_low_perc,Q4,low,low,7,6,5,1.478,7.119,-1.9802,-1.0306,-1.1728,-1.0303,-1.0777,-1.0779,1.5061,-1.1892,1.0,0.5,0.6666666666666666
R_9OVkuTbzx5Ir8QR,SK-A-1298,21,human,6,0.5,-8.1561,4.0,yes,2.0,-2.0,2.0,0.3333333333333333,-0.7183686045386691,-1.7183686045386692,0.2816313954613308,low,0.5714,-0.6227,-1.6227,0.3773,low,1.75,2.484,45-54 years old,Female,"No, I am not colourblind",584,100,True,27,yes,yes,yes,yes,,low_sem_high_perc,Q2,low,high,13,4,3,6.345,12.638,1.0016,-0.7265,-1.4832,-1.6772,0.0943,-1.2956,-1.1122,-1.1892,1.0,0.5,0.6666666666666666
R_9OVkuTbzx5Ir8QR,SK-A-1940,22,none,8,2.5,-2.1561,5.0,yes,3.0,-3.0,2.0,0.3333333333333333,-0.7183686045386691,-1.7183686045386692,0.2816313954613308,low,0.5714,-0.6227,-1.6227,0.3773,low,1.75,2.484,45-54 years old,Female,"No, I am not colourblind",584,100,True,27,yes,yes,yes,yes,,high_sem_high_perc,Q1,high,high,39,23,10,7.148,15.116,1.4935,0.5913,1.466,0.587,0.6205,0.8814,-0.3461,-1.1892,1.0,0.5,0.6666666666666666
R_9OVkuTbzx5Ir8QR,SK-C-95,23,none,1,-4.5,11.8439,4.0,yes,3.0,3.0,2.0,0.3333333333333333,-0.7183686045386691,-1.7183686045386692,0.2816313954613308,low,0.5714,-0.6227,-1.6227,0.3773,low,1.75,2.484,45-54 years old,Female,"No, I am not colourblind",584,100,True,27,yes,yes,yes,yes,,low_sem_high_perc,Q2,low,high,12,10,6,5.078,11.141,0.2254,-0.7772,-0.5519,-0.7068,-0.2236,-0.6786,0.0208,-1.1892,1.0,0.5,0.6666666666666666
R_9OVkuTbzx5Ir8QR,SK-A-62,24,ai,3,-2.5,-2.1561,3.0,yes,0.0,0.0,2.0,0.3333333333333333,-0.7183686045386691,-1.7183686045386692,0.2816313954613308,low,0.5714,-0.6227,-1.6227,0.3773,low,1.75,2.484,45-54 years old,Female,"No, I am not colourblind",584,100,True,27,yes,yes,yes,yes,,low_sem_low_perc,Q4,low,low,6,4,4,4.61,10.563,-0.0614,-1.0813,-1.4832,-1.3537,-0.3464,-1.3061,-1.366,-1.1892,1.0,0.5,0.6666666666666666
R_9OVkuTbzx5Ir8QR,SK-A-232,25,ai,10,4.5,11.8439,2.0,yes,8.0,-8.0,2.0,0.3333333333333333,-0.7183686045386691,-1.7183686045386692,0.2816313954613308,low,0.5714,-0.6227,-1.6227,0.3773,low,1.75,2.484,45-54 years old,Female,"No, I am not colourblind",584,100,True,27,yes,yes,yes,yes,,high_sem_low_perc,Q3,high,low,76,16,8,2.204,6.579,-1.5354,2.4667,0.3794,-0.0599,-1.1924,0.9287,0.1549,-1.1892,1.0,0.5,0.6666666666666666
R_9OVkuTbzx5Ir8QR,SK-A-4717,26,human,7,1.5,-6.1561,6.0,yes,1.0,-1.0,2.0,0.3333333333333333,-0.7183686045386691,-1.7183686045386692,0.2816313954613308,low,0.5714,-0.6227,-1.6227,0.3773,low,1.75,2.484,45-54 years old,Female,"No, I am not colourblind",584,100,True,27,yes,yes,yes,yes,,low_sem_high_perc,Q2,low,high,12,10,9,6.171,17.158,0.895,-0.7772,-0.5519,0.2636,1.0542,-0.3552,-0.0167,-1.1892,1.0,0.5,0.6666666666666666
R_9OVkuTbzx5Ir8QR,SK-C-243,27,human,9,3.5,3.8439,7.0,yes,2.0,-2.0,2.0,0.3333333333333333,-0.7183686045386691,-1.7183686045386692,0.2816313954613308,low,0.5714,-0.6227,-1.6227,0.3773,low,1.75,2.484,45-54 years old,Female,"No, I am not colourblind",584,100,True,27,yes,yes,yes,yes,,low_sem_low_perc,Q4,low,low,14,12,6,4.052,8.426,-0.4032,-0.6758,-0.2415,-0.7068,-0.8002,-0.5414,0.1632,-1.1892,1.0,0.5,0.6666666666666666
R_9Jw8GfYjV1LaJ2H,SK-A-87,1,human,8,2.5,-2.1561,5.0,yes,3.0,-3.0,1.0,0.6666666666666666,-0.0565009014805694,-1.0565009014805695,0.9434990985194304,low,0.7143,-0.3275,-1.3275,0.6725,low,0.5,-0.0758,18-24 years old,Female,"No, I am not colourblind",588,100,True,27,yes,yes,yes,yes,,low_sem_low_perc,Q4,low,low,16,9,4,1.284,3.991,-2.099,-0.5744,-0.7071,-1.3537,-1.742,-0.8784,0.5278,-0.078,0.0,0.0,0.3333333333333333
R_9Jw8GfYjV1LaJ2H,SK-A-110,2,human,8,2.5,-2.1561,7.0,yes,1.0,-1.0,1.0,0.6666666666666666,-0.0565009014805694,-1.0565009014805695,0.9434990985194304,low,0.7143,-0.3275,-1.3275,0.6725,low,0.5,-0.0758,18-24 years old,Female,"No, I am not colourblind",588,100,True,27,yes,yes,yes,yes,,low_sem_high_perc,Q2,low,high,9,7,5,5.104,15.147,0.2413,-0.9292,-1.0175,-1.0303,0.6271,-0.9923,0.0078,-0.078,0.0,0.0,0.3333333333333333
R_9Jw8GfYjV1LaJ2H,SK-A-1940,3,none,2,-3.5,3.8439,4.0,yes,2.0,2.0,1.0,0.6666666666666666,-0.0565009014805694,-1.0565009014805695,0.9434990985194304,low,0.7143,-0.3275,-1.3275,0.6725,low,0.5,-0.0758,18-24 years old,Female,"No, I am not colourblind",588,100,True,27,yes,yes,yes,yes,,high_sem_high_perc,Q1,high,high,39,23,10,7.148,15.116,1.4935,0.5913,1.466,0.587,0.6205,0.8814,-0.3461,-0.078,0.0,0.0,0.3333333333333333
R_9Jw8GfYjV1LaJ2H,SK-A-62,4,human,3,-2.5,-2.1561,8.0,yes,5.0,5.0,1.0,0.6666666666666666,-0.0565009014805694,-1.0565009014805695,0.9434990985194304,low,0.7143,-0.3275,-1.3275,0.6725,low,0.5,-0.0758,18-24 years old,Female,"No, I am not colourblind",588,100,True,27,yes,yes,yes,yes,,low_sem_low_perc,Q4,low,low,6,4,4,4.61,10.563,-0.0614,-1.0813,-1.4832,-1.3537,-0.3464,-1.3061,-1.366,-0.078,0.0,0.0,0.3333333333333333
R_9Jw8GfYjV1LaJ2H,SK-C-153,5,ai,2,-3.5,3.8439,5.0,yes,3.0,3.0,1.0,0.6666666666666666,-0.0565009014805694,-1.0565009014805695,0.9434990985194304,low,0.7143,-0.3275,-1.3275,0.6725,low,0.5,-0.0758,18-24 years old,Female,"No, I am not colourblind",588,100,True,27,yes,yes,yes,yes,,low_sem_high_perc,Q2,low,high,14,12,8,6.72,23.164,1.2313,-0.6758,-0.2415,-0.0599,2.3297,-0.3257,0.2978,-0.078,0.0,0.0,0.3333333333333333
R_9Jw8GfYjV1LaJ2H,SK-A-2320 B,6,human,3,-2.5,-2.1561,4.0,yes,1.0,1.0,1.0,0.6666666666666666,-0.0565009014805694,-1.0565009014805695,0.9434990985194304,low,0.7143,-0.3275,-1.3275,0.6725,low,0.5,-0.0758,18-24 years old,Female,"No, I am not colourblind",588,100,True,27,yes,yes,yes,yes,,low_sem_high_perc,Q2,low,high,11,7,4,4.974,8.222,0.1616,-0.8279,-1.0175,-1.3537,-0.8435,-1.0664,0.3704,-0.078,0.0,0.0,0.3333333333333333
R_9Jw8GfYjV1LaJ2H,SK-A-1403,7,human,4,-1.5,-6.1561,3.0,yes,1.0,-1.0,1.0,0.6666666666666666,-0.0565009014805694,-1.0565009014805695,0.9434990985194304,low,0.7143,-0.3275,-1.3275,0.6725,low,0.5,-0.0758,18-24 years old,Female,"No, I am not colourblind",588,100,True,27,yes,yes,yes,yes,,high_sem_high_perc,Q1,high,high,69,22,13,5.281,17.539,0.3497,2.1119,1.3107,1.5574,1.1351,1.66,0.7811,-0.078,0.0,0.0,0.3333333333333333
R_9Jw8GfYjV1LaJ2H,SK-A-3023,8,ai,5,-0.5,-8.1561,5.0,yes,0.0,0.0,1.0,0.6666666666666666,-0.0565009014805694,-1.0565009014805695,0.9434990985194304,low,0.7143,-0.3275,-1.3275,0.6725,low,0.5,-0.0758,18-24 years old,Female,"No, I am not colourblind",588,100,True,27,yes,yes,yes,yes,,high_sem_low_perc,Q3,high,low,24,9,6,2.609,6.171,-1.2873,-0.169,-0.7071,-0.7068,-1.2791,-0.5276,-0.4284,-0.078,0.0,0.0,0.3333333333333333
R_9Jw8GfYjV1LaJ2H,SK-A-4469,9,ai,10,4.5,11.8439,3.0,yes,7.0,-7.0,1.0,0.6666666666666666,-0.0565009014805694,-1.0565009014805695,0.9434990985194304,low,0.7143,-0.3275,-1.3275,0.6725,low,0.5,-0.0758,18-24 years old,Female,"No, I am not colourblind",588,100,True,27,yes,yes,yes,yes,,high_sem_high_perc,Q1,high,high,31,11,6,6.128,21.628,0.8686,0.1858,-0.3967,-0.7068,2.0035,-0.3059,-0.9165,-0.078,0.0,0.0,0.3333333333333333
R_9Jw8GfYjV1LaJ2H,SK-A-2110,10,none,8,2.5,-2.1561,5.0,yes,3.0,-3.0,1.0,0.6666666666666666,-0.0565009014805694,-1.0565009014805695,0.9434990985194304,low,0.7143,-0.3275,-1.3275,0.6725,low,0.5,-0.0758,18-24 years old,Female,"No, I am not colourblind",588,100,True,27,yes,yes,yes,yes,,high_sem_low_perc,Q3,high,low,29,17,13,4.449,10.91,-0.16,0.0845,0.5346,1.5574,-0.2727,0.7255,0.9709,-0.078,0.0,0.0,0.3333333333333333
R_9Jw8GfYjV1LaJ2H,SK-A-864,11,ai,9,3.5,3.8439,7.0,yes,2.0,-2.0,1.0,0.6666666666666666,-0.0565009014805694,-1.0565009014805695,0.9434990985194304,low,0.7143,-0.3275,-1.3275,0.6725,low,0.5,-0.0758,18-24 years old,Female,"No, I am not colourblind",588,100,True,27,yes,yes,yes,yes,,high_sem_high_perc,Q1,high,high,66,28,11,8.181,13.079,2.1264,1.9598,2.242,0.9105,0.188,1.7041,1.4922,-0.078,0.0,0.0,0.3333333333333333
R_9Jw8GfYjV1LaJ2H,SK-A-4717,12,human,9,3.5,3.8439,4.0,yes,5.0,-5.0,1.0,0.6666666666666666,-0.0565009014805694,-1.0565009014805695,0.9434990985194304,low,0.7143,-0.3275,-1.3275,0.6725,low,0.5,-0.0758,18-24 years old,Female,"No, I am not colourblind",588,100,True,27,yes,yes,yes,yes,,low_sem_high_perc,Q2,low,high,12,10,9,6.171,17.158,0.895,-0.7772,-0.5519,0.2636,1.0542,-0.3552,-0.0167,-0.078,0.0,0.0,0.3333333333333333
R_9Jw8GfYjV1LaJ2H,SK-A-1713,13,none,6,0.5,-8.1561,5.0,yes,1.0,-1.0,1.0,0.6666666666666666,-0.0565009014805694,-1.0565009014805695,0.9434990985194304,low,0.7143,-0.3275,-1.3275,0.6725,low,0.5,-0.0758,18-24 years old,Female,"No, I am not colourblind",588,100,True,27,yes,yes,yes,yes,,low_sem_low_perc,Q4,low,low,15,13,10,2.989,8.961,-1.0545,-0.6251,-0.0862,0.587,-0.6866,-0.0414,-0.1003,-0.078,0.0,0.0,0.3333333333333333
R_9Jw8GfYjV1LaJ2H,SK-A-261,14,none,7,1.5,-6.1561,6.0,yes,1.0,-1.0,1.0,0.6666666666666666,-0.0565009014805694,-1.0565009014805695,0.9434990985194304,low,0.7143,-0.3275,-1.3275,0.6725,low,0.5,-0.0758,18-24 years old,Female,"No, I am not colourblind",588,100,True,27,yes,yes,yes,yes,,low_sem_low_perc,Q4,low,low,9,8,7,4.292,16.828,-0.2562,-0.9292,-0.8623,-0.3834,0.9841,-0.725,0.1278,-0.078,0.0,0.0,0.3333333333333333
R_9Jw8GfYjV1LaJ2H,SK-A-388,15,ai,7,1.5,-6.1561,4.0,yes,3.0,-3.0,1.0,0.6666666666666666,-0.0565009014805694,-1.0565009014805695,0.9434990985194304,low,0.7143,-0.3275,-1.3275,0.6725,low,0.5,-0.0758,18-24 years old,Female,"No, I am not colourblind",588,100,True,27,yes,yes,yes,yes,,high_sem_low_perc,Q3,high,low,52,24,12,4.026,10.43,-0.4191,1.2502,1.6212,1.2339,-0.3746,1.3684,0.1145,-0.078,0.0,0.0,0.3333333333333333
R_9Jw8GfYjV1LaJ2H,SK-A-232,16,none,9,3.5,3.8439,3.0,yes,6.0,-6.0,1.0,0.6666666666666666,-0.0565009014805694,-1.0565009014805695,0.9434990985194304,low,0.7143,-0.3275,-1.3275,0.6725,low,0.5,-0.0758,18-24 years old,Female,"No, I am not colourblind",588,100,True,27,yes,yes,yes,yes,,high_sem_low_perc,Q3,high,low,76,16,8,2.204,6.579,-1.5354,2.4667,0.3794,-0.0599,-1.1924,0.9287,0.1549,-0.078,0.0,0.0,0.3333333333333333
R_9Jw8GfYjV1LaJ2H,SK-A-1574,17,human,6,0.5,-8.1561,3.0,yes,3.0,-3.0,1.0,0.6666666666666666,-0.0565009014805694,-1.0565009014805695,0.9434990985194304,low,0.7143,-0.3275,-1.3275,0.6725,low,0.5,-0.0758,18-24 years old,Female,"No, I am not colourblind",588,100,True,27,yes,yes,yes,yes,,high_sem_high_perc,Q1,high,high,41,19,10,6.451,10.977,1.0665,0.6927,0.8451,0.587,-0.2584,0.7083,-1.9879,-0.078,0.0,0.0,0.3333333333333333
R_9Jw8GfYjV1LaJ2H,SK-C-243,18,none,8,2.5,-2.1561,5.0,yes,3.0,-3.0,1.0,0.6666666666666666,-0.0565009014805694,-1.0565009014805695,0.9434990985194304,low,0.7143,-0.3275,-1.3275,0.6725,low,0.5,-0.0758,18-24 years old,Female,"No, I am not colourblind",588,100,True,27,yes,yes,yes,yes,,low_sem_low_perc,Q4,low,low,14,12,6,4.052,8.426,-0.4032,-0.6758,-0.2415,-0.7068,-0.8002,-0.5414,0.1632,-0.078,0.0,0.0,0.3333333333333333
R_9Jw8GfYjV1LaJ2H,SK-A-298,19,none,9,3.5,3.8439,6.0,yes,3.0,-3.0,1.0,0.6666666666666666,-0.0565009014805694,-1.0565009014805695,0.9434990985194304,low,0.7143,-0.3275,-1.3275,0.6725,low,0.5,-0.0758,18-24 years old,Female,"No, I am not colourblind",588,100,True,27,yes,yes,yes,yes,,high_sem_low_perc,Q3,high,low,22,19,12,3.588,8.258,-0.6875,-0.2703,0.8451,1.2339,-0.8359,0.6029,0.4922,-0.078,0.0,0.0,0.3333333333333333
R_9Jw8GfYjV1LaJ2H,SK-A-2320 A,20,none,6,0.5,-8.1561,5.0,yes,1.0,-1.0,1.0,0.6666666666666666,-0.0565009014805694,-1.0565009014805695,0.9434990985194304,low,0.7143,-0.3275,-1.3275,0.6725,low,0.5,-0.0758,18-24 years old,Female,"No, I am not colourblind",588,100,True,27,yes,yes,yes,yes,,high_sem_low_perc,Q3,high,low,47,24,14,4.652,11.926,-0.0356,0.9968,1.6212,1.8808,-0.0569,1.4996,0.4324,-0.078,0.0,0.0,0.3333333333333333
R_9Jw8GfYjV1LaJ2H,SK-C-95,21,ai,2,-3.5,3.8439,3.0,yes,1.0,1.0,1.0,0.6666666666666666,-0.0565009014805694,-1.0565009014805695,0.9434990985194304,low,0.7143,-0.3275,-1.3275,0.6725,low,0.5,-0.0758,18-24 years old,Female,"No, I am not colourblind",588,100,True,27,yes,yes,yes,yes,,low_sem_high_perc,Q2,low,high,12,10,6,5.078,11.141,0.2254,-0.7772,-0.5519,-0.7068,-0.2236,-0.6786,0.0208,-0.078,0.0,0.0,0.3333333333333333
R_9Jw8GfYjV1LaJ2H,SK-A-1756,22,human,7,1.5,-6.1561,2.0,yes,5.0,-5.0,1.0,0.6666666666666666,-0.0565009014805694,-1.0565009014805695,0.9434990985194304,low,0.7143,-0.3275,-1.3275,0.6725,low,0.5,-0.0758,18-24 years old,Female,"No, I am not colourblind",588,100,True,27,yes,yes,yes,yes,,high_sem_high_perc,Q1,high,high,20,12,9,5.001,12.19,0.1782,-0.3717,-0.2415,0.2636,-0.0008,-0.1165,-1.106,-0.078,0.0,0.0,0.3333333333333333
R_9Jw8GfYjV1LaJ2H,SK-C-1215,23,ai,4,-1.5,-6.1561,3.0,yes,1.0,-1.0,1.0,0.6666666666666666,-0.0565009014805694,-1.0565009014805695,0.9434990985194304,low,0.7143,-0.3275,-1.3275,0.6725,low,0.5,-0.0758,18-24 years old,Female,"No, I am not colourblind",588,100,True,27,yes,yes,yes,yes,,high_sem_high_perc,Q1,high,high,24,14,8,5.533,8.134,0.5041,-0.169,0.069,-0.0599,-0.8622,-0.0533,-0.0772,-0.078,0.0,0.0,0.3333333333333333
R_9Jw8GfYjV1LaJ2H,SK-A-3297,24,ai,10,4.5,11.8439,7.0,yes,3.0,-3.0,1.0,0.6666666666666666,-0.0565009014805694,-1.0565009014805695,0.9434990985194304,low,0.7143,-0.3275,-1.3275,0.6725,low,0.5,-0.0758,18-24 years old,Female,"No, I am not colourblind",588,100,True,27,yes,yes,yes,yes,,low_sem_low_perc,Q4,low,low,17,10,7,4.118,13.599,-0.3628,-0.5237,-0.5519,-0.3834,0.2984,-0.4863,-0.4879,-0.078,0.0,0.0,0.3333333333333333
R_9Jw8GfYjV1LaJ2H,SK-A-1684,25,ai,4,-1.5,-6.1561,9.0,yes,5.0,5.0,1.0,0.6666666666666666,-0.0565009014805694,-1.0565009014805695,0.9434990985194304,low,0.7143,-0.3275,-1.3275,0.6725,low,0.5,-0.0758,18-24 years old,Female,"No, I am not colourblind",588,100,True,27,yes,yes,yes,yes,,low_sem_low_perc,Q4,low,low,7,6,5,1.478,7.119,-1.9802,-1.0306,-1.1728,-1.0303,-1.0777,-1.0779,1.5061,-0.078,0.0,0.0,0.3333333333333333
R_9Jw8GfYjV1LaJ2H,SK-A-1906,26,human,6,0.5,-8.1561,5.0,yes,1.0,-1.0,1.0,0.6666666666666666,-0.0565009014805694,-1.0565009014805695,0.9434990985194304,low,0.7143,-0.3275,-1.3275,0.6725,low,0.5,-0.0758,18-24 years old,Female,"No, I am not colourblind",588,100,True,27,yes,yes,yes,yes,,high_sem_low_perc,Q3,high,low,43,16,11,4.708,19.343,-0.0013,0.7941,0.3794,0.9105,1.5182,0.6947,0.4853,-0.078,0.0,0.0,0.3333333333333333
R_9Jw8GfYjV1LaJ2H,SK-A-1298,27,none,2,-3.5,3.8439,5.0,yes,3.0,3.0,1.0,0.6666666666666666,-0.0565009014805694,-1.0565009014805695,0.9434990985194304,low,0.7143,-0.3275,-1.3275,0.6725,low,0.5,-0.0758,18-24 years old,Female,"No, I am not colourblind",588,100,True,27,yes,yes,yes,yes,,low_sem_high_perc,Q2,low,high,13,4,3,6.345,12.638,1.0016,-0.7265,-1.4832,-1.6772,0.0943,-1.2956,-1.1122,-0.078,0.0,0.0,0.3333333333333333
R_4dwWNmhLqVCdg65,SK-C-1215,1,none,2,-3.5,3.8439,4.0,yes,2.0,2.0,1.0,0.5,-0.3874347530096192,-1.3874347530096192,0.6125652469903808,low,0.7143,-0.3275,-1.3275,0.6725,low,1.25,1.46,55-64 years old,Male,"No, I am not colourblind",421,100,True,27,yes,yes,yes,yes,,high_sem_high_perc,Q1,high,high,24,14,8,5.533,8.134,0.5041,-0.169,0.069,-0.0599,-0.8622,-0.0533,-0.0772,-0.078,0.0,0.0,0.3333333333333333
R_4dwWNmhLqVCdg65,SK-A-2320 A,2,none,7,1.5,-6.1561,4.0,yes,3.0,-3.0,1.0,0.5,-0.3874347530096192,-1.3874347530096192,0.6125652469903808,low,0.7143,-0.3275,-1.3275,0.6725,low,1.25,1.46,55-64 years old,Male,"No, I am not colourblind",421,100,True,27,yes,yes,yes,yes,,high_sem_low_perc,Q3,high,low,47,24,14,4.652,11.926,-0.0356,0.9968,1.6212,1.8808,-0.0569,1.4996,0.4324,-0.078,0.0,0.0,0.3333333333333333
R_4dwWNmhLqVCdg65,SK-A-110,3,human,1,-4.5,11.8439,4.0,yes,3.0,3.0,1.0,0.5,-0.3874347530096192,-1.3874347530096192,0.6125652469903808,low,0.7143,-0.3275,-1.3275,0.6725,low,1.25,1.46,55-64 years old,Male,"No, I am not colourblind",421,100,True,27,yes,yes,yes,yes,,low_sem_high_perc,Q2,low,high,9,7,5,5.104,15.147,0.2413,-0.9292,-1.0175,-1.0303,0.6271,-0.9923,0.0078,-0.078,0.0,0.0,0.3333333333333333
R_4dwWNmhLqVCdg65,SK-C-243,4,none,1,-4.5,11.8439,4.0,yes,3.0,3.0,1.0,0.5,-0.3874347530096192,-1.3874347530096192,0.6125652469903808,low,0.7143,-0.3275,-1.3275,0.6725,low,1.25,1.46,55-64 years old,Male,"No, I am not colourblind",421,100,True,27,yes,yes,yes,yes,,low_sem_low_perc,Q4,low,low,14,12,6,4.052,8.426,-0.4032,-0.6758,-0.2415,-0.7068,-0.8002,-0.5414,0.1632,-0.078,0.0,0.0,0.3333333333333333
R_4dwWNmhLqVCdg65,SK-A-1713,5,ai,4,-1.5,-6.1561,4.0,yes,0.0,0.0,1.0,0.5,-0.3874347530096192,-1.3874347530096192,0.6125652469903808,low,0.7143,-0.3275,-1.3275,0.6725,low,1.25,1.46,55-64 years old,Male,"No, I am not colourblind",421,100,True,27,yes,yes,yes,yes,,low_sem_low_perc,Q4,low,low,15,13,10,2.989,8.961,-1.0545,-0.6251,-0.0862,0.587,-0.6866,-0.0414,-0.1003,-0.078,0.0,0.0,0.3333333333333333
R_4dwWNmhLqVCdg65,SK-A-298,6,ai,7,1.5,-6.1561,3.0,yes,4.0,-4.0,1.0,0.5,-0.3874347530096192,-1.3874347530096192,0.6125652469903808,low,0.7143,-0.3275,-1.3275,0.6725,low,1.25,1.46,55-64 years old,Male,"No, I am not colourblind",421,100,True,27,yes,yes,yes,yes,,high_sem_low_perc,Q3,high,low,22,19,12,3.588,8.258,-0.6875,-0.2703,0.8451,1.2339,-0.8359,0.6029,0.4922,-0.078,0.0,0.0,0.3333333333333333
R_4dwWNmhLqVCdg65,SK-A-261,7,none,2,-3.5,3.8439,6.0,yes,4.0,4.0,1.0,0.5,-0.3874347530096192,-1.3874347530096192,0.6125652469903808,low,0.7143,-0.3275,-1.3275,0.6725,low,1.25,1.46,55-64 years old,Male,"No, I am not colourblind",421,100,True,27,yes,yes,yes,yes,,low_sem_low_perc,Q4,low,low,9,8,7,4.292,16.828,-0.2562,-0.9292,-0.8623,-0.3834,0.9841,-0.725,0.1278,-0.078,0.0,0.0,0.3333333333333333
R_4dwWNmhLqVCdg65,SK-A-87,8,ai,10,4.5,11.8439,2.0,yes,8.0,-8.0,1.0,0.5,-0.3874347530096192,-1.3874347530096192,0.6125652469903808,low,0.7143,-0.3275,-1.3275,0.6725,low,1.25,1.46,55-64 years old,Male,"No, I am not colourblind",421,100,True,27,yes,yes,yes,yes,,low_sem_low_perc,Q4,low,low,16,9,4,1.284,3.991,-2.099,-0.5744,-0.7071,-1.3537,-1.742,-0.8784,0.5278,-0.078,0.0,0.0,0.3333333333333333
R_4dwWNmhLqVCdg65,SK-C-153,9,human,3,-2.5,-2.1561,7.0,yes,4.0,4.0,1.0,0.5,-0.3874347530096192,-1.3874347530096192,0.6125652469903808,low,0.7143,-0.3275,-1.3275,0.6725,low,1.25,1.46,55-64 years old,Male,"No, I am not colourblind",421,100,True,27,yes,yes,yes,yes,,low_sem_high_perc,Q2,low,high,14,12,8,6.72,23.164,1.2313,-0.6758,-0.2415,-0.0599,2.3297,-0.3257,0.2978,-0.078,0.0,0.0,0.3333333333333333
R_4dwWNmhLqVCdg65,SK-A-388,10,human,6,0.5,-8.1561,4.0,yes,2.0,-2.0,1.0,0.5,-0.3874347530096192,-1.3874347530096192,0.6125652469903808,low,0.7143,-0.3275,-1.3275,0.6725,low,1.25,1.46,55-64 years old,Male,"No, I am not colourblind",421,100,True,27,yes,yes,yes,yes,,high_sem_low_perc,Q3,high,low,52,24,12,4.026,10.43,-0.4191,1.2502,1.6212,1.2339,-0.3746,1.3684,0.1145,-0.078,0.0,0.0,0.3333333333333333
R_4dwWNmhLqVCdg65,SK-A-3023,11,human,2,-3.5,3.8439,4.0,yes,2.0,2.0,1.0,0.5,-0.3874347530096192,-1.3874347530096192,0.6125652469903808,low,0.7143,-0.3275,-1.3275,0.6725,low,1.25,1.46,55-64 years old,Male,"No, I am not colourblind",421,100,True,27,yes,yes,yes,yes,,high_sem_low_perc,Q3,high,low,24,9,6,2.609,6.171,-1.2873,-0.169,-0.7071,-0.7068,-1.2791,-0.5276,-0.4284,-0.078,0.0,0.0,0.3333333333333333
R_4dwWNmhLqVCdg65,SK-A-1756,12,ai,5,-0.5,-8.1561,4.0,yes,1.0,-1.0,1.0,0.5,-0.3874347530096192,-1.3874347530096192,0.6125652469903808,low,0.7143,-0.3275,-1.3275,0.6725,low,1.25,1.46,55-64 years old,Male,"No, I am not colourblind",421,100,True,27,yes,yes,yes,yes,,high_sem_high_perc,Q1,high,high,20,12,9,5.001,12.19,0.1782,-0.3717,-0.2415,0.2636,-0.0008,-0.1165,-1.106,-0.078,0.0,0.0,0.3333333333333333
R_4dwWNmhLqVCdg65,SK-A-4717,13,ai,6,0.5,-8.1561,6.0,yes,0.0,0.0,1.0,0.5,-0.3874347530096192,-1.3874347530096192,0.6125652469903808,low,0.7143,-0.3275,-1.3275,0.6725,low,1.25,1.46,55-64 years old,Male,"No, I am not colourblind",421,100,True,27,yes,yes,yes,yes,,low_sem_high_perc,Q2,low,high,12,10,9,6.171,17.158,0.895,-0.7772,-0.5519,0.2636,1.0542,-0.3552,-0.0167,-0.078,0.0,0.0,0.3333333333333333
R_4dwWNmhLqVCdg65,SK-A-4469,14,human,7,1.5,-6.1561,6.0,yes,1.0,-1.0,1.0,0.5,-0.3874347530096192,-1.3874347530096192,0.6125652469903808,low,0.7143,-0.3275,-1.3275,0.6725,low,1.25,1.46,55-64 years old,Male,"No, I am not colourblind",421,100,True,27,yes,yes,yes,yes,,high_sem_high_perc,Q1,high,high,31,11,6,6.128,21.628,0.8686,0.1858,-0.3967,-0.7068,2.0035,-0.3059,-0.9165,-0.078,0.0,0.0,0.3333333333333333
R_4dwWNmhLqVCdg65,SK-A-1574,15,ai,5,-0.5,-8.1561,3.0,yes,2.0,-2.0,1.0,0.5,-0.3874347530096192,-1.3874347530096192,0.6125652469903808,low,0.7143,-0.3275,-1.3275,0.6725,low,1.25,1.46,55-64 years old,Male,"No, I am not colourblind",421,100,True,27,yes,yes,yes,yes,,high_sem_high_perc,Q1,high,high,41,19,10,6.451,10.977,1.0665,0.6927,0.8451,0.587,-0.2584,0.7083,-1.9879,-0.078,0.0,0.0,0.3333333333333333
R_4dwWNmhLqVCdg65,SK-A-1684,16,ai,1,-4.5,11.8439,5.0,yes,4.0,4.0,1.0,0.5,-0.3874347530096192,-1.3874347530096192,0.6125652469903808,low,0.7143,-0.3275,-1.3275,0.6725,low,1.25,1.46,55-64 years old,Male,"No, I am not colourblind",421,100,True,27,yes,yes,yes,yes,,low_sem_low_perc,Q4,low,low,7,6,5,1.478,7.119,-1.9802,-1.0306,-1.1728,-1.0303,-1.0777,-1.0779,1.5061,-0.078,0.0,0.0,0.3333333333333333
R_4dwWNmhLqVCdg65,SK-A-1940,17,human,6,0.5,-8.1561,5.0,yes,1.0,-1.0,1.0,0.5,-0.3874347530096192,-1.3874347530096192,0.6125652469903808,low,0.7143,-0.3275,-1.3275,0.6725,low,1.25,1.46,55-64 years old,Male,"No, I am not colourblind",421,100,True,27,yes,yes,yes,yes,,high_sem_high_perc,Q1,high,high,39,23,10,7.148,15.116,1.4935,0.5913,1.466,0.587,0.6205,0.8814,-0.3461,-0.078,0.0,0.0,0.3333333333333333
R_4dwWNmhLqVCdg65,SK-A-1403,18,human,8,2.5,-2.1561,7.0,yes,1.0,-1.0,1.0,0.5,-0.3874347530096192,-1.3874347530096192,0.6125652469903808,low,0.7143,-0.3275,-1.3275,0.6725,low,1.25,1.46,55-64 years old,Male,"No, I am not colourblind",421,100,True,27,yes,yes,yes,yes,,high_sem_high_perc,Q1,high,high,69,22,13,5.281,17.539,0.3497,2.1119,1.3107,1.5574,1.1351,1.66,0.7811,-0.078,0.0,0.0,0.3333333333333333
R_4dwWNmhLqVCdg65,SK-A-2110,19,ai,2,-3.5,3.8439,6.0,yes,4.0,4.0,1.0,0.5,-0.3874347530096192,-1.3874347530096192,0.6125652469903808,low,0.7143,-0.3275,-1.3275,0.6725,low,1.25,1.46,55-64 years old,Male,"No, I am not colourblind",421,100,True,27,yes,yes,yes,yes,,high_sem_low_perc,Q3,high,low,29,17,13,4.449,10.91,-0.16,0.0845,0.5346,1.5574,-0.2727,0.7255,0.9709,-0.078,0.0,0.0,0.3333333333333333
R_4dwWNmhLqVCdg65,SK-A-1298,20,none,10,4.5,11.8439,6.0,yes,4.0,-4.0,1.0,0.5,-0.3874347530096192,-1.3874347530096192,0.6125652469903808,low,0.7143,-0.3275,-1.3275,0.6725,low,1.25,1.46,55-64 years old,Male,"No, I am not colourblind",421,100,True,27,yes,yes,yes,yes,,low_sem_high_perc,Q2,low,high,13,4,3,6.345,12.638,1.0016,-0.7265,-1.4832,-1.6772,0.0943,-1.2956,-1.1122,-0.078,0.0,0.0,0.3333333333333333
R_4dwWNmhLqVCdg65,SK-A-232,21,human,5,-0.5,-8.1561,4.0,yes,1.0,-1.0,1.0,0.5,-0.3874347530096192,-1.3874347530096192,0.6125652469903808,low,0.7143,-0.3275,-1.3275,0.6725,low,1.25,1.46,55-64 years old,Male,"No, I am not colourblind",421,100,True,27,yes,yes,yes,yes,,high_sem_low_perc,Q3,high,low,76,16,8,2.204,6.579,-1.5354,2.4667,0.3794,-0.0599,-1.1924,0.9287,0.1549,-0.078,0.0,0.0,0.3333333333333333
R_4dwWNmhLqVCdg65,SK-A-62,22,none,4,-1.5,-6.1561,6.0,yes,2.0,2.0,1.0,0.5,-0.3874347530096192,-1.3874347530096192,0.6125652469903808,low,0.7143,-0.3275,-1.3275,0.6725,low,1.25,1.46,55-64 years old,Male,"No, I am not colourblind",421,100,True,27,yes,yes,yes,yes,,low_sem_low_perc,Q4,low,low,6,4,4,4.61,10.563,-0.0614,-1.0813,-1.4832,-1.3537,-0.3464,-1.3061,-1.366,-0.078,0.0,0.0,0.3333333333333333
R_4dwWNmhLqVCdg65,SK-C-95,23,human,7,1.5,-6.1561,6.0,yes,1.0,-1.0,1.0,0.5,-0.3874347530096192,-1.3874347530096192,0.6125652469903808,low,0.7143,-0.3275,-1.3275,0.6725,low,1.25,1.46,55-64 years old,Male,"No, I am not colourblind",421,100,True,27,yes,yes,yes,yes,,low_sem_high_perc,Q2,low,high,12,10,6,5.078,11.141,0.2254,-0.7772,-0.5519,-0.7068,-0.2236,-0.6786,0.0208,-0.078,0.0,0.0,0.3333333333333333
R_4dwWNmhLqVCdg65,SK-A-1906,24,none,8,2.5,-2.1561,7.0,yes,1.0,-1.0,1.0,0.5,-0.3874347530096192,-1.3874347530096192,0.6125652469903808,low,0.7143,-0.3275,-1.3275,0.6725,low,1.25,1.46,55-64 years old,Male,"No, I am not colourblind",421,100,True,27,yes,yes,yes,yes,,high_sem_low_perc,Q3,high,low,43,16,11,4.708,19.343,-0.0013,0.7941,0.3794,0.9105,1.5182,0.6947,0.4853,-0.078,0.0,0.0,0.3333333333333333
R_4dwWNmhLqVCdg65,SK-A-2320 B,25,none,7,1.5,-6.1561,4.0,yes,3.0,-3.0,1.0,0.5,-0.3874347530096192,-1.3874347530096192,0.6125652469903808,low,0.7143,-0.3275,-1.3275,0.6725,low,1.25,1.46,55-64 years old,Male,"No, I am not colourblind",421,100,True,27,yes,yes,yes,yes,,low_sem_high_perc,Q2,low,high,11,7,4,4.974,8.222,0.1616,-0.8279,-1.0175,-1.3537,-0.8435,-1.0664,0.3704,-0.078,0.0,0.0,0.3333333333333333
R_4dwWNmhLqVCdg65,SK-A-864,26,ai,6,0.5,-8.1561,8.0,yes,2.0,2.0,1.0,0.5,-0.3874347530096192,-1.3874347530096192,0.6125652469903808,low,0.7143,-0.3275,-1.3275,0.6725,low,1.25,1.46,55-64 years old,Male,"No, I am not colourblind",421,100,True,27,yes,yes,yes,yes,,high_sem_high_perc,Q1,high,high,66,28,11,8.181,13.079,2.1264,1.9598,2.242,0.9105,0.188,1.7041,1.4922,-0.078,0.0,0.0,0.3333333333333333
R_4dwWNmhLqVCdg65,SK-A-3297,27,none,3,-2.5,-2.1561,3.0,yes,0.0,0.0,1.0,0.5,-0.3874347530096192,-1.3874347530096192,0.6125652469903808,low,0.7143,-0.3275,-1.3275,0.6725,low,1.25,1.46,55-64 years old,Male,"No, I am not colourblind",421,100,True,27,yes,yes,yes,yes,,low_sem_low_perc,Q4,low,low,17,10,7,4.118,13.599,-0.3628,-0.5237,-0.5519,-0.3834,0.2984,-0.4863,-0.4879,-0.078,0.0,0.0,0.3333333333333333
R_2je1DFVl0Y7F64V,SK-C-1215,1,ai,9,3.5,3.8439,6.0,yes,3.0,-3.0,1.0,0.5,-0.3874347530096192,-1.3874347530096192,0.6125652469903808,low,0.5714,-0.6227,-1.6227,0.3773,low,0.25,-0.5878,25-34 years old,Female,"No, I am not colourblind",492,100,True,27,yes,yes,yes,yes,,high_sem_high_perc,Q1,high,high,24,14,8,5.533,8.134,0.5041,-0.169,0.069,-0.0599,-0.8622,-0.0533,-0.0772,0.0331,1.0,1.0,0.6666666666666666
R_2je1DFVl0Y7F64V,SK-A-388,2,none,9,3.5,3.8439,6.0,yes,3.0,-3.0,1.0,0.5,-0.3874347530096192,-1.3874347530096192,0.6125652469903808,low,0.5714,-0.6227,-1.6227,0.3773,low,0.25,-0.5878,25-34 years old,Female,"No, I am not colourblind",492,100,True,27,yes,yes,yes,yes,,high_sem_low_perc,Q3,high,low,52,24,12,4.026,10.43,-0.4191,1.2502,1.6212,1.2339,-0.3746,1.3684,0.1145,0.0331,1.0,1.0,0.6666666666666666
R_2je1DFVl0Y7F64V,SK-A-232,3,none,5,-0.5,-8.1561,7.0,yes,2.0,2.0,1.0,0.5,-0.3874347530096192,-1.3874347530096192,0.6125652469903808,low,0.5714,-0.6227,-1.6227,0.3773,low,0.25,-0.5878,25-34 years old,Female,"No, I am not colourblind",492,100,True,27,yes,yes,yes,yes,,high_sem_low_perc,Q3,high,low,76,16,8,2.204,6.579,-1.5354,2.4667,0.3794,-0.0599,-1.1924,0.9287,0.1549,0.0331,1.0,1.0,0.6666666666666666
R_2je1DFVl0Y7F64V,SK-C-243,4,human,4,-1.5,-6.1561,5.0,yes,1.0,1.0,1.0,0.5,-0.3874347530096192,-1.3874347530096192,0.6125652469903808,low,0.5714,-0.6227,-1.6227,0.3773,low,0.25,-0.5878,25-34 years old,Female,"No, I am not colourblind",492,100,True,27,yes,yes,yes,yes,,low_sem_low_perc,Q4,low,low,14,12,6,4.052,8.426,-0.4032,-0.6758,-0.2415,-0.7068,-0.8002,-0.5414,0.1632,0.0331,1.0,1.0,0.6666666666666666
R_2je1DFVl0Y7F64V,SK-A-2320 A,5,human,5,-0.5,-8.1561,5.0,yes,0.0,0.0,1.0,0.5,-0.3874347530096192,-1.3874347530096192,0.6125652469903808,low,0.5714,-0.6227,-1.6227,0.3773,low,0.25,-0.5878,25-34 years old,Female,"No, I am not colourblind",492,100,True,27,yes,yes,yes,yes,,high_sem_low_perc,Q3,high,low,47,24,14,4.652,11.926,-0.0356,0.9968,1.6212,1.8808,-0.0569,1.4996,0.4324,0.0331,1.0,1.0,0.6666666666666666
R_2je1DFVl0Y7F64V,SK-A-1940,6,human,7,1.5,-6.1561,2.0,yes,5.0,-5.0,1.0,0.5,-0.3874347530096192,-1.3874347530096192,0.6125652469903808,low,0.5714,-0.6227,-1.6227,0.3773,low,0.25,-0.5878,25-34 years old,Female,"No, I am not colourblind",492,100,True,27,yes,yes,yes,yes,,high_sem_high_perc,Q1,high,high,39,23,10,7.148,15.116,1.4935,0.5913,1.466,0.587,0.6205,0.8814,-0.3461,0.0331,1.0,1.0,0.6666666666666666
R_2je1DFVl0Y7F64V,SK-A-1684,7,none,5,-0.5,-8.1561,8.0,yes,3.0,3.0,1.0,0.5,-0.3874347530096192,-1.3874347530096192,0.6125652469903808,low,0.5714,-0.6227,-1.6227,0.3773,low,0.25,-0.5878,25-34 years old,Female,"No, I am not colourblind",492,100,True,27,yes,yes,yes,yes,,low_sem_low_perc,Q4,low,low,7,6,5,1.478,7.119,-1.9802,-1.0306,-1.1728,-1.0303,-1.0777,-1.0779,1.5061,0.0331,1.0,1.0,0.6666666666666666
R_2je1DFVl0Y7F64V,SK-A-1403,8,ai,4,-1.5,-6.1561,7.0,yes,3.0,3.0,1.0,0.5,-0.3874347530096192,-1.3874347530096192,0.6125652469903808,low,0.5714,-0.6227,-1.6227,0.3773,low,0.25,-0.5878,25-34 years old,Female,"No, I am not colourblind",492,100,True,27,yes,yes,yes,yes,,high_sem_high_perc,Q1,high,high,69,22,13,5.281,17.539,0.3497,2.1119,1.3107,1.5574,1.1351,1.66,0.7811,0.0331,1.0,1.0,0.6666666666666666
R_2je1DFVl0Y7F64V,SK-A-864,9,none,7,1.5,-6.1561,8.0,yes,1.0,1.0,1.0,0.5,-0.3874347530096192,-1.3874347530096192,0.6125652469903808,low,0.5714,-0.6227,-1.6227,0.3773,low,0.25,-0.5878,25-34 years old,Female,"No, I am not colourblind",492,100,True,27,yes,yes,yes,yes,,high_sem_high_perc,Q1,high,high,66,28,11,8.181,13.079,2.1264,1.9598,2.242,0.9105,0.188,1.7041,1.4922,0.0331,1.0,1.0,0.6666666666666666
R_2je1DFVl0Y7F64V,SK-A-1574,10,ai,5,-0.5,-8.1561,2.0,yes,3.0,-3.0,1.0,0.5,-0.3874347530096192,-1.3874347530096192,0.6125652469903808,low,0.5714,-0.6227,-1.6227,0.3773,low,0.25,-0.5878,25-34 years old,Female,"No, I am not colourblind",492,100,True,27,yes,yes,yes,yes,,high_sem_high_perc,Q1,high,high,41,19,10,6.451,10.977,1.0665,0.6927,0.8451,0.587,-0.2584,0.7083,-1.9879,0.0331,1.0,1.0,0.6666666666666666
R_2je1DFVl0Y7F64V,SK-A-87,11,human,6,0.5,-8.1561,6.0,yes,0.0,0.0,1.0,0.5,-0.3874347530096192,-1.3874347530096192,0.6125652469903808,low,0.5714,-0.6227,-1.6227,0.3773,low,0.25,-0.5878,25-34 years old,Female,"No, I am not colourblind",492,100,True,27,yes,yes,yes,yes,,low_sem_low_perc,Q4,low,low,16,9,4,1.284,3.991,-2.099,-0.5744,-0.7071,-1.3537,-1.742,-0.8784,0.5278,0.0331,1.0,1.0,0.6666666666666666
R_2je1DFVl0Y7F64V,SK-A-62,12,none,5,-0.5,-8.1561,3.0,yes,2.0,-2.0,1.0,0.5,-0.3874347530096192,-1.3874347530096192,0.6125652469903808,low,0.5714,-0.6227,-1.6227,0.3773,low,0.25,-0.5878,25-34 years old,Female,"No, I am not colourblind",492,100,True,27,yes,yes,yes,yes,,low_sem_low_perc,Q4,low,low,6,4,4,4.61,10.563,-0.0614,-1.0813,-1.4832,-1.3537,-0.3464,-1.3061,-1.366,0.0331,1.0,1.0,0.6666666666666666
R_2je1DFVl0Y7F64V,SK-A-4717,13,ai,6,0.5,-8.1561,1.0,yes,5.0,-5.0,1.0,0.5,-0.3874347530096192,-1.3874347530096192,0.6125652469903808,low,0.5714,-0.6227,-1.6227,0.3773,low,0.25,-0.5878,25-34 years old,Female,"No, I am not colourblind",492,100,True,27,yes,yes,yes,yes,,low_sem_high_perc,Q2,low,high,12,10,9,6.171,17.158,0.895,-0.7772,-0.5519,0.2636,1.0542,-0.3552,-0.0167,0.0331,1.0,1.0,0.6666666666666666
R_2je1DFVl0Y7F64V,SK-C-153,14,ai,2,-3.5,3.8439,6.0,yes,4.0,4.0,1.0,0.5,-0.3874347530096192,-1.3874347530096192,0.6125652469903808,low,0.5714,-0.6227,-1.6227,0.3773,low,0.25,-0.5878,25-34 years old,Female,"No, I am not colourblind",492,100,True,27,yes,yes,yes,yes,,low_sem_high_perc,Q2,low,high,14,12,8,6.72,23.164,1.2313,-0.6758,-0.2415,-0.0599,2.3297,-0.3257,0.2978,0.0331,1.0,1.0,0.6666666666666666
R_2je1DFVl0Y7F64V,SK-A-3023,15,ai,9,3.5,3.8439,4.0,yes,5.0,-5.0,1.0,0.5,-0.3874347530096192,-1.3874347530096192,0.6125652469903808,low,0.5714,-0.6227,-1.6227,0.3773,low,0.25,-0.5878,25-34 years old,Female,"No, I am not colourblind",492,100,True,27,yes,yes,yes,yes,,high_sem_low_perc,Q3,high,low,24,9,6,2.609,6.171,-1.2873,-0.169,-0.7071,-0.7068,-1.2791,-0.5276,-0.4284,0.0331,1.0,1.0,0.6666666666666666
R_2je1DFVl0Y7F64V,SK-A-3297,16,human,1,-4.5,11.8439,7.0,yes,6.0,6.0,1.0,0.5,-0.3874347530096192,-1.3874347530096192,0.6125652469903808,low,0.5714,-0.6227,-1.6227,0.3773,low,0.25,-0.5878,25-34 years old,Female,"No, I am not colourblind",492,100,True,27,yes,yes,yes,yes,,low_sem_low_perc,Q4,low,low,17,10,7,4.118,13.599,-0.3628,-0.5237,-0.5519,-0.3834,0.2984,-0.4863,-0.4879,0.0331,1.0,1.0,0.6666666666666666
R_2je1DFVl0Y7F64V,SK-A-261,17,none,3,-2.5,-2.1561,2.0,yes,1.0,-1.0,1.0,0.5,-0.3874347530096192,-1.3874347530096192,0.6125652469903808,low,0.5714,-0.6227,-1.6227,0.3773,low,0.25,-0.5878,25-34 years old,Female,"No, I am not colourblind",492,100,True,27,yes,yes,yes,yes,,low_sem_low_perc,Q4,low,low,9,8,7,4.292,16.828,-0.2562,-0.9292,-0.8623,-0.3834,0.9841,-0.725,0.1278,0.0331,1.0,1.0,0.6666666666666666
R_2je1DFVl0Y7F64V,SK-A-298,18,ai,1,-4.5,11.8439,4.0,yes,3.0,3.0,1.0,0.5,-0.3874347530096192,-1.3874347530096192,0.6125652469903808,low,0.5714,-0.6227,-1.6227,0.3773,low,0.25,-0.5878,25-34 years old,Female,"No, I am not colourblind",492,100,True,27,yes,yes,yes,yes,,high_sem_low_perc,Q3,high,low,22,19,12,3.588,8.258,-0.6875,-0.2703,0.8451,1.2339,-0.8359,0.6029,0.4922,0.0331,1.0,1.0,0.6666666666666666
R_2je1DFVl0Y7F64V,SK-A-1298,19,none,6,0.5,-8.1561,1.0,yes,5.0,-5.0,1.0,0.5,-0.3874347530096192,-1.3874347530096192,0.6125652469903808,low,0.5714,-0.6227,-1.6227,0.3773,low,0.25,-0.5878,25-34 years old,Female,"No, I am not colourblind",492,100,True,27,yes,yes,yes,yes,,low_sem_high_perc,Q2,low,high,13,4,3,6.345,12.638,1.0016,-0.7265,-1.4832,-1.6772,0.0943,-1.2956,-1.1122,0.0331,1.0,1.0,0.6666666666666666
R_2je1DFVl0Y7F64V,SK-A-1756,20,human,8,2.5,-2.1561,0.0,yes,8.0,-8.0,1.0,0.5,-0.3874347530096192,-1.3874347530096192,0.6125652469903808,low,0.5714,-0.6227,-1.6227,0.3773,low,0.25,-0.5878,25-34 years old,Female,"No, I am not colourblind",492,100,True,27,yes,yes,yes,yes,,high_sem_high_perc,Q1,high,high,20,12,9,5.001,12.19,0.1782,-0.3717,-0.2415,0.2636,-0.0008,-0.1165,-1.106,0.0331,1.0,1.0,0.6666666666666666
R_2je1DFVl0Y7F64V,SK-A-2110,21,human,4,-1.5,-6.1561,7.0,yes,3.0,3.0,1.0,0.5,-0.3874347530096192,-1.3874347530096192,0.6125652469903808,low,0.5714,-0.6227,-1.6227,0.3773,low,0.25,-0.5878,25-34 years old,Female,"No, I am not colourblind",492,100,True,27,yes,yes,yes,yes,,high_sem_low_perc,Q3,high,low,29,17,13,4.449,10.91,-0.16,0.0845,0.5346,1.5574,-0.2727,0.7255,0.9709,0.0331,1.0,1.0,0.6666666666666666
R_2je1DFVl0Y7F64V,SK-C-95,22,human,8,2.5,-2.1561,5.0,yes,3.0,-3.0,1.0,0.5,-0.3874347530096192,-1.3874347530096192,0.6125652469903808,low,0.5714,-0.6227,-1.6227,0.3773,low,0.25,-0.5878,25-34 years old,Female,"No, I am not colourblind",492,100,True,27,yes,yes,yes,yes,,low_sem_high_perc,Q2,low,high,12,10,6,5.078,11.141,0.2254,-0.7772,-0.5519,-0.7068,-0.2236,-0.6786,0.0208,0.0331,1.0,1.0,0.6666666666666666
R_2je1DFVl0Y7F64V,SK-A-4469,23,ai,3,-2.5,-2.1561,2.0,yes,1.0,-1.0,1.0,0.5,-0.3874347530096192,-1.3874347530096192,0.6125652469903808,low,0.5714,-0.6227,-1.6227,0.3773,low,0.25,-0.5878,25-34 years old,Female,"No, I am not colourblind",492,100,True,27,yes,yes,yes,yes,,high_sem_high_perc,Q1,high,high,31,11,6,6.128,21.628,0.8686,0.1858,-0.3967,-0.7068,2.0035,-0.3059,-0.9165,0.0331,1.0,1.0,0.6666666666666666
R_2je1DFVl0Y7F64V,SK-A-110,24,human,8,2.5,-2.1561,1.0,yes,7.0,-7.0,1.0,0.5,-0.3874347530096192,-1.3874347530096192,0.6125652469903808,low,0.5714,-0.6227,-1.6227,0.3773,low,0.25,-0.5878,25-34 years old,Female,"No, I am not colourblind",492,100,True,27,yes,yes,yes,yes,,low_sem_high_perc,Q2,low,high,9,7,5,5.104,15.147,0.2413,-0.9292,-1.0175,-1.0303,0.6271,-0.9923,0.0078,0.0331,1.0,1.0,0.6666666666666666
R_2je1DFVl0Y7F64V,SK-A-1906,25,none,8,2.5,-2.1561,7.0,yes,1.0,-1.0,1.0,0.5,-0.3874347530096192,-1.3874347530096192,0.6125652469903808,low,0.5714,-0.6227,-1.6227,0.3773,low,0.25,-0.5878,25-34 years old,Female,"No, I am not colourblind",492,100,True,27,yes,yes,yes,yes,,high_sem_low_perc,Q3,high,low,43,16,11,4.708,19.343,-0.0013,0.7941,0.3794,0.9105,1.5182,0.6947,0.4853,0.0331,1.0,1.0,0.6666666666666666
R_2je1DFVl0Y7F64V,SK-A-1713,26,none,9,3.5,3.8439,3.0,yes,6.0,-6.0,1.0,0.5,-0.3874347530096192,-1.3874347530096192,0.6125652469903808,low,0.5714,-0.6227,-1.6227,0.3773,low,0.25,-0.5878,25-34 years old,Female,"No, I am not colourblind",492,100,True,27,yes,yes,yes,yes,,low_sem_low_perc,Q4,low,low,15,13,10,2.989,8.961,-1.0545,-0.6251,-0.0862,0.587,-0.6866,-0.0414,-0.1003,0.0331,1.0,1.0,0.6666666666666666
R_2je1DFVl0Y7F64V,SK-A-2320 B,27,ai,7,1.5,-6.1561,7.0,yes,0.0,0.0,1.0,0.5,-0.3874347530096192,-1.3874347530096192,0.6125652469903808,low,0.5714,-0.6227,-1.6227,0.3773,low,0.25,-0.5878,25-34 years old,Female,"No, I am not colourblind",492,100,True,27,yes,yes,yes,yes,,low_sem_high_perc,Q2,low,high,11,7,4,4.974,8.222,0.1616,-0.8279,-1.0175,-1.3537,-0.8435,-1.0664,0.3704,0.0331,1.0,1.0,0.6666666666666666
R_8jeSi3n9R7bzzlC,SK-A-232,1,human,7,1.5,-6.1561,2.0,yes,5.0,-5.0,1.0,0.1666666666666666,-1.049302456067719,-2.049302456067719,-0.0493024560677191,low,0.1429,-1.5079,-2.5079,-0.5079,low,0.25,-0.5878,45-54 years old,Male,"No, I am not colourblind",356,100,True,27,yes,yes,yes,yes,,high_sem_low_perc,Q3,high,low,76,16,8,2.204,6.579,-1.5354,2.4667,0.3794,-0.0599,-1.1924,0.9287,0.1549,-2.1892,0.0,0.5,0.3333333333333333
R_8jeSi3n9R7bzzlC,SK-A-864,2,ai,2,-3.5,3.8439,3.0,yes,1.0,1.0,1.0,0.1666666666666666,-1.049302456067719,-2.049302456067719,-0.0493024560677191,low,0.1429,-1.5079,-2.5079,-0.5079,low,0.25,-0.5878,45-54 years old,Male,"No, I am not colourblind",356,100,True,27,yes,yes,yes,yes,,high_sem_high_perc,Q1,high,high,66,28,11,8.181,13.079,2.1264,1.9598,2.242,0.9105,0.188,1.7041,1.4922,-2.1892,0.0,0.5,0.3333333333333333
R_8jeSi3n9R7bzzlC,SK-C-243,3,human,3,-2.5,-2.1561,7.0,yes,4.0,4.0,1.0,0.1666666666666666,-1.049302456067719,-2.049302456067719,-0.0493024560677191,low,0.1429,-1.5079,-2.5079,-0.5079,low,0.25,-0.5878,45-54 years old,Male,"No, I am not colourblind",356,100,True,27,yes,yes,yes,yes,,low_sem_low_perc,Q4,low,low,14,12,6,4.052,8.426,-0.4032,-0.6758,-0.2415,-0.7068,-0.8002,-0.5414,0.1632,-2.1892,0.0,0.5,0.3333333333333333
R_8jeSi3n9R7bzzlC,SK-A-298,4,human,6,0.5,-8.1561,2.0,yes,4.0,-4.0,1.0,0.1666666666666666,-1.049302456067719,-2.049302456067719,-0.0493024560677191,low,0.1429,-1.5079,-2.5079,-0.5079,low,0.25,-0.5878,45-54 years old,Male,"No, I am not colourblind",356,100,True,27,yes,yes,yes,yes,,high_sem_low_perc,Q3,high,low,22,19,12,3.588,8.258,-0.6875,-0.2703,0.8451,1.2339,-0.8359,0.6029,0.4922,-2.1892,0.0,0.5,0.3333333333333333
R_8jeSi3n9R7bzzlC,SK-A-261,5,ai,6,0.5,-8.1561,4.0,yes,2.0,-2.0,1.0,0.1666666666666666,-1.049302456067719,-2.049302456067719,-0.0493024560677191,low,0.1429,-1.5079,-2.5079,-0.5079,low,0.25,-0.5878,45-54 years old,Male,"No, I am not colourblind",356,100,True,27,yes,yes,yes,yes,,low_sem_low_perc,Q4,low,low,9,8,7,4.292,16.828,-0.2562,-0.9292,-0.8623,-0.3834,0.9841,-0.725,0.1278,-2.1892,0.0,0.5,0.3333333333333333
R_8jeSi3n9R7bzzlC,SK-A-110,6,human,3,-2.5,-2.1561,3.0,yes,0.0,0.0,1.0,0.1666666666666666,-1.049302456067719,-2.049302456067719,-0.0493024560677191,low,0.1429,-1.5079,-2.5079,-0.5079,low,0.25,-0.5878,45-54 years old,Male,"No, I am not colourblind",356,100,True,27,yes,yes,yes,yes,,low_sem_high_perc,Q2,low,high,9,7,5,5.104,15.147,0.2413,-0.9292,-1.0175,-1.0303,0.6271,-0.9923,0.0078,-2.1892,0.0,0.5,0.3333333333333333
R_8jeSi3n9R7bzzlC,SK-A-1403,7,human,5,-0.5,-8.1561,5.0,yes,0.0,0.0,1.0,0.1666666666666666,-1.049302456067719,-2.049302456067719,-0.0493024560677191,low,0.1429,-1.5079,-2.5079,-0.5079,low,0.25,-0.5878,45-54 years old,Male,"No, I am not colourblind",356,100,True,27,yes,yes,yes,yes,,high_sem_high_perc,Q1,high,high,69,22,13,5.281,17.539,0.3497,2.1119,1.3107,1.5574,1.1351,1.66,0.7811,-2.1892,0.0,0.5,0.3333333333333333
R_8jeSi3n9R7bzzlC,SK-C-153,8,ai,2,-3.5,3.8439,3.0,yes,1.0,1.0,1.0,0.1666666666666666,-1.049302456067719,-2.049302456067719,-0.0493024560677191,low,0.1429,-1.5079,-2.5079,-0.5079,low,0.25,-0.5878,45-54 years old,Male,"No, I am not colourblind",356,100,True,27,yes,yes,yes,yes,,low_sem_high_perc,Q2,low,high,14,12,8,6.72,23.164,1.2313,-0.6758,-0.2415,-0.0599,2.3297,-0.3257,0.2978,-2.1892,0.0,0.5,0.3333333333333333
R_8jeSi3n9R7bzzlC,SK-A-3023,9,ai,4,-1.5,-6.1561,3.0,yes,1.0,-1.0,1.0,0.1666666666666666,-1.049302456067719,-2.049302456067719,-0.0493024560677191,low,0.1429,-1.5079,-2.5079,-0.5079,low,0.25,-0.5878,45-54 years old,Male,"No, I am not colourblind",356,100,True,27,yes,yes,yes,yes,,high_sem_low_perc,Q3,high,low,24,9,6,2.609,6.171,-1.2873,-0.169,-0.7071,-0.7068,-1.2791,-0.5276,-0.4284,-2.1892,0.0,0.5,0.3333333333333333
R_8jeSi3n9R7bzzlC,SK-A-1940,10,human,9,3.5,3.8439,3.0,yes,6.0,-6.0,1.0,0.1666666666666666,-1.049302456067719,-2.049302456067719,-0.0493024560677191,low,0.1429,-1.5079,-2.5079,-0.5079,low,0.25,-0.5878,45-54 years old,Male,"No, I am not colourblind",356,100,True,27,yes,yes,yes,yes,,high_sem_high_perc,Q1,high,high,39,23,10,7.148,15.116,1.4935,0.5913,1.466,0.587,0.6205,0.8814,-0.3461,-2.1892,0.0,0.5,0.3333333333333333
R_8jeSi3n9R7bzzlC,SK-C-95,11,human,4,-1.5,-6.1561,3.0,yes,1.0,-1.0,1.0,0.1666666666666666,-1.049302456067719,-2.049302456067719,-0.0493024560677191,low,0.1429,-1.5079,-2.5079,-0.5079,low,0.25,-0.5878,45-54 years old,Male,"No, I am not colourblind",356,100,True,27,yes,yes,yes,yes,,low_sem_high_perc,Q2,low,high,12,10,6,5.078,11.141,0.2254,-0.7772,-0.5519,-0.7068,-0.2236,-0.6786,0.0208,-2.1892,0.0,0.5,0.3333333333333333
R_8jeSi3n9R7bzzlC,SK-A-2320 B,12,none,1,-4.5,11.8439,3.0,yes,2.0,2.0,1.0,0.1666666666666666,-1.049302456067719,-2.049302456067719,-0.0493024560677191,low,0.1429,-1.5079,-2.5079,-0.5079,low,0.25,-0.5878,45-54 years old,Male,"No, I am not colourblind",356,100,True,27,yes,yes,yes,yes,,low_sem_high_perc,Q2,low,high,11,7,4,4.974,8.222,0.1616,-0.8279,-1.0175,-1.3537,-0.8435,-1.0664,0.3704,-2.1892,0.0,0.5,0.3333333333333333
R_8jeSi3n9R7bzzlC,SK-A-4469,13,none,3,-2.5,-2.1561,3.0,yes,0.0,0.0,1.0,0.1666666666666666,-1.049302456067719,-2.049302456067719,-0.0493024560677191,low,0.1429,-1.5079,-2.5079,-0.5079,low,0.25,-0.5878,45-54 years old,Male,"No, I am not colourblind",356,100,True,27,yes,yes,yes,yes,,high_sem_high_perc,Q1,high,high,31,11,6,6.128,21.628,0.8686,0.1858,-0.3967,-0.7068,2.0035,-0.3059,-0.9165,-2.1892,0.0,0.5,0.3333333333333333
R_8jeSi3n9R7bzzlC,SK-A-1684,14,ai,3,-2.5,-2.1561,3.0,yes,0.0,0.0,1.0,0.1666666666666666,-1.049302456067719,-2.049302456067719,-0.0493024560677191,low,0.1429,-1.5079,-2.5079,-0.5079,low,0.25,-0.5878,45-54 years old,Male,"No, I am not colourblind",356,100,True,27,yes,yes,yes,yes,,low_sem_low_perc,Q4,low,low,7,6,5,1.478,7.119,-1.9802,-1.0306,-1.1728,-1.0303,-1.0777,-1.0779,1.5061,-2.1892,0.0,0.5,0.3333333333333333
R_8jeSi3n9R7bzzlC,SK-A-2320 A,15,none,7,1.5,-6.1561,3.0,yes,4.0,-4.0,1.0,0.1666666666666666,-1.049302456067719,-2.049302456067719,-0.0493024560677191,low,0.1429,-1.5079,-2.5079,-0.5079,low,0.25,-0.5878,45-54 years old,Male,"No, I am not colourblind",356,100,True,27,yes,yes,yes,yes,,high_sem_low_perc,Q3,high,low,47,24,14,4.652,11.926,-0.0356,0.9968,1.6212,1.8808,-0.0569,1.4996,0.4324,-2.1892,0.0,0.5,0.3333333333333333
R_8jeSi3n9R7bzzlC,SK-C-1215,16,human,2,-3.5,3.8439,3.0,yes,1.0,1.0,1.0,0.1666666666666666,-1.049302456067719,-2.049302456067719,-0.0493024560677191,low,0.1429,-1.5079,-2.5079,-0.5079,low,0.25,-0.5878,45-54 years old,Male,"No, I am not colourblind",356,100,True,27,yes,yes,yes,yes,,high_sem_high_perc,Q1,high,high,24,14,8,5.533,8.134,0.5041,-0.169,0.069,-0.0599,-0.8622,-0.0533,-0.0772,-2.1892,0.0,0.5,0.3333333333333333
R_8jeSi3n9R7bzzlC,SK-A-388,17,ai,1,-4.5,11.8439,3.0,yes,2.0,2.0,1.0,0.1666666666666666,-1.049302456067719,-2.049302456067719,-0.0493024560677191,low,0.1429,-1.5079,-2.5079,-0.5079,low,0.25,-0.5878,45-54 years old,Male,"No, I am not colourblind",356,100,True,27,yes,yes,yes,yes,,high_sem_low_perc,Q3,high,low,52,24,12,4.026,10.43,-0.4191,1.2502,1.6212,1.2339,-0.3746,1.3684,0.1145,-2.1892,0.0,0.5,0.3333333333333333
R_8jeSi3n9R7bzzlC,SK-A-1906,18,none,5,-0.5,-8.1561,3.0,yes,2.0,-2.0,1.0,0.1666666666666666,-1.049302456067719,-2.049302456067719,-0.0493024560677191,low,0.1429,-1.5079,-2.5079,-0.5079,low,0.25,-0.5878,45-54 years old,Male,"No, I am not colourblind",356,100,True,27,yes,yes,yes,yes,,high_sem_low_perc,Q3,high,low,43,16,11,4.708,19.343,-0.0013,0.7941,0.3794,0.9105,1.5182,0.6947,0.4853,-2.1892,0.0,0.5,0.3333333333333333
R_8jeSi3n9R7bzzlC,SK-A-4717,19,none,8,2.5,-2.1561,3.0,yes,5.0,-5.0,1.0,0.1666666666666666,-1.049302456067719,-2.049302456067719,-0.0493024560677191,low,0.1429,-1.5079,-2.5079,-0.5079,low,0.25,-0.5878,45-54 years old,Male,"No, I am not colourblind",356,100,True,27,yes,yes,yes,yes,,low_sem_high_perc,Q2,low,high,12,10,9,6.171,17.158,0.895,-0.7772,-0.5519,0.2636,1.0542,-0.3552,-0.0167,-2.1892,0.0,0.5,0.3333333333333333
R_8jeSi3n9R7bzzlC,SK-A-1298,20,ai,9,3.5,3.8439,3.0,yes,6.0,-6.0,1.0,0.1666666666666666,-1.049302456067719,-2.049302456067719,-0.0493024560677191,low,0.1429,-1.5079,-2.5079,-0.5079,low,0.25,-0.5878,45-54 years old,Male,"No, I am not colourblind",356,100,True,27,yes,yes,yes,yes,,low_sem_high_perc,Q2,low,high,13,4,3,6.345,12.638,1.0016,-0.7265,-1.4832,-1.6772,0.0943,-1.2956,-1.1122,-2.1892,0.0,0.5,0.3333333333333333
R_8jeSi3n9R7bzzlC,SK-A-1713,21,human,5,-0.5,-8.1561,3.0,yes,2.0,-2.0,1.0,0.1666666666666666,-1.049302456067719,-2.049302456067719,-0.0493024560677191,low,0.1429,-1.5079,-2.5079,-0.5079,low,0.25,-0.5878,45-54 years old,Male,"No, I am not colourblind",356,100,True,27,yes,yes,yes,yes,,low_sem_low_perc,Q4,low,low,15,13,10,2.989,8.961,-1.0545,-0.6251,-0.0862,0.587,-0.6866,-0.0414,-0.1003,-2.1892,0.0,0.5,0.3333333333333333
R_8jeSi3n9R7bzzlC,SK-A-2110,22,none,10,4.5,11.8439,3.0,yes,7.0,-7.0,1.0,0.1666666666666666,-1.049302456067719,-2.049302456067719,-0.0493024560677191,low,0.1429,-1.5079,-2.5079,-0.5079,low,0.25,-0.5878,45-54 years old,Male,"No, I am not colourblind",356,100,True,27,yes,yes,yes,yes,,high_sem_low_perc,Q3,high,low,29,17,13,4.449,10.91,-0.16,0.0845,0.5346,1.5574,-0.2727,0.7255,0.9709,-2.1892,0.0,0.5,0.3333333333333333
R_8jeSi3n9R7bzzlC,SK-A-1574,23,none,4,-1.5,-6.1561,3.0,yes,1.0,-1.0,1.0,0.1666666666666666,-1.049302456067719,-2.049302456067719,-0.0493024560677191,low,0.1429,-1.5079,-2.5079,-0.5079,low,0.25,-0.5878,45-54 years old,Male,"No, I am not colourblind",356,100,True,27,yes,yes,yes,yes,,high_sem_high_perc,Q1,high,high,41,19,10,6.451,10.977,1.0665,0.6927,0.8451,0.587,-0.2584,0.7083,-1.9879,-2.1892,0.0,0.5,0.3333333333333333
R_8jeSi3n9R7bzzlC,SK-A-87,24,none,1,-4.5,11.8439,3.0,yes,2.0,2.0,1.0,0.1666666666666666,-1.049302456067719,-2.049302456067719,-0.0493024560677191,low,0.1429,-1.5079,-2.5079,-0.5079,low,0.25,-0.5878,45-54 years old,Male,"No, I am not colourblind",356,100,True,27,yes,yes,yes,yes,,low_sem_low_perc,Q4,low,low,16,9,4,1.284,3.991,-2.099,-0.5744,-0.7071,-1.3537,-1.742,-0.8784,0.5278,-2.1892,0.0,0.5,0.3333333333333333
R_8jeSi3n9R7bzzlC,SK-A-1756,25,none,7,1.5,-6.1561,1.0,yes,6.0,-6.0,1.0,0.1666666666666666,-1.049302456067719,-2.049302456067719,-0.0493024560677191,low,0.1429,-1.5079,-2.5079,-0.5079,low,0.25,-0.5878,45-54 years old,Male,"No, I am not colourblind",356,100,True,27,yes,yes,yes,yes,,high_sem_high_perc,Q1,high,high,20,12,9,5.001,12.19,0.1782,-0.3717,-0.2415,0.2636,-0.0008,-0.1165,-1.106,-2.1892,0.0,0.5,0.3333333333333333
R_8jeSi3n9R7bzzlC,SK-A-3297,26,ai,9,3.5,3.8439,1.0,yes,8.0,-8.0,1.0,0.1666666666666666,-1.049302456067719,-2.049302456067719,-0.0493024560677191,low,0.1429,-1.5079,-2.5079,-0.5079,low,0.25,-0.5878,45-54 years old,Male,"No, I am not colourblind",356,100,True,27,yes,yes,yes,yes,,low_sem_low_perc,Q4,low,low,17,10,7,4.118,13.599,-0.3628,-0.5237,-0.5519,-0.3834,0.2984,-0.4863,-0.4879,-2.1892,0.0,0.5,0.3333333333333333
R_8jeSi3n9R7bzzlC,SK-A-62,27,ai,2,-3.5,3.8439,2.0,yes,0.0,0.0,1.0,0.1666666666666666,-1.049302456067719,-2.049302456067719,-0.0493024560677191,low,0.1429,-1.5079,-2.5079,-0.5079,low,0.25,-0.5878,45-54 years old,Male,"No, I am not colourblind",356,100,True,27,yes,yes,yes,yes,,low_sem_low_perc,Q4,low,low,6,4,4,4.61,10.563,-0.0614,-1.0813,-1.4832,-1.3537,-0.3464,-1.3061,-1.366,-2.1892,0.0,0.5,0.3333333333333333
R_20k4DqT2gbaTZGb,SK-A-1403,1,ai,7,1.5,-6.1561,8.0,yes,1.0,1.0,1.0,0.1666666666666666,-1.049302456067719,-2.049302456067719,-0.0493024560677191,low,0.1429,-1.5079,-2.5079,-0.5079,low,0.625,0.1801,18-24 years old,Male,"No, I am not colourblind",412,100,True,27,yes,yes,yes,yes,,high_sem_high_perc,Q1,high,high,69,22,13,5.281,17.539,0.3497,2.1119,1.3107,1.5574,1.1351,1.66,0.7811,-2.078,0.0,0.0,0.0
R_20k4DqT2gbaTZGb,SK-A-110,2,human,3,-2.5,-2.1561,6.0,yes,3.0,3.0,1.0,0.1666666666666666,-1.049302456067719,-2.049302456067719,-0.0493024560677191,low,0.1429,-1.5079,-2.5079,-0.5079,low,0.625,0.1801,18-24 years old,Male,"No, I am not colourblind",412,100,True,27,yes,yes,yes,yes,,low_sem_high_perc,Q2,low,high,9,7,5,5.104,15.147,0.2413,-0.9292,-1.0175,-1.0303,0.6271,-0.9923,0.0078,-2.078,0.0,0.0,0.0
R_20k4DqT2gbaTZGb,SK-A-1574,3,human,1,-4.5,11.8439,3.0,yes,2.0,2.0,1.0,0.1666666666666666,-1.049302456067719,-2.049302456067719,-0.0493024560677191,low,0.1429,-1.5079,-2.5079,-0.5079,low,0.625,0.1801,18-24 years old,Male,"No, I am not colourblind",412,100,True,27,yes,yes,yes,yes,,high_sem_high_perc,Q1,high,high,41,19,10,6.451,10.977,1.0665,0.6927,0.8451,0.587,-0.2584,0.7083,-1.9879,-2.078,0.0,0.0,0.0
R_20k4DqT2gbaTZGb,SK-A-2320 B,4,ai,1,-4.5,11.8439,5.0,yes,4.0,4.0,1.0,0.1666666666666666,-1.049302456067719,-2.049302456067719,-0.0493024560677191,low,0.1429,-1.5079,-2.5079,-0.5079,low,0.625,0.1801,18-24 years old,Male,"No, I am not colourblind",412,100,True,27,yes,yes,yes,yes,,low_sem_high_perc,Q2,low,high,11,7,4,4.974,8.222,0.1616,-0.8279,-1.0175,-1.3537,-0.8435,-1.0664,0.3704,-2.078,0.0,0.0,0.0
R_20k4DqT2gbaTZGb,SK-A-232,5,human,1,-4.5,11.8439,8.0,yes,7.0,7.0,1.0,0.1666666666666666,-1.049302456067719,-2.049302456067719,-0.0493024560677191,low,0.1429,-1.5079,-2.5079,-0.5079,low,0.625,0.1801,18-24 years old,Male,"No, I am not colourblind",412,100,True,27,yes,yes,yes,yes,,high_sem_low_perc,Q3,high,low,76,16,8,2.204,6.579,-1.5354,2.4667,0.3794,-0.0599,-1.1924,0.9287,0.1549,-2.078,0.0,0.0,0.0
R_20k4DqT2gbaTZGb,SK-A-3023,6,human,8,2.5,-2.1561,4.0,yes,4.0,-4.0,1.0,0.1666666666666666,-1.049302456067719,-2.049302456067719,-0.0493024560677191,low,0.1429,-1.5079,-2.5079,-0.5079,low,0.625,0.1801,18-24 years old,Male,"No, I am not colourblind",412,100,True,27,yes,yes,yes,yes,,high_sem_low_perc,Q3,high,low,24,9,6,2.609,6.171,-1.2873,-0.169,-0.7071,-0.7068,-1.2791,-0.5276,-0.4284,-2.078,0.0,0.0,0.0
R_20k4DqT2gbaTZGb,SK-A-3297,7,none,7,1.5,-6.1561,6.0,yes,1.0,-1.0,1.0,0.1666666666666666,-1.049302456067719,-2.049302456067719,-0.0493024560677191,low,0.1429,-1.5079,-2.5079,-0.5079,low,0.625,0.1801,18-24 years old,Male,"No, I am not colourblind",412,100,True,27,yes,yes,yes,yes,,low_sem_low_perc,Q4,low,low,17,10,7,4.118,13.599,-0.3628,-0.5237,-0.5519,-0.3834,0.2984,-0.4863,-0.4879,-2.078,0.0,0.0,0.0
R_20k4DqT2gbaTZGb,SK-A-261,8,ai,6,0.5,-8.1561,3.0,yes,3.0,-3.0,1.0,0.1666666666666666,-1.049302456067719,-2.049302456067719,-0.0493024560677191,low,0.1429,-1.5079,-2.5079,-0.5079,low,0.625,0.1801,18-24 years old,Male,"No, I am not colourblind",412,100,True,27,yes,yes,yes,yes,,low_sem_low_perc,Q4,low,low,9,8,7,4.292,16.828,-0.2562,-0.9292,-0.8623,-0.3834,0.9841,-0.725,0.1278,-2.078,0.0,0.0,0.0
R_20k4DqT2gbaTZGb,SK-A-1713,9,human,6,0.5,-8.1561,6.0,yes,0.0,0.0,1.0,0.1666666666666666,-1.049302456067719,-2.049302456067719,-0.0493024560677191,low,0.1429,-1.5079,-2.5079,-0.5079,low,0.625,0.1801,18-24 years old,Male,"No, I am not colourblind",412,100,True,27,yes,yes,yes,yes,,low_sem_low_perc,Q4,low,low,15,13,10,2.989,8.961,-1.0545,-0.6251,-0.0862,0.587,-0.6866,-0.0414,-0.1003,-2.078,0.0,0.0,0.0
R_20k4DqT2gbaTZGb,SK-A-1684,10,human,2,-3.5,3.8439,3.0,yes,1.0,1.0,1.0,0.1666666666666666,-1.049302456067719,-2.049302456067719,-0.0493024560677191,low,0.1429,-1.5079,-2.5079,-0.5079,low,0.625,0.1801,18-24 years old,Male,"No, I am not colourblind",412,100,True,27,yes,yes,yes,yes,,low_sem_low_perc,Q4,low,low,7,6,5,1.478,7.119,-1.9802,-1.0306,-1.1728,-1.0303,-1.0777,-1.0779,1.5061,-2.078,0.0,0.0,0.0
R_20k4DqT2gbaTZGb,SK-C-153,11,none,5,-0.5,-8.1561,2.0,yes,3.0,-3.0,1.0,0.1666666666666666,-1.049302456067719,-2.049302456067719,-0.0493024560677191,low,0.1429,-1.5079,-2.5079,-0.5079,low,0.625,0.1801,18-24 years old,Male,"No, I am not colourblind",412,100,True,27,yes,yes,yes,yes,,low_sem_high_perc,Q2,low,high,14,12,8,6.72,23.164,1.2313,-0.6758,-0.2415,-0.0599,2.3297,-0.3257,0.2978,-2.078,0.0,0.0,0.0
R_20k4DqT2gbaTZGb,SK-A-1298,12,none,5,-0.5,-8.1561,3.0,yes,2.0,-2.0,1.0,0.1666666666666666,-1.049302456067719,-2.049302456067719,-0.0493024560677191,low,0.1429,-1.5079,-2.5079,-0.5079,low,0.625,0.1801,18-24 years old,Male,"No, I am not colourblind",412,100,True,27,yes,yes,yes,yes,,low_sem_high_perc,Q2,low,high,13,4,3,6.345,12.638,1.0016,-0.7265,-1.4832,-1.6772,0.0943,-1.2956,-1.1122,-2.078,0.0,0.0,0.0
R_20k4DqT2gbaTZGb,SK-C-243,13,none,3,-2.5,-2.1561,1.0,yes,2.0,-2.0,1.0,0.1666666666666666,-1.049302456067719,-2.049302456067719,-0.0493024560677191,low,0.1429,-1.5079,-2.5079,-0.5079,low,0.625,0.1801,18-24 years old,Male,"No, I am not colourblind",412,100,True,27,yes,yes,yes,yes,,low_sem_low_perc,Q4,low,low,14,12,6,4.052,8.426,-0.4032,-0.6758,-0.2415,-0.7068,-0.8002,-0.5414,0.1632,-2.078,0.0,0.0,0.0
R_20k4DqT2gbaTZGb,SK-A-2320 A,14,ai,3,-2.5,-2.1561,3.0,yes,0.0,0.0,1.0,0.1666666666666666,-1.049302456067719,-2.049302456067719,-0.0493024560677191,low,0.1429,-1.5079,-2.5079,-0.5079,low,0.625,0.1801,18-24 years old,Male,"No, I am not colourblind",412,100,True,27,yes,yes,yes,yes,,high_sem_low_perc,Q3,high,low,47,24,14,4.652,11.926,-0.0356,0.9968,1.6212,1.8808,-0.0569,1.4996,0.4324,-2.078,0.0,0.0,0.0
R_20k4DqT2gbaTZGb,SK-A-2110,15,none,3,-2.5,-2.1561,1.0,yes,2.0,-2.0,1.0,0.1666666666666666,-1.049302456067719,-2.049302456067719,-0.0493024560677191,low,0.1429,-1.5079,-2.5079,-0.5079,low,0.625,0.1801,18-24 years old,Male,"No, I am not colourblind",412,100,True,27,yes,yes,yes,yes,,high_sem_low_perc,Q3,high,low,29,17,13,4.449,10.91,-0.16,0.0845,0.5346,1.5574,-0.2727,0.7255,0.9709,-2.078,0.0,0.0,0.0
R_20k4DqT2gbaTZGb,SK-A-388,16,human,3,-2.5,-2.1561,6.0,yes,3.0,3.0,1.0,0.1666666666666666,-1.049302456067719,-2.049302456067719,-0.0493024560677191,low,0.1429,-1.5079,-2.5079,-0.5079,low,0.625,0.1801,18-24 years old,Male,"No, I am not colourblind",412,100,True,27,yes,yes,yes,yes,,high_sem_low_perc,Q3,high,low,52,24,12,4.026,10.43,-0.4191,1.2502,1.6212,1.2339,-0.3746,1.3684,0.1145,-2.078,0.0,0.0,0.0
R_20k4DqT2gbaTZGb,SK-A-298,17,ai,10,4.5,11.8439,8.0,yes,2.0,-2.0,1.0,0.1666666666666666,-1.049302456067719,-2.049302456067719,-0.0493024560677191,low,0.1429,-1.5079,-2.5079,-0.5079,low,0.625,0.1801,18-24 years old,Male,"No, I am not colourblind",412,100,True,27,yes,yes,yes,yes,,high_sem_low_perc,Q3,high,low,22,19,12,3.588,8.258,-0.6875,-0.2703,0.8451,1.2339,-0.8359,0.6029,0.4922,-2.078,0.0,0.0,0.0
R_20k4DqT2gbaTZGb,SK-A-1940,18,ai,9,3.5,3.8439,6.0,yes,3.0,-3.0,1.0,0.1666666666666666,-1.049302456067719,-2.049302456067719,-0.0493024560677191,low,0.1429,-1.5079,-2.5079,-0.5079,low,0.625,0.1801,18-24 years old,Male,"No, I am not colourblind",412,100,True,27,yes,yes,yes,yes,,high_sem_high_perc,Q1,high,high,39,23,10,7.148,15.116,1.4935,0.5913,1.466,0.587,0.6205,0.8814,-0.3461,-2.078,0.0,0.0,0.0
R_20k4DqT2gbaTZGb,SK-C-95,19,none,6,0.5,-8.1561,5.0,yes,1.0,-1.0,1.0,0.1666666666666666,-1.049302456067719,-2.049302456067719,-0.0493024560677191,low,0.1429,-1.5079,-2.5079,-0.5079,low,0.625,0.1801,18-24 years old,Male,"No, I am not colourblind",412,100,True,27,yes,yes,yes,yes,,low_sem_high_perc,Q2,low,high,12,10,6,5.078,11.141,0.2254,-0.7772,-0.5519,-0.7068,-0.2236,-0.6786,0.0208,-2.078,0.0,0.0,0.0
R_20k4DqT2gbaTZGb,SK-A-87,20,human,8,2.5,-2.1561,3.0,yes,5.0,-5.0,1.0,0.1666666666666666,-1.049302456067719,-2.049302456067719,-0.0493024560677191,low,0.1429,-1.5079,-2.5079,-0.5079,low,0.625,0.1801,18-24 years old,Male,"No, I am not colourblind",412,100,True,27,yes,yes,yes,yes,,low_sem_low_perc,Q4,low,low,16,9,4,1.284,3.991,-2.099,-0.5744,-0.7071,-1.3537,-1.742,-0.8784,0.5278,-2.078,0.0,0.0,0.0
R_20k4DqT2gbaTZGb,SK-A-62,21,none,6,0.5,-8.1561,1.0,yes,5.0,-5.0,1.0,0.1666666666666666,-1.049302456067719,-2.049302456067719,-0.0493024560677191,low,0.1429,-1.5079,-2.5079,-0.5079,low,0.625,0.1801,18-24 years old,Male,"No, I am not colourblind",412,100,True,27,yes,yes,yes,yes,,low_sem_low_perc,Q4,low,low,6,4,4,4.61,10.563,-0.0614,-1.0813,-1.4832,-1.3537,-0.3464,-1.3061,-1.366,-2.078,0.0,0.0,0.0
R_20k4DqT2gbaTZGb,SK-A-1906,22,ai,7,1.5,-6.1561,5.0,yes,2.0,-2.0,1.0,0.1666666666666666,-1.049302456067719,-2.049302456067719,-0.0493024560677191,low,0.1429,-1.5079,-2.5079,-0.5079,low,0.625,0.1801,18-24 years old,Male,"No, I am not colourblind",412,100,True,27,yes,yes,yes,yes,,high_sem_low_perc,Q3,high,low,43,16,11,4.708,19.343,-0.0013,0.7941,0.3794,0.9105,1.5182,0.6947,0.4853,-2.078,0.0,0.0,0.0
R_20k4DqT2gbaTZGb,SK-A-864,23,ai,6,0.5,-8.1561,9.0,yes,3.0,3.0,1.0,0.1666666666666666,-1.049302456067719,-2.049302456067719,-0.0493024560677191,low,0.1429,-1.5079,-2.5079,-0.5079,low,0.625,0.1801,18-24 years old,Male,"No, I am not colourblind",412,100,True,27,yes,yes,yes,yes,,high_sem_high_perc,Q1,high,high,66,28,11,8.181,13.079,2.1264,1.9598,2.242,0.9105,0.188,1.7041,1.4922,-2.078,0.0,0.0,0.0
R_20k4DqT2gbaTZGb,SK-A-4717,24,ai,6,0.5,-8.1561,8.0,yes,2.0,2.0,1.0,0.1666666666666666,-1.049302456067719,-2.049302456067719,-0.0493024560677191,low,0.1429,-1.5079,-2.5079,-0.5079,low,0.625,0.1801,18-24 years old,Male,"No, I am not colourblind",412,100,True,27,yes,yes,yes,yes,,low_sem_high_perc,Q2,low,high,12,10,9,6.171,17.158,0.895,-0.7772,-0.5519,0.2636,1.0542,-0.3552,-0.0167,-2.078,0.0,0.0,0.0
R_20k4DqT2gbaTZGb,SK-A-4469,25,none,2,-3.5,3.8439,1.0,yes,1.0,-1.0,1.0,0.1666666666666666,-1.049302456067719,-2.049302456067719,-0.0493024560677191,low,0.1429,-1.5079,-2.5079,-0.5079,low,0.625,0.1801,18-24 years old,Male,"No, I am not colourblind",412,100,True,27,yes,yes,yes,yes,,high_sem_high_perc,Q1,high,high,31,11,6,6.128,21.628,0.8686,0.1858,-0.3967,-0.7068,2.0035,-0.3059,-0.9165,-2.078,0.0,0.0,0.0
R_20k4DqT2gbaTZGb,SK-A-1756,26,human,9,3.5,3.8439,4.0,yes,5.0,-5.0,1.0,0.1666666666666666,-1.049302456067719,-2.049302456067719,-0.0493024560677191,low,0.1429,-1.5079,-2.5079,-0.5079,low,0.625,0.1801,18-24 years old,Male,"No, I am not colourblind",412,100,True,27,yes,yes,yes,yes,,high_sem_high_perc,Q1,high,high,20,12,9,5.001,12.19,0.1782,-0.3717,-0.2415,0.2636,-0.0008,-0.1165,-1.106,-2.078,0.0,0.0,0.0
R_20k4DqT2gbaTZGb,SK-C-1215,27,none,2,-3.5,3.8439,6.0,yes,4.0,4.0,1.0,0.1666666666666666,-1.049302456067719,-2.049302456067719,-0.0493024560677191,low,0.1429,-1.5079,-2.5079,-0.5079,low,0.625,0.1801,18-24 years old,Male,"No, I am not colourblind",412,100,True,27,yes,yes,yes,yes,,high_sem_high_perc,Q1,high,high,24,14,8,5.533,8.134,0.5041,-0.169,0.069,-0.0599,-0.8622,-0.0533,-0.0772,-2.078,0.0,0.0,0.0
R_2JFyGLsswpayT8k,SK-A-298,1,human,1,-4.5,11.8439,7.0,yes,6.0,6.0,1.0,0.5,-0.3874347530096192,-1.3874347530096192,0.6125652469903808,low,0.7143,-0.3275,-1.3275,0.6725,low,1.0,0.9481,45-54 years old,Male,"No, I am not colourblind",716,100,True,27,yes,yes,yes,yes,,high_sem_low_perc,Q3,high,low,22,19,12,3.588,8.258,-0.6875,-0.2703,0.8451,1.2339,-0.8359,0.6029,0.4922,0.6997,1.0,0.5,0.6666666666666666
R_2JFyGLsswpayT8k,SK-A-388,2,human,1,-4.5,11.8439,7.0,yes,6.0,6.0,1.0,0.5,-0.3874347530096192,-1.3874347530096192,0.6125652469903808,low,0.7143,-0.3275,-1.3275,0.6725,low,1.0,0.9481,45-54 years old,Male,"No, I am not colourblind",716,100,True,27,yes,yes,yes,yes,,high_sem_low_perc,Q3,high,low,52,24,12,4.026,10.43,-0.4191,1.2502,1.6212,1.2339,-0.3746,1.3684,0.1145,0.6997,1.0,0.5,0.6666666666666666
R_2JFyGLsswpayT8k,SK-C-153,3,none,5,-0.5,-8.1561,7.0,yes,2.0,2.0,1.0,0.5,-0.3874347530096192,-1.3874347530096192,0.6125652469903808,low,0.7143,-0.3275,-1.3275,0.6725,low,1.0,0.9481,45-54 years old,Male,"No, I am not colourblind",716,100,True,27,yes,yes,yes,yes,,low_sem_high_perc,Q2,low,high,14,12,8,6.72,23.164,1.2313,-0.6758,-0.2415,-0.0599,2.3297,-0.3257,0.2978,0.6997,1.0,0.5,0.6666666666666666
R_2JFyGLsswpayT8k,SK-A-3297,4,none,7,1.5,-6.1561,7.0,yes,0.0,0.0,1.0,0.5,-0.3874347530096192,-1.3874347530096192,0.6125652469903808,low,0.7143,-0.3275,-1.3275,0.6725,low,1.0,0.9481,45-54 years old,Male,"No, I am not colourblind",716,100,True,27,yes,yes,yes,yes,,low_sem_low_perc,Q4,low,low,17,10,7,4.118,13.599,-0.3628,-0.5237,-0.5519,-0.3834,0.2984,-0.4863,-0.4879,0.6997,1.0,0.5,0.6666666666666666
R_2JFyGLsswpayT8k,SK-A-1756,5,human,10,4.5,11.8439,7.0,yes,3.0,-3.0,1.0,0.5,-0.3874347530096192,-1.3874347530096192,0.6125652469903808,low,0.7143,-0.3275,-1.3275,0.6725,low,1.0,0.9481,45-54 years old,Male,"No, I am not colourblind",716,100,True,27,yes,yes,yes,yes,,high_sem_high_perc,Q1,high,high,20,12,9,5.001,12.19,0.1782,-0.3717,-0.2415,0.2636,-0.0008,-0.1165,-1.106,0.6997,1.0,0.5,0.6666666666666666
R_2JFyGLsswpayT8k,SK-A-1684,6,none,6,0.5,-8.1561,7.0,yes,1.0,1.0,1.0,0.5,-0.3874347530096192,-1.3874347530096192,0.6125652469903808,low,0.7143,-0.3275,-1.3275,0.6725,low,1.0,0.9481,45-54 years old,Male,"No, I am not colourblind",716,100,True,27,yes,yes,yes,yes,,low_sem_low_perc,Q4,low,low,7,6,5,1.478,7.119,-1.9802,-1.0306,-1.1728,-1.0303,-1.0777,-1.0779,1.5061,0.6997,1.0,0.5,0.6666666666666666
R_2JFyGLsswpayT8k,SK-A-1574,7,human,4,-1.5,-6.1561,7.0,yes,3.0,3.0,1.0,0.5,-0.3874347530096192,-1.3874347530096192,0.6125652469903808,low,0.7143,-0.3275,-1.3275,0.6725,low,1.0,0.9481,45-54 years old,Male,"No, I am not colourblind",716,100,True,27,yes,yes,yes,yes,,high_sem_high_perc,Q1,high,high,41,19,10,6.451,10.977,1.0665,0.6927,0.8451,0.587,-0.2584,0.7083,-1.9879,0.6997,1.0,0.5,0.6666666666666666
R_2JFyGLsswpayT8k,SK-A-864,8,none,10,4.5,11.8439,5.0,yes,5.0,-5.0,1.0,0.5,-0.3874347530096192,-1.3874347530096192,0.6125652469903808,low,0.7143,-0.3275,-1.3275,0.6725,low,1.0,0.9481,45-54 years old,Male,"No, I am not colourblind",716,100,True,27,yes,yes,yes,yes,,high_sem_high_perc,Q1,high,high,66,28,11,8.181,13.079,2.1264,1.9598,2.242,0.9105,0.188,1.7041,1.4922,0.6997,1.0,0.5,0.6666666666666666
R_2JFyGLsswpayT8k,SK-A-4717,9,human,5,-0.5,-8.1561,6.0,yes,1.0,1.0,1.0,0.5,-0.3874347530096192,-1.3874347530096192,0.6125652469903808,low,0.7143,-0.3275,-1.3275,0.6725,low,1.0,0.9481,45-54 years old,Male,"No, I am not colourblind",716,100,True,27,yes,yes,yes,yes,,low_sem_high_perc,Q2,low,high,12,10,9,6.171,17.158,0.895,-0.7772,-0.5519,0.2636,1.0542,-0.3552,-0.0167,0.6997,1.0,0.5,0.6666666666666666
R_2JFyGLsswpayT8k,SK-A-110,10,ai,5,-0.5,-8.1561,6.0,yes,1.0,1.0,1.0,0.5,-0.3874347530096192,-1.3874347530096192,0.6125652469903808,low,0.7143,-0.3275,-1.3275,0.6725,low,1.0,0.9481,45-54 years old,Male,"No, I am not colourblind",716,100,True,27,yes,yes,yes,yes,,low_sem_high_perc,Q2,low,high,9,7,5,5.104,15.147,0.2413,-0.9292,-1.0175,-1.0303,0.6271,-0.9923,0.0078,0.6997,1.0,0.5,0.6666666666666666
R_2JFyGLsswpayT8k,SK-A-3023,11,human,10,4.5,11.8439,7.0,yes,3.0,-3.0,1.0,0.5,-0.3874347530096192,-1.3874347530096192,0.6125652469903808,low,0.7143,-0.3275,-1.3275,0.6725,low,1.0,0.9481,45-54 years old,Male,"No, I am not colourblind",716,100,True,27,yes,yes,yes,yes,,high_sem_low_perc,Q3,high,low,24,9,6,2.609,6.171,-1.2873,-0.169,-0.7071,-0.7068,-1.2791,-0.5276,-0.4284,0.6997,1.0,0.5,0.6666666666666666
R_2JFyGLsswpayT8k,SK-A-2320 A,12,human,4,-1.5,-6.1561,5.0,yes,1.0,1.0,1.0,0.5,-0.3874347530096192,-1.3874347530096192,0.6125652469903808,low,0.7143,-0.3275,-1.3275,0.6725,low,1.0,0.9481,45-54 years old,Male,"No, I am not colourblind",716,100,True,27,yes,yes,yes,yes,,high_sem_low_perc,Q3,high,low,47,24,14,4.652,11.926,-0.0356,0.9968,1.6212,1.8808,-0.0569,1.4996,0.4324,0.6997,1.0,0.5,0.6666666666666666
R_2JFyGLsswpayT8k,SK-A-1298,13,ai,4,-1.5,-6.1561,3.0,yes,1.0,-1.0,1.0,0.5,-0.3874347530096192,-1.3874347530096192,0.6125652469903808,low,0.7143,-0.3275,-1.3275,0.6725,low,1.0,0.9481,45-54 years old,Male,"No, I am not colourblind",716,100,True,27,yes,yes,yes,yes,,low_sem_high_perc,Q2,low,high,13,4,3,6.345,12.638,1.0016,-0.7265,-1.4832,-1.6772,0.0943,-1.2956,-1.1122,0.6997,1.0,0.5,0.6666666666666666
R_2JFyGLsswpayT8k,SK-A-1940,14,human,5,-0.5,-8.1561,4.0,yes,1.0,-1.0,1.0,0.5,-0.3874347530096192,-1.3874347530096192,0.6125652469903808,low,0.7143,-0.3275,-1.3275,0.6725,low,1.0,0.9481,45-54 years old,Male,"No, I am not colourblind",716,100,True,27,yes,yes,yes,yes,,high_sem_high_perc,Q1,high,high,39,23,10,7.148,15.116,1.4935,0.5913,1.466,0.587,0.6205,0.8814,-0.3461,0.6997,1.0,0.5,0.6666666666666666
R_2JFyGLsswpayT8k,SK-A-2110,15,ai,3,-2.5,-2.1561,2.0,yes,1.0,-1.0,1.0,0.5,-0.3874347530096192,-1.3874347530096192,0.6125652469903808,low,0.7143,-0.3275,-1.3275,0.6725,low,1.0,0.9481,45-54 years old,Male,"No, I am not colourblind",716,100,True,27,yes,yes,yes,yes,,high_sem_low_perc,Q3,high,low,29,17,13,4.449,10.91,-0.16,0.0845,0.5346,1.5574,-0.2727,0.7255,0.9709,0.6997,1.0,0.5,0.6666666666666666
R_2JFyGLsswpayT8k,SK-A-261,16,ai,3,-2.5,-2.1561,6.0,yes,3.0,3.0,1.0,0.5,-0.3874347530096192,-1.3874347530096192,0.6125652469903808,low,0.7143,-0.3275,-1.3275,0.6725,low,1.0,0.9481,45-54 years old,Male,"No, I am not colourblind",716,100,True,27,yes,yes,yes,yes,,low_sem_low_perc,Q4,low,low,9,8,7,4.292,16.828,-0.2562,-0.9292,-0.8623,-0.3834,0.9841,-0.725,0.1278,0.6997,1.0,0.5,0.6666666666666666
R_2JFyGLsswpayT8k,SK-A-2320 B,17,ai,1,-4.5,11.8439,3.0,yes,2.0,2.0,1.0,0.5,-0.3874347530096192,-1.3874347530096192,0.6125652469903808,low,0.7143,-0.3275,-1.3275,0.6725,low,1.0,0.9481,45-54 years old,Male,"No, I am not colourblind",716,100,True,27,yes,yes,yes,yes,,low_sem_high_perc,Q2,low,high,11,7,4,4.974,8.222,0.1616,-0.8279,-1.0175,-1.3537,-0.8435,-1.0664,0.3704,0.6997,1.0,0.5,0.6666666666666666
R_2JFyGLsswpayT8k,SK-A-87,18,none,5,-0.5,-8.1561,4.0,yes,1.0,-1.0,1.0,0.5,-0.3874347530096192,-1.3874347530096192,0.6125652469903808,low,0.7143,-0.3275,-1.3275,0.6725,low,1.0,0.9481,45-54 years old,Male,"No, I am not colourblind",716,100,True,27,yes,yes,yes,yes,,low_sem_low_perc,Q4,low,low,16,9,4,1.284,3.991,-2.099,-0.5744,-0.7071,-1.3537,-1.742,-0.8784,0.5278,0.6997,1.0,0.5,0.6666666666666666
R_2JFyGLsswpayT8k,SK-C-95,19,none,4,-1.5,-6.1561,3.0,yes,1.0,-1.0,1.0,0.5,-0.3874347530096192,-1.3874347530096192,0.6125652469903808,low,0.7143,-0.3275,-1.3275,0.6725,low,1.0,0.9481,45-54 years old,Male,"No, I am not colourblind",716,100,True,27,yes,yes,yes,yes,,low_sem_high_perc,Q2,low,high,12,10,6,5.078,11.141,0.2254,-0.7772,-0.5519,-0.7068,-0.2236,-0.6786,0.0208,0.6997,1.0,0.5,0.6666666666666666
R_2JFyGLsswpayT8k,SK-C-1215,20,ai,9,3.5,3.8439,5.0,yes,4.0,-4.0,1.0,0.5,-0.3874347530096192,-1.3874347530096192,0.6125652469903808,low,0.7143,-0.3275,-1.3275,0.6725,low,1.0,0.9481,45-54 years old,Male,"No, I am not colourblind",716,100,True,27,yes,yes,yes,yes,,high_sem_high_perc,Q1,high,high,24,14,8,5.533,8.134,0.5041,-0.169,0.069,-0.0599,-0.8622,-0.0533,-0.0772,0.6997,1.0,0.5,0.6666666666666666
R_2JFyGLsswpayT8k,SK-C-243,21,ai,5,-0.5,-8.1561,6.0,yes,1.0,1.0,1.0,0.5,-0.3874347530096192,-1.3874347530096192,0.6125652469903808,low,0.7143,-0.3275,-1.3275,0.6725,low,1.0,0.9481,45-54 years old,Male,"No, I am not colourblind",716,100,True,27,yes,yes,yes,yes,,low_sem_low_perc,Q4,low,low,14,12,6,4.052,8.426,-0.4032,-0.6758,-0.2415,-0.7068,-0.8002,-0.5414,0.1632,0.6997,1.0,0.5,0.6666666666666666
R_2JFyGLsswpayT8k,SK-A-62,22,ai,7,1.5,-6.1561,6.0,yes,1.0,-1.0,1.0,0.5,-0.3874347530096192,-1.3874347530096192,0.6125652469903808,low,0.7143,-0.3275,-1.3275,0.6725,low,1.0,0.9481,45-54 years old,Male,"No, I am not colourblind",716,100,True,27,yes,yes,yes,yes,,low_sem_low_perc,Q4,low,low,6,4,4,4.61,10.563,-0.0614,-1.0813,-1.4832,-1.3537,-0.3464,-1.3061,-1.366,0.6997,1.0,0.5,0.6666666666666666
R_2JFyGLsswpayT8k,SK-A-4469,23,none,1,-4.5,11.8439,8.0,yes,7.0,7.0,1.0,0.5,-0.3874347530096192,-1.3874347530096192,0.6125652469903808,low,0.7143,-0.3275,-1.3275,0.6725,low,1.0,0.9481,45-54 years old,Male,"No, I am not colourblind",716,100,True,27,yes,yes,yes,yes,,high_sem_high_perc,Q1,high,high,31,11,6,6.128,21.628,0.8686,0.1858,-0.3967,-0.7068,2.0035,-0.3059,-0.9165,0.6997,1.0,0.5,0.6666666666666666
R_2JFyGLsswpayT8k,SK-A-1713,24,none,4,-1.5,-6.1561,6.0,yes,2.0,2.0,1.0,0.5,-0.3874347530096192,-1.3874347530096192,0.6125652469903808,low,0.7143,-0.3275,-1.3275,0.6725,low,1.0,0.9481,45-54 years old,Male,"No, I am not colourblind",716,100,True,27,yes,yes,yes,yes,,low_sem_low_perc,Q4,low,low,15,13,10,2.989,8.961,-1.0545,-0.6251,-0.0862,0.587,-0.6866,-0.0414,-0.1003,0.6997,1.0,0.5,0.6666666666666666
R_2JFyGLsswpayT8k,SK-A-1403,25,ai,8,2.5,-2.1561,7.0,yes,1.0,-1.0,1.0,0.5,-0.3874347530096192,-1.3874347530096192,0.6125652469903808,low,0.7143,-0.3275,-1.3275,0.6725,low,1.0,0.9481,45-54 years old,Male,"No, I am not colourblind",716,100,True,27,yes,yes,yes,yes,,high_sem_high_perc,Q1,high,high,69,22,13,5.281,17.539,0.3497,2.1119,1.3107,1.5574,1.1351,1.66,0.7811,0.6997,1.0,0.5,0.6666666666666666
R_2JFyGLsswpayT8k,SK-A-232,26,none,3,-2.5,-2.1561,4.0,yes,1.0,1.0,1.0,0.5,-0.3874347530096192,-1.3874347530096192,0.6125652469903808,low,0.7143,-0.3275,-1.3275,0.6725,low,1.0,0.9481,45-54 years old,Male,"No, I am not colourblind",716,100,True,27,yes,yes,yes,yes,,high_sem_low_perc,Q3,high,low,76,16,8,2.204,6.579,-1.5354,2.4667,0.3794,-0.0599,-1.1924,0.9287,0.1549,0.6997,1.0,0.5,0.6666666666666666
R_2JFyGLsswpayT8k,SK-A-1906,27,human,7,1.5,-6.1561,7.0,yes,0.0,0.0,1.0,0.5,-0.3874347530096192,-1.3874347530096192,0.6125652469903808,low,0.7143,-0.3275,-1.3275,0.6725,low,1.0,0.9481,45-54 years old,Male,"No, I am not colourblind",716,100,True,27,yes,yes,yes,yes,,high_sem_low_perc,Q3,high,low,43,16,11,4.708,19.343,-0.0013,0.7941,0.3794,0.9105,1.5182,0.6947,0.4853,0.6997,1.0,0.5,0.6666666666666666
R_4LcA4HvnCffuiOD,SK-A-1684,1,human,6,0.5,-8.1561,3.0,yes,3.0,-3.0,1.0,0.6666666666666666,-0.0565009014805694,-1.0565009014805695,0.9434990985194304,low,0.8571,-0.0325,-1.0325,0.9675,low,0.0,-1.0998,65+ years old,Female,"No, I am not colourblind",306,100,True,27,yes,yes,yes,yes,,low_sem_low_perc,Q4,low,low,7,6,5,1.478,7.119,-1.9802,-1.0306,-1.1728,-1.0303,-1.0777,-1.0779,1.5061,-1.5225,1.0,0.5,0.6666666666666666
R_4LcA4HvnCffuiOD,SK-A-298,2,none,2,-3.5,3.8439,4.0,yes,2.0,2.0,1.0,0.6666666666666666,-0.0565009014805694,-1.0565009014805695,0.9434990985194304,low,0.8571,-0.0325,-1.0325,0.9675,low,0.0,-1.0998,65+ years old,Female,"No, I am not colourblind",306,100,True,27,yes,yes,yes,yes,,high_sem_low_perc,Q3,high,low,22,19,12,3.588,8.258,-0.6875,-0.2703,0.8451,1.2339,-0.8359,0.6029,0.4922,-1.5225,1.0,0.5,0.6666666666666666
R_4LcA4HvnCffuiOD,SK-C-243,3,none,8,2.5,-2.1561,2.0,yes,6.0,-6.0,1.0,0.6666666666666666,-0.0565009014805694,-1.0565009014805695,0.9434990985194304,low,0.8571,-0.0325,-1.0325,0.9675,low,0.0,-1.0998,65+ years old,Female,"No, I am not colourblind",306,100,True,27,yes,yes,yes,yes,,low_sem_low_perc,Q4,low,low,14,12,6,4.052,8.426,-0.4032,-0.6758,-0.2415,-0.7068,-0.8002,-0.5414,0.1632,-1.5225,1.0,0.5,0.6666666666666666
R_4LcA4HvnCffuiOD,SK-A-87,4,ai,9,3.5,3.8439,4.0,yes,5.0,-5.0,1.0,0.6666666666666666,-0.0565009014805694,-1.0565009014805695,0.9434990985194304,low,0.8571,-0.0325,-1.0325,0.9675,low,0.0,-1.0998,65+ years old,Female,"No, I am not colourblind",306,100,True,27,yes,yes,yes,yes,,low_sem_low_perc,Q4,low,low,16,9,4,1.284,3.991,-2.099,-0.5744,-0.7071,-1.3537,-1.742,-0.8784,0.5278,-1.5225,1.0,0.5,0.6666666666666666
R_4LcA4HvnCffuiOD,SK-A-2320 A,5,human,9,3.5,3.8439,5.0,yes,4.0,-4.0,1.0,0.6666666666666666,-0.0565009014805694,-1.0565009014805695,0.9434990985194304,low,0.8571,-0.0325,-1.0325,0.9675,low,0.0,-1.0998,65+ years old,Female,"No, I am not colourblind",306,100,True,27,yes,yes,yes,yes,,high_sem_low_perc,Q3,high,low,47,24,14,4.652,11.926,-0.0356,0.9968,1.6212,1.8808,-0.0569,1.4996,0.4324,-1.5225,1.0,0.5,0.6666666666666666
R_4LcA4HvnCffuiOD,SK-A-2110,6,ai,7,1.5,-6.1561,3.0,yes,4.0,-4.0,1.0,0.6666666666666666,-0.0565009014805694,-1.0565009014805695,0.9434990985194304,low,0.8571,-0.0325,-1.0325,0.9675,low,0.0,-1.0998,65+ years old,Female,"No, I am not colourblind",306,100,True,27,yes,yes,yes,yes,,high_sem_low_perc,Q3,high,low,29,17,13,4.449,10.91,-0.16,0.0845,0.5346,1.5574,-0.2727,0.7255,0.9709,-1.5225,1.0,0.5,0.6666666666666666
R_4LcA4HvnCffuiOD,SK-A-1403,7,none,8,2.5,-2.1561,4.0,yes,4.0,-4.0,1.0,0.6666666666666666,-0.0565009014805694,-1.0565009014805695,0.9434990985194304,low,0.8571,-0.0325,-1.0325,0.9675,low,0.0,-1.0998,65+ years old,Female,"No, I am not colourblind",306,100,True,27,yes,yes,yes,yes,,high_sem_high_perc,Q1,high,high,69,22,13,5.281,17.539,0.3497,2.1119,1.3107,1.5574,1.1351,1.66,0.7811,-1.5225,1.0,0.5,0.6666666666666666
R_4LcA4HvnCffuiOD,SK-C-1215,8,ai,3,-2.5,-2.1561,1.0,yes,2.0,-2.0,1.0,0.6666666666666666,-0.0565009014805694,-1.0565009014805695,0.9434990985194304,low,0.8571,-0.0325,-1.0325,0.9675,low,0.0,-1.0998,65+ years old,Female,"No, I am not colourblind",306,100,True,27,yes,yes,yes,yes,,high_sem_high_perc,Q1,high,high,24,14,8,5.533,8.134,0.5041,-0.169,0.069,-0.0599,-0.8622,-0.0533,-0.0772,-1.5225,1.0,0.5,0.6666666666666666
R_4LcA4HvnCffuiOD,SK-A-3297,9,human,5,-0.5,-8.1561,2.0,yes,3.0,-3.0,1.0,0.6666666666666666,-0.0565009014805694,-1.0565009014805695,0.9434990985194304,low,0.8571,-0.0325,-1.0325,0.9675,low,0.0,-1.0998,65+ years old,Female,"No, I am not colourblind",306,100,True,27,yes,yes,yes,yes,,low_sem_low_perc,Q4,low,low,17,10,7,4.118,13.599,-0.3628,-0.5237,-0.5519,-0.3834,0.2984,-0.4863,-0.4879,-1.5225,1.0,0.5,0.6666666666666666
R_4LcA4HvnCffuiOD,SK-A-1713,10,ai,8,2.5,-2.1561,4.0,yes,4.0,-4.0,1.0,0.6666666666666666,-0.0565009014805694,-1.0565009014805695,0.9434990985194304,low,0.8571,-0.0325,-1.0325,0.9675,low,0.0,-1.0998,65+ years old,Female,"No, I am not colourblind",306,100,True,27,yes,yes,yes,yes,,low_sem_low_perc,Q4,low,low,15,13,10,2.989,8.961,-1.0545,-0.6251,-0.0862,0.587,-0.6866,-0.0414,-0.1003,-1.5225,1.0,0.5,0.6666666666666666
R_4LcA4HvnCffuiOD,SK-A-261,11,none,10,4.5,11.8439,7.0,yes,3.0,-3.0,1.0,0.6666666666666666,-0.0565009014805694,-1.0565009014805695,0.9434990985194304,low,0.8571,-0.0325,-1.0325,0.9675,low,0.0,-1.0998,65+ years old,Female,"No, I am not colourblind",306,100,True,27,yes,yes,yes,yes,,low_sem_low_perc,Q4,low,low,9,8,7,4.292,16.828,-0.2562,-0.9292,-0.8623,-0.3834,0.9841,-0.725,0.1278,-1.5225,1.0,0.5,0.6666666666666666
R_4LcA4HvnCffuiOD,SK-A-4469,12,ai,3,-2.5,-2.1561,7.0,yes,4.0,4.0,1.0,0.6666666666666666,-0.0565009014805694,-1.0565009014805695,0.9434990985194304,low,0.8571,-0.0325,-1.0325,0.9675,low,0.0,-1.0998,65+ years old,Female,"No, I am not colourblind",306,100,True,27,yes,yes,yes,yes,,high_sem_high_perc,Q1,high,high,31,11,6,6.128,21.628,0.8686,0.1858,-0.3967,-0.7068,2.0035,-0.3059,-0.9165,-1.5225,1.0,0.5,0.6666666666666666
R_4LcA4HvnCffuiOD,SK-A-2320 B,13,ai,7,1.5,-6.1561,3.0,yes,4.0,-4.0,1.0,0.6666666666666666,-0.0565009014805694,-1.0565009014805695,0.9434990985194304,low,0.8571,-0.0325,-1.0325,0.9675,low,0.0,-1.0998,65+ years old,Female,"No, I am not colourblind",306,100,True,27,yes,yes,yes,yes,,low_sem_high_perc,Q2,low,high,11,7,4,4.974,8.222,0.1616,-0.8279,-1.0175,-1.3537,-0.8435,-1.0664,0.3704,-1.5225,1.0,0.5,0.6666666666666666
R_4LcA4HvnCffuiOD,SK-A-1940,14,none,8,2.5,-2.1561,4.0,yes,4.0,-4.0,1.0,0.6666666666666666,-0.0565009014805694,-1.0565009014805695,0.9434990985194304,low,0.8571,-0.0325,-1.0325,0.9675,low,0.0,-1.0998,65+ years old,Female,"No, I am not colourblind",306,100,True,27,yes,yes,yes,yes,,high_sem_high_perc,Q1,high,high,39,23,10,7.148,15.116,1.4935,0.5913,1.466,0.587,0.6205,0.8814,-0.3461,-1.5225,1.0,0.5,0.6666666666666666
R_4LcA4HvnCffuiOD,SK-A-62,15,ai,8,2.5,-2.1561,3.0,yes,5.0,-5.0,1.0,0.6666666666666666,-0.0565009014805694,-1.0565009014805695,0.9434990985194304,low,0.8571,-0.0325,-1.0325,0.9675,low,0.0,-1.0998,65+ years old,Female,"No, I am not colourblind",306,100,True,27,yes,yes,yes,yes,,low_sem_low_perc,Q4,low,low,6,4,4,4.61,10.563,-0.0614,-1.0813,-1.4832,-1.3537,-0.3464,-1.3061,-1.366,-1.5225,1.0,0.5,0.6666666666666666
R_4LcA4HvnCffuiOD,SK-A-1906,16,human,5,-0.5,-8.1561,4.0,yes,1.0,-1.0,1.0,0.6666666666666666,-0.0565009014805694,-1.0565009014805695,0.9434990985194304,low,0.8571,-0.0325,-1.0325,0.9675,low,0.0,-1.0998,65+ years old,Female,"No, I am not colourblind",306,100,True,27,yes,yes,yes,yes,,high_sem_low_perc,Q3,high,low,43,16,11,4.708,19.343,-0.0013,0.7941,0.3794,0.9105,1.5182,0.6947,0.4853,-1.5225,1.0,0.5,0.6666666666666666
R_4LcA4HvnCffuiOD,SK-A-1574,17,human,2,-3.5,3.8439,3.0,yes,1.0,1.0,1.0,0.6666666666666666,-0.0565009014805694,-1.0565009014805695,0.9434990985194304,low,0.8571,-0.0325,-1.0325,0.9675,low,0.0,-1.0998,65+ years old,Female,"No, I am not colourblind",306,100,True,27,yes,yes,yes,yes,,high_sem_high_perc,Q1,high,high,41,19,10,6.451,10.977,1.0665,0.6927,0.8451,0.587,-0.2584,0.7083,-1.9879,-1.5225,1.0,0.5,0.6666666666666666
R_4LcA4HvnCffuiOD,SK-A-4717,18,none,7,1.5,-6.1561,3.0,yes,4.0,-4.0,1.0,0.6666666666666666,-0.0565009014805694,-1.0565009014805695,0.9434990985194304,low,0.8571,-0.0325,-1.0325,0.9675,low,0.0,-1.0998,65+ years old,Female,"No, I am not colourblind",306,100,True,27,yes,yes,yes,yes,,low_sem_high_perc,Q2,low,high,12,10,9,6.171,17.158,0.895,-0.7772,-0.5519,0.2636,1.0542,-0.3552,-0.0167,-1.5225,1.0,0.5,0.6666666666666666
R_4LcA4HvnCffuiOD,SK-A-388,19,human,7,1.5,-6.1561,3.0,yes,4.0,-4.0,1.0,0.6666666666666666,-0.0565009014805694,-1.0565009014805695,0.9434990985194304,low,0.8571,-0.0325,-1.0325,0.9675,low,0.0,-1.0998,65+ years old,Female,"No, I am not colourblind",306,100,True,27,yes,yes,yes,yes,,high_sem_low_perc,Q3,high,low,52,24,12,4.026,10.43,-0.4191,1.2502,1.6212,1.2339,-0.3746,1.3684,0.1145,-1.5225,1.0,0.5,0.6666666666666666
R_4LcA4HvnCffuiOD,SK-A-3023,20,human,6,0.5,-8.1561,4.0,yes,2.0,-2.0,1.0,0.6666666666666666,-0.0565009014805694,-1.0565009014805695,0.9434990985194304,low,0.8571,-0.0325,-1.0325,0.9675,low,0.0,-1.0998,65+ years old,Female,"No, I am not colourblind",306,100,True,27,yes,yes,yes,yes,,high_sem_low_perc,Q3,high,low,24,9,6,2.609,6.171,-1.2873,-0.169,-0.7071,-0.7068,-1.2791,-0.5276,-0.4284,-1.5225,1.0,0.5,0.6666666666666666
R_4LcA4HvnCffuiOD,SK-A-110,21,human,1,-4.5,11.8439,3.0,yes,2.0,2.0,1.0,0.6666666666666666,-0.0565009014805694,-1.0565009014805695,0.9434990985194304,low,0.8571,-0.0325,-1.0325,0.9675,low,0.0,-1.0998,65+ years old,Female,"No, I am not colourblind",306,100,True,27,yes,yes,yes,yes,,low_sem_high_perc,Q2,low,high,9,7,5,5.104,15.147,0.2413,-0.9292,-1.0175,-1.0303,0.6271,-0.9923,0.0078,-1.5225,1.0,0.5,0.6666666666666666
R_4LcA4HvnCffuiOD,SK-A-1756,22,ai,10,4.5,11.8439,2.0,yes,8.0,-8.0,1.0,0.6666666666666666,-0.0565009014805694,-1.0565009014805695,0.9434990985194304,low,0.8571,-0.0325,-1.0325,0.9675,low,0.0,-1.0998,65+ years old,Female,"No, I am not colourblind",306,100,True,27,yes,yes,yes,yes,,high_sem_high_perc,Q1,high,high,20,12,9,5.001,12.19,0.1782,-0.3717,-0.2415,0.2636,-0.0008,-0.1165,-1.106,-1.5225,1.0,0.5,0.6666666666666666
R_4LcA4HvnCffuiOD,SK-A-864,23,none,6,0.5,-8.1561,4.0,yes,2.0,-2.0,1.0,0.6666666666666666,-0.0565009014805694,-1.0565009014805695,0.9434990985194304,low,0.8571,-0.0325,-1.0325,0.9675,low,0.0,-1.0998,65+ years old,Female,"No, I am not colourblind",306,100,True,27,yes,yes,yes,yes,,high_sem_high_perc,Q1,high,high,66,28,11,8.181,13.079,2.1264,1.9598,2.242,0.9105,0.188,1.7041,1.4922,-1.5225,1.0,0.5,0.6666666666666666
R_4LcA4HvnCffuiOD,SK-A-1298,24,human,7,1.5,-6.1561,2.0,yes,5.0,-5.0,1.0,0.6666666666666666,-0.0565009014805694,-1.0565009014805695,0.9434990985194304,low,0.8571,-0.0325,-1.0325,0.9675,low,0.0,-1.0998,65+ years old,Female,"No, I am not colourblind",306,100,True,27,yes,yes,yes,yes,,low_sem_high_perc,Q2,low,high,13,4,3,6.345,12.638,1.0016,-0.7265,-1.4832,-1.6772,0.0943,-1.2956,-1.1122,-1.5225,1.0,0.5,0.6666666666666666
R_4LcA4HvnCffuiOD,SK-C-95,25,ai,6,0.5,-8.1561,3.0,yes,3.0,-3.0,1.0,0.6666666666666666,-0.0565009014805694,-1.0565009014805695,0.9434990985194304,low,0.8571,-0.0325,-1.0325,0.9675,low,0.0,-1.0998,65+ years old,Female,"No, I am not colourblind",306,100,True,27,yes,yes,yes,yes,,low_sem_high_perc,Q2,low,high,12,10,6,5.078,11.141,0.2254,-0.7772,-0.5519,-0.7068,-0.2236,-0.6786,0.0208,-1.5225,1.0,0.5,0.6666666666666666
R_4LcA4HvnCffuiOD,SK-A-232,26,none,4,-1.5,-6.1561,1.0,yes,3.0,-3.0,1.0,0.6666666666666666,-0.0565009014805694,-1.0565009014805695,0.9434990985194304,low,0.8571,-0.0325,-1.0325,0.9675,low,0.0,-1.0998,65+ years old,Female,"No, I am not colourblind",306,100,True,27,yes,yes,yes,yes,,high_sem_low_perc,Q3,high,low,76,16,8,2.204,6.579,-1.5354,2.4667,0.3794,-0.0599,-1.1924,0.9287,0.1549,-1.5225,1.0,0.5,0.6666666666666666
R_4LcA4HvnCffuiOD,SK-C-153,27,none,7,1.5,-6.1561,2.0,yes,5.0,-5.0,1.0,0.6666666666666666,-0.0565009014805694,-1.0565009014805695,0.9434990985194304,low,0.8571,-0.0325,-1.0325,0.9675,low,0.0,-1.0998,65+ years old,Female,"No, I am not colourblind",306,100,True,27,yes,yes,yes,yes,,low_sem_high_perc,Q2,low,high,14,12,8,6.72,23.164,1.2313,-0.6758,-0.2415,-0.0599,2.3297,-0.3257,0.2978,-1.5225,1.0,0.5,0.6666666666666666
R_822VmkJYx8ecoav,SK-A-3297,1,human,3,-2.5,-2.1561,4.0,yes,1.0,1.0,1.0,1.3333333333333333,1.26723450463563,0.2672345046356299,2.26723450463563,high,1.2857,0.8529,-0.1471,1.8529,high,0.375,-0.3318,18-24 years old,Female,"No, I am not colourblind",380,100,True,27,yes,yes,yes,yes,,low_sem_low_perc,Q4,low,low,17,10,7,4.118,13.599,-0.3628,-0.5237,-0.5519,-0.3834,0.2984,-0.4863,-0.4879,-1.5225,1.0,2.0,2.333333333333333
R_822VmkJYx8ecoav,SK-A-1906,2,ai,4,-1.5,-6.1561,2.0,yes,2.0,-2.0,1.0,1.3333333333333333,1.26723450463563,0.2672345046356299,2.26723450463563,high,1.2857,0.8529,-0.1471,1.8529,high,0.375,-0.3318,18-24 years old,Female,"No, I am not colourblind",380,100,True,27,yes,yes,yes,yes,,high_sem_low_perc,Q3,high,low,43,16,11,4.708,19.343,-0.0013,0.7941,0.3794,0.9105,1.5182,0.6947,0.4853,-1.5225,1.0,2.0,2.333333333333333
R_822VmkJYx8ecoav,SK-A-1403,3,none,3,-2.5,-2.1561,5.0,yes,2.0,2.0,1.0,1.3333333333333333,1.26723450463563,0.2672345046356299,2.26723450463563,high,1.2857,0.8529,-0.1471,1.8529,high,0.375,-0.3318,18-24 years old,Female,"No, I am not colourblind",380,100,True,27,yes,yes,yes,yes,,high_sem_high_perc,Q1,high,high,69,22,13,5.281,17.539,0.3497,2.1119,1.3107,1.5574,1.1351,1.66,0.7811,-1.5225,1.0,2.0,2.333333333333333
R_822VmkJYx8ecoav,SK-A-261,4,ai,10,4.5,11.8439,5.0,yes,5.0,-5.0,1.0,1.3333333333333333,1.26723450463563,0.2672345046356299,2.26723450463563,high,1.2857,0.8529,-0.1471,1.8529,high,0.375,-0.3318,18-24 years old,Female,"No, I am not colourblind",380,100,True,27,yes,yes,yes,yes,,low_sem_low_perc,Q4,low,low,9,8,7,4.292,16.828,-0.2562,-0.9292,-0.8623,-0.3834,0.9841,-0.725,0.1278,-1.5225,1.0,2.0,2.333333333333333
R_822VmkJYx8ecoav,SK-A-110,5,human,8,2.5,-2.1561,6.0,yes,2.0,-2.0,1.0,1.3333333333333333,1.26723450463563,0.2672345046356299,2.26723450463563,high,1.2857,0.8529,-0.1471,1.8529,high,0.375,-0.3318,18-24 years old,Female,"No, I am not colourblind",380,100,True,27,yes,yes,yes,yes,,low_sem_high_perc,Q2,low,high,9,7,5,5.104,15.147,0.2413,-0.9292,-1.0175,-1.0303,0.6271,-0.9923,0.0078,-1.5225,1.0,2.0,2.333333333333333
R_822VmkJYx8ecoav,SK-A-1756,6,none,6,0.5,-8.1561,7.0,yes,1.0,1.0,1.0,1.3333333333333333,1.26723450463563,0.2672345046356299,2.26723450463563,high,1.2857,0.8529,-0.1471,1.8529,high,0.375,-0.3318,18-24 years old,Female,"No, I am not colourblind",380,100,True,27,yes,yes,yes,yes,,high_sem_high_perc,Q1,high,high,20,12,9,5.001,12.19,0.1782,-0.3717,-0.2415,0.2636,-0.0008,-0.1165,-1.106,-1.5225,1.0,2.0,2.333333333333333
R_822VmkJYx8ecoav,SK-A-1713,7,human,1,-4.5,11.8439,4.0,yes,3.0,3.0,1.0,1.3333333333333333,1.26723450463563,0.2672345046356299,2.26723450463563,high,1.2857,0.8529,-0.1471,1.8529,high,0.375,-0.3318,18-24 years old,Female,"No, I am not colourblind",380,100,True,27,yes,yes,yes,yes,,low_sem_low_perc,Q4,low,low,15,13,10,2.989,8.961,-1.0545,-0.6251,-0.0862,0.587,-0.6866,-0.0414,-0.1003,-1.5225,1.0,2.0,2.333333333333333
R_822VmkJYx8ecoav,SK-A-1574,8,none,6,0.5,-8.1561,1.0,yes,5.0,-5.0,1.0,1.3333333333333333,1.26723450463563,0.2672345046356299,2.26723450463563,high,1.2857,0.8529,-0.1471,1.8529,high,0.375,-0.3318,18-24 years old,Female,"No, I am not colourblind",380,100,True,27,yes,yes,yes,yes,,high_sem_high_perc,Q1,high,high,41,19,10,6.451,10.977,1.0665,0.6927,0.8451,0.587,-0.2584,0.7083,-1.9879,-1.5225,1.0,2.0,2.333333333333333
R_822VmkJYx8ecoav,SK-A-1298,9,none,9,3.5,3.8439,2.0,yes,7.0,-7.0,1.0,1.3333333333333333,1.26723450463563,0.2672345046356299,2.26723450463563,high,1.2857,0.8529,-0.1471,1.8529,high,0.375,-0.3318,18-24 years old,Female,"No, I am not colourblind",380,100,True,27,yes,yes,yes,yes,,low_sem_high_perc,Q2,low,high,13,4,3,6.345,12.638,1.0016,-0.7265,-1.4832,-1.6772,0.0943,-1.2956,-1.1122,-1.5225,1.0,2.0,2.333333333333333
R_822VmkJYx8ecoav,SK-A-4469,10,ai,2,-3.5,3.8439,7.0,yes,5.0,5.0,1.0,1.3333333333333333,1.26723450463563,0.2672345046356299,2.26723450463563,high,1.2857,0.8529,-0.1471,1.8529,high,0.375,-0.3318,18-24 years old,Female,"No, I am not colourblind",380,100,True,27,yes,yes,yes,yes,,high_sem_high_perc,Q1,high,high,31,11,6,6.128,21.628,0.8686,0.1858,-0.3967,-0.7068,2.0035,-0.3059,-0.9165,-1.5225,1.0,2.0,2.333333333333333
R_822VmkJYx8ecoav,SK-A-232,11,human,3,-2.5,-2.1561,6.0,yes,3.0,3.0,1.0,1.3333333333333333,1.26723450463563,0.2672345046356299,2.26723450463563,high,1.2857,0.8529,-0.1471,1.8529,high,0.375,-0.3318,18-24 years old,Female,"No, I am not colourblind",380,100,True,27,yes,yes,yes,yes,,high_sem_low_perc,Q3,high,low,76,16,8,2.204,6.579,-1.5354,2.4667,0.3794,-0.0599,-1.1924,0.9287,0.1549,-1.5225,1.0,2.0,2.333333333333333
R_822VmkJYx8ecoav,SK-C-95,12,none,8,2.5,-2.1561,1.0,yes,7.0,-7.0,1.0,1.3333333333333333,1.26723450463563,0.2672345046356299,2.26723450463563,high,1.2857,0.8529,-0.1471,1.8529,high,0.375,-0.3318,18-24 years old,Female,"No, I am not colourblind",380,100,True,27,yes,yes,yes,yes,,low_sem_high_perc,Q2,low,high,12,10,6,5.078,11.141,0.2254,-0.7772,-0.5519,-0.7068,-0.2236,-0.6786,0.0208,-1.5225,1.0,2.0,2.333333333333333
R_822VmkJYx8ecoav,SK-A-1940,13,none,1,-4.5,11.8439,1.0,yes,0.0,0.0,1.0,1.3333333333333333,1.26723450463563,0.2672345046356299,2.26723450463563,high,1.2857,0.8529,-0.1471,1.8529,high,0.375,-0.3318,18-24 years old,Female,"No, I am not colourblind",380,100,True,27,yes,yes,yes,yes,,high_sem_high_perc,Q1,high,high,39,23,10,7.148,15.116,1.4935,0.5913,1.466,0.587,0.6205,0.8814,-0.3461,-1.5225,1.0,2.0,2.333333333333333
R_822VmkJYx8ecoav,SK-A-1684,14,none,10,4.5,11.8439,9.0,yes,1.0,-1.0,1.0,1.3333333333333333,1.26723450463563,0.2672345046356299,2.26723450463563,high,1.2857,0.8529,-0.1471,1.8529,high,0.375,-0.3318,18-24 years old,Female,"No, I am not colourblind",380,100,True,27,yes,yes,yes,yes,,low_sem_low_perc,Q4,low,low,7,6,5,1.478,7.119,-1.9802,-1.0306,-1.1728,-1.0303,-1.0777,-1.0779,1.5061,-1.5225,1.0,2.0,2.333333333333333
R_822VmkJYx8ecoav,SK-C-243,15,ai,5,-0.5,-8.1561,2.0,yes,3.0,-3.0,1.0,1.3333333333333333,1.26723450463563,0.2672345046356299,2.26723450463563,high,1.2857,0.8529,-0.1471,1.8529,high,0.375,-0.3318,18-24 years old,Female,"No, I am not colourblind",380,100,True,27,yes,yes,yes,yes,,low_sem_low_perc,Q4,low,low,14,12,6,4.052,8.426,-0.4032,-0.6758,-0.2415,-0.7068,-0.8002,-0.5414,0.1632,-1.5225,1.0,2.0,2.333333333333333
R_822VmkJYx8ecoav,SK-A-2320 B,16,none,10,4.5,11.8439,4.0,yes,6.0,-6.0,1.0,1.3333333333333333,1.26723450463563,0.2672345046356299,2.26723450463563,high,1.2857,0.8529,-0.1471,1.8529,high,0.375,-0.3318,18-24 years old,Female,"No, I am not colourblind",380,100,True,27,yes,yes,yes,yes,,low_sem_high_perc,Q2,low,high,11,7,4,4.974,8.222,0.1616,-0.8279,-1.0175,-1.3537,-0.8435,-1.0664,0.3704,-1.5225,1.0,2.0,2.333333333333333
R_822VmkJYx8ecoav,SK-A-4717,17,none,10,4.5,11.8439,1.0,yes,9.0,-9.0,1.0,1.3333333333333333,1.26723450463563,0.2672345046356299,2.26723450463563,high,1.2857,0.8529,-0.1471,1.8529,high,0.375,-0.3318,18-24 years old,Female,"No, I am not colourblind",380,100,True,27,yes,yes,yes,yes,,low_sem_high_perc,Q2,low,high,12,10,9,6.171,17.158,0.895,-0.7772,-0.5519,0.2636,1.0542,-0.3552,-0.0167,-1.5225,1.0,2.0,2.333333333333333
R_822VmkJYx8ecoav,SK-A-864,18,human,7,1.5,-6.1561,5.0,yes,2.0,-2.0,1.0,1.3333333333333333,1.26723450463563,0.2672345046356299,2.26723450463563,high,1.2857,0.8529,-0.1471,1.8529,high,0.375,-0.3318,18-24 years old,Female,"No, I am not colourblind",380,100,True,27,yes,yes,yes,yes,,high_sem_high_perc,Q1,high,high,66,28,11,8.181,13.079,2.1264,1.9598,2.242,0.9105,0.188,1.7041,1.4922,-1.5225,1.0,2.0,2.333333333333333
R_822VmkJYx8ecoav,SK-C-1215,19,human,2,-3.5,3.8439,7.0,yes,5.0,5.0,1.0,1.3333333333333333,1.26723450463563,0.2672345046356299,2.26723450463563,high,1.2857,0.8529,-0.1471,1.8529,high,0.375,-0.3318,18-24 years old,Female,"No, I am not colourblind",380,100,True,27,yes,yes,yes,yes,,high_sem_high_perc,Q1,high,high,24,14,8,5.533,8.134,0.5041,-0.169,0.069,-0.0599,-0.8622,-0.0533,-0.0772,-1.5225,1.0,2.0,2.333333333333333
R_822VmkJYx8ecoav,SK-A-62,20,ai,10,4.5,11.8439,2.0,yes,8.0,-8.0,1.0,1.3333333333333333,1.26723450463563,0.2672345046356299,2.26723450463563,high,1.2857,0.8529,-0.1471,1.8529,high,0.375,-0.3318,18-24 years old,Female,"No, I am not colourblind",380,100,True,27,yes,yes,yes,yes,,low_sem_low_perc,Q4,low,low,6,4,4,4.61,10.563,-0.0614,-1.0813,-1.4832,-1.3537,-0.3464,-1.3061,-1.366,-1.5225,1.0,2.0,2.333333333333333
R_822VmkJYx8ecoav,SK-A-3023,21,ai,6,0.5,-8.1561,4.0,yes,2.0,-2.0,1.0,1.3333333333333333,1.26723450463563,0.2672345046356299,2.26723450463563,high,1.2857,0.8529,-0.1471,1.8529,high,0.375,-0.3318,18-24 years old,Female,"No, I am not colourblind",380,100,True,27,yes,yes,yes,yes,,high_sem_low_perc,Q3,high,low,24,9,6,2.609,6.171,-1.2873,-0.169,-0.7071,-0.7068,-1.2791,-0.5276,-0.4284,-1.5225,1.0,2.0,2.333333333333333
R_822VmkJYx8ecoav,SK-A-388,22,human,8,2.5,-2.1561,3.0,yes,5.0,-5.0,1.0,1.3333333333333333,1.26723450463563,0.2672345046356299,2.26723450463563,high,1.2857,0.8529,-0.1471,1.8529,high,0.375,-0.3318,18-24 years old,Female,"No, I am not colourblind",380,100,True,27,yes,yes,yes,yes,,high_sem_low_perc,Q3,high,low,52,24,12,4.026,10.43,-0.4191,1.2502,1.6212,1.2339,-0.3746,1.3684,0.1145,-1.5225,1.0,2.0,2.333333333333333
R_822VmkJYx8ecoav,SK-A-298,23,human,4,-1.5,-6.1561,4.0,yes,0.0,0.0,1.0,1.3333333333333333,1.26723450463563,0.2672345046356299,2.26723450463563,high,1.2857,0.8529,-0.1471,1.8529,high,0.375,-0.3318,18-24 years old,Female,"No, I am not colourblind",380,100,True,27,yes,yes,yes,yes,,high_sem_low_perc,Q3,high,low,22,19,12,3.588,8.258,-0.6875,-0.2703,0.8451,1.2339,-0.8359,0.6029,0.4922,-1.5225,1.0,2.0,2.333333333333333
R_822VmkJYx8ecoav,SK-A-2110,24,human,9,3.5,3.8439,8.0,yes,1.0,-1.0,1.0,1.3333333333333333,1.26723450463563,0.2672345046356299,2.26723450463563,high,1.2857,0.8529,-0.1471,1.8529,high,0.375,-0.3318,18-24 years old,Female,"No, I am not colourblind",380,100,True,27,yes,yes,yes,yes,,high_sem_low_perc,Q3,high,low,29,17,13,4.449,10.91,-0.16,0.0845,0.5346,1.5574,-0.2727,0.7255,0.9709,-1.5225,1.0,2.0,2.333333333333333
R_822VmkJYx8ecoav,SK-A-87,25,ai,9,3.5,3.8439,6.0,yes,3.0,-3.0,1.0,1.3333333333333333,1.26723450463563,0.2672345046356299,2.26723450463563,high,1.2857,0.8529,-0.1471,1.8529,high,0.375,-0.3318,18-24 years old,Female,"No, I am not colourblind",380,100,True,27,yes,yes,yes,yes,,low_sem_low_perc,Q4,low,low,16,9,4,1.284,3.991,-2.099,-0.5744,-0.7071,-1.3537,-1.742,-0.8784,0.5278,-1.5225,1.0,2.0,2.333333333333333
R_822VmkJYx8ecoav,SK-A-2320 A,26,ai,4,-1.5,-6.1561,5.0,yes,1.0,1.0,1.0,1.3333333333333333,1.26723450463563,0.2672345046356299,2.26723450463563,high,1.2857,0.8529,-0.1471,1.8529,high,0.375,-0.3318,18-24 years old,Female,"No, I am not colourblind",380,100,True,27,yes,yes,yes,yes,,high_sem_low_perc,Q3,high,low,47,24,14,4.652,11.926,-0.0356,0.9968,1.6212,1.8808,-0.0569,1.4996,0.4324,-1.5225,1.0,2.0,2.333333333333333
R_822VmkJYx8ecoav,SK-C-153,27,ai,5,-0.5,-8.1561,8.0,yes,3.0,3.0,1.0,1.3333333333333333,1.26723450463563,0.2672345046356299,2.26723450463563,high,1.2857,0.8529,-0.1471,1.8529,high,0.375,-0.3318,18-24 years old,Female,"No, I am not colourblind",380,100,True,27,yes,yes,yes,yes,,low_sem_high_perc,Q2,low,high,14,12,8,6.72,23.164,1.2313,-0.6758,-0.2415,-0.0599,2.3297,-0.3257,0.2978,-1.5225,1.0,2.0,2.333333333333333
R_2tRLCpeFcC3EOgV,SK-A-1906,1,none,2,-3.5,3.8439,8.0,yes,6.0,6.0,1.0,0.3333333333333333,-0.7183686045386691,-1.7183686045386692,0.2816313954613308,low,0.2857,-1.2129,-2.2129,-0.2129,low,0.75,0.4361,18-24 years old,Male,"No, I am not colourblind",326,100,True,27,yes,yes,yes,yes,,high_sem_low_perc,Q3,high,low,43,16,11,4.708,19.343,-0.0013,0.7941,0.3794,0.9105,1.5182,0.6947,0.4853,2.3664,0.0,0.0,0.3333333333333333
R_2tRLCpeFcC3EOgV,SK-C-95,2,none,7,1.5,-6.1561,7.0,yes,0.0,0.0,1.0,0.3333333333333333,-0.7183686045386691,-1.7183686045386692,0.2816313954613308,low,0.2857,-1.2129,-2.2129,-0.2129,low,0.75,0.4361,18-24 years old,Male,"No, I am not colourblind",326,100,True,27,yes,yes,yes,yes,,low_sem_high_perc,Q2,low,high,12,10,6,5.078,11.141,0.2254,-0.7772,-0.5519,-0.7068,-0.2236,-0.6786,0.0208,2.3664,0.0,0.0,0.3333333333333333
R_2tRLCpeFcC3EOgV,SK-C-153,3,none,9,3.5,3.8439,9.0,yes,0.0,0.0,1.0,0.3333333333333333,-0.7183686045386691,-1.7183686045386692,0.2816313954613308,low,0.2857,-1.2129,-2.2129,-0.2129,low,0.75,0.4361,18-24 years old,Male,"No, I am not colourblind",326,100,True,27,yes,yes,yes,yes,,low_sem_high_perc,Q2,low,high,14,12,8,6.72,23.164,1.2313,-0.6758,-0.2415,-0.0599,2.3297,-0.3257,0.2978,2.3664,0.0,0.0,0.3333333333333333
R_2tRLCpeFcC3EOgV,SK-A-1298,4,none,7,1.5,-6.1561,7.0,yes,0.0,0.0,1.0,0.3333333333333333,-0.7183686045386691,-1.7183686045386692,0.2816313954613308,low,0.2857,-1.2129,-2.2129,-0.2129,low,0.75,0.4361,18-24 years old,Male,"No, I am not colourblind",326,100,True,27,yes,yes,yes,yes,,low_sem_high_perc,Q2,low,high,13,4,3,6.345,12.638,1.0016,-0.7265,-1.4832,-1.6772,0.0943,-1.2956,-1.1122,2.3664,0.0,0.0,0.3333333333333333
R_2tRLCpeFcC3EOgV,SK-A-110,5,none,2,-3.5,3.8439,8.0,yes,6.0,6.0,1.0,0.3333333333333333,-0.7183686045386691,-1.7183686045386692,0.2816313954613308,low,0.2857,-1.2129,-2.2129,-0.2129,low,0.75,0.4361,18-24 years old,Male,"No, I am not colourblind",326,100,True,27,yes,yes,yes,yes,,low_sem_high_perc,Q2,low,high,9,7,5,5.104,15.147,0.2413,-0.9292,-1.0175,-1.0303,0.6271,-0.9923,0.0078,2.3664,0.0,0.0,0.3333333333333333
R_2tRLCpeFcC3EOgV,SK-A-4469,6,ai,9,3.5,3.8439,6.0,yes,3.0,-3.0,1.0,0.3333333333333333,-0.7183686045386691,-1.7183686045386692,0.2816313954613308,low,0.2857,-1.2129,-2.2129,-0.2129,low,0.75,0.4361,18-24 years old,Male,"No, I am not colourblind",326,100,True,27,yes,yes,yes,yes,,high_sem_high_perc,Q1,high,high,31,11,6,6.128,21.628,0.8686,0.1858,-0.3967,-0.7068,2.0035,-0.3059,-0.9165,2.3664,0.0,0.0,0.3333333333333333
R_2tRLCpeFcC3EOgV,SK-C-1215,7,human,8,2.5,-2.1561,8.0,yes,0.0,0.0,1.0,0.3333333333333333,-0.7183686045386691,-1.7183686045386692,0.2816313954613308,low,0.2857,-1.2129,-2.2129,-0.2129,low,0.75,0.4361,18-24 years old,Male,"No, I am not colourblind",326,100,True,27,yes,yes,yes,yes,,high_sem_high_perc,Q1,high,high,24,14,8,5.533,8.134,0.5041,-0.169,0.069,-0.0599,-0.8622,-0.0533,-0.0772,2.3664,0.0,0.0,0.3333333333333333
R_2tRLCpeFcC3EOgV,SK-A-3023,8,ai,2,-3.5,3.8439,7.0,yes,5.0,5.0,1.0,0.3333333333333333,-0.7183686045386691,-1.7183686045386692,0.2816313954613308,low,0.2857,-1.2129,-2.2129,-0.2129,low,0.75,0.4361,18-24 years old,Male,"No, I am not colourblind",326,100,True,27,yes,yes,yes,yes,,high_sem_low_perc,Q3,high,low,24,9,6,2.609,6.171,-1.2873,-0.169,-0.7071,-0.7068,-1.2791,-0.5276,-0.4284,2.3664,0.0,0.0,0.3333333333333333
R_2tRLCpeFcC3EOgV,SK-A-1940,9,ai,7,1.5,-6.1561,6.0,yes,1.0,-1.0,1.0,0.3333333333333333,-0.7183686045386691,-1.7183686045386692,0.2816313954613308,low,0.2857,-1.2129,-2.2129,-0.2129,low,0.75,0.4361,18-24 years old,Male,"No, I am not colourblind",326,100,True,27,yes,yes,yes,yes,,high_sem_high_perc,Q1,high,high,39,23,10,7.148,15.116,1.4935,0.5913,1.466,0.587,0.6205,0.8814,-0.3461,2.3664,0.0,0.0,0.3333333333333333
R_2tRLCpeFcC3EOgV,SK-A-1574,10,human,4,-1.5,-6.1561,7.0,yes,3.0,3.0,1.0,0.3333333333333333,-0.7183686045386691,-1.7183686045386692,0.2816313954613308,low,0.2857,-1.2129,-2.2129,-0.2129,low,0.75,0.4361,18-24 years old,Male,"No, I am not colourblind",326,100,True,27,yes,yes,yes,yes,,high_sem_high_perc,Q1,high,high,41,19,10,6.451,10.977,1.0665,0.6927,0.8451,0.587,-0.2584,0.7083,-1.9879,2.3664,0.0,0.0,0.3333333333333333
R_2tRLCpeFcC3EOgV,SK-A-864,11,human,10,4.5,11.8439,3.0,yes,7.0,-7.0,1.0,0.3333333333333333,-0.7183686045386691,-1.7183686045386692,0.2816313954613308,low,0.2857,-1.2129,-2.2129,-0.2129,low,0.75,0.4361,18-24 years old,Male,"No, I am not colourblind",326,100,True,27,yes,yes,yes,yes,,high_sem_high_perc,Q1,high,high,66,28,11,8.181,13.079,2.1264,1.9598,2.242,0.9105,0.188,1.7041,1.4922,2.3664,0.0,0.0,0.3333333333333333
R_2tRLCpeFcC3EOgV,SK-A-1756,12,ai,3,-2.5,-2.1561,3.0,yes,0.0,0.0,1.0,0.3333333333333333,-0.7183686045386691,-1.7183686045386692,0.2816313954613308,low,0.2857,-1.2129,-2.2129,-0.2129,low,0.75,0.4361,18-24 years old,Male,"No, I am not colourblind",326,100,True,27,yes,yes,yes,yes,,high_sem_high_perc,Q1,high,high,20,12,9,5.001,12.19,0.1782,-0.3717,-0.2415,0.2636,-0.0008,-0.1165,-1.106,2.3664,0.0,0.0,0.3333333333333333
R_2tRLCpeFcC3EOgV,SK-A-261,13,human,10,4.5,11.8439,4.0,yes,6.0,-6.0,1.0,0.3333333333333333,-0.7183686045386691,-1.7183686045386692,0.2816313954613308,low,0.2857,-1.2129,-2.2129,-0.2129,low,0.75,0.4361,18-24 years old,Male,"No, I am not colourblind",326,100,True,27,yes,yes,yes,yes,,low_sem_low_perc,Q4,low,low,9,8,7,4.292,16.828,-0.2562,-0.9292,-0.8623,-0.3834,0.9841,-0.725,0.1278,2.3664,0.0,0.0,0.3333333333333333
R_2tRLCpeFcC3EOgV,SK-A-2320 A,14,ai,9,3.5,3.8439,8.0,yes,1.0,-1.0,1.0,0.3333333333333333,-0.7183686045386691,-1.7183686045386692,0.2816313954613308,low,0.2857,-1.2129,-2.2129,-0.2129,low,0.75,0.4361,18-24 years old,Male,"No, I am not colourblind",326,100,True,27,yes,yes,yes,yes,,high_sem_low_perc,Q3,high,low,47,24,14,4.652,11.926,-0.0356,0.9968,1.6212,1.8808,-0.0569,1.4996,0.4324,2.3664,0.0,0.0,0.3333333333333333
R_2tRLCpeFcC3EOgV,SK-A-4717,15,none,6,0.5,-8.1561,9.0,yes,3.0,3.0,1.0,0.3333333333333333,-0.7183686045386691,-1.7183686045386692,0.2816313954613308,low,0.2857,-1.2129,-2.2129,-0.2129,low,0.75,0.4361,18-24 years old,Male,"No, I am not colourblind",326,100,True,27,yes,yes,yes,yes,,low_sem_high_perc,Q2,low,high,12,10,9,6.171,17.158,0.895,-0.7772,-0.5519,0.2636,1.0542,-0.3552,-0.0167,2.3664,0.0,0.0,0.3333333333333333
R_2tRLCpeFcC3EOgV,SK-A-87,16,human,10,4.5,11.8439,3.0,yes,7.0,-7.0,1.0,0.3333333333333333,-0.7183686045386691,-1.7183686045386692,0.2816313954613308,low,0.2857,-1.2129,-2.2129,-0.2129,low,0.75,0.4361,18-24 years old,Male,"No, I am not colourblind",326,100,True,27,yes,yes,yes,yes,,low_sem_low_perc,Q4,low,low,16,9,4,1.284,3.991,-2.099,-0.5744,-0.7071,-1.3537,-1.742,-0.8784,0.5278,2.3664,0.0,0.0,0.3333333333333333
R_2tRLCpeFcC3EOgV,SK-A-232,17,none,7,1.5,-6.1561,4.0,yes,3.0,-3.0,1.0,0.3333333333333333,-0.7183686045386691,-1.7183686045386692,0.2816313954613308,low,0.2857,-1.2129,-2.2129,-0.2129,low,0.75,0.4361,18-24 years old,Male,"No, I am not colourblind",326,100,True,27,yes,yes,yes,yes,,high_sem_low_perc,Q3,high,low,76,16,8,2.204,6.579,-1.5354,2.4667,0.3794,-0.0599,-1.1924,0.9287,0.1549,2.3664,0.0,0.0,0.3333333333333333
R_2tRLCpeFcC3EOgV,SK-A-3297,18,ai,5,-0.5,-8.1561,7.0,yes,2.0,2.0,1.0,0.3333333333333333,-0.7183686045386691,-1.7183686045386692,0.2816313954613308,low,0.2857,-1.2129,-2.2129,-0.2129,low,0.75,0.4361,18-24 years old,Male,"No, I am not colourblind",326,100,True,27,yes,yes,yes,yes,,low_sem_low_perc,Q4,low,low,17,10,7,4.118,13.599,-0.3628,-0.5237,-0.5519,-0.3834,0.2984,-0.4863,-0.4879,2.3664,0.0,0.0,0.3333333333333333
R_2tRLCpeFcC3EOgV,SK-A-2110,19,human,6,0.5,-8.1561,7.0,yes,1.0,1.0,1.0,0.3333333333333333,-0.7183686045386691,-1.7183686045386692,0.2816313954613308,low,0.2857,-1.2129,-2.2129,-0.2129,low,0.75,0.4361,18-24 years old,Male,"No, I am not colourblind",326,100,True,27,yes,yes,yes,yes,,high_sem_low_perc,Q3,high,low,29,17,13,4.449,10.91,-0.16,0.0845,0.5346,1.5574,-0.2727,0.7255,0.9709,2.3664,0.0,0.0,0.3333333333333333
R_2tRLCpeFcC3EOgV,SK-A-1713,20,ai,1,-4.5,11.8439,6.0,yes,5.0,5.0,1.0,0.3333333333333333,-0.7183686045386691,-1.7183686045386692,0.2816313954613308,low,0.2857,-1.2129,-2.2129,-0.2129,low,0.75,0.4361,18-24 years old,Male,"No, I am not colourblind",326,100,True,27,yes,yes,yes,yes,,low_sem_low_perc,Q4,low,low,15,13,10,2.989,8.961,-1.0545,-0.6251,-0.0862,0.587,-0.6866,-0.0414,-0.1003,2.3664,0.0,0.0,0.3333333333333333
R_2tRLCpeFcC3EOgV,SK-C-243,21,ai,6,0.5,-8.1561,8.0,yes,2.0,2.0,1.0,0.3333333333333333,-0.7183686045386691,-1.7183686045386692,0.2816313954613308,low,0.2857,-1.2129,-2.2129,-0.2129,low,0.75,0.4361,18-24 years old,Male,"No, I am not colourblind",326,100,True,27,yes,yes,yes,yes,,low_sem_low_perc,Q4,low,low,14,12,6,4.052,8.426,-0.4032,-0.6758,-0.2415,-0.7068,-0.8002,-0.5414,0.1632,2.3664,0.0,0.0,0.3333333333333333
R_2tRLCpeFcC3EOgV,SK-A-1403,22,human,3,-2.5,-2.1561,4.0,yes,1.0,1.0,1.0,0.3333333333333333,-0.7183686045386691,-1.7183686045386692,0.2816313954613308,low,0.2857,-1.2129,-2.2129,-0.2129,low,0.75,0.4361,18-24 years old,Male,"No, I am not colourblind",326,100,True,27,yes,yes,yes,yes,,high_sem_high_perc,Q1,high,high,69,22,13,5.281,17.539,0.3497,2.1119,1.3107,1.5574,1.1351,1.66,0.7811,2.3664,0.0,0.0,0.3333333333333333
R_2tRLCpeFcC3EOgV,SK-A-388,23,none,7,1.5,-6.1561,8.0,yes,1.0,1.0,1.0,0.3333333333333333,-0.7183686045386691,-1.7183686045386692,0.2816313954613308,low,0.2857,-1.2129,-2.2129,-0.2129,low,0.75,0.4361,18-24 years old,Male,"No, I am not colourblind",326,100,True,27,yes,yes,yes,yes,,high_sem_low_perc,Q3,high,low,52,24,12,4.026,10.43,-0.4191,1.2502,1.6212,1.2339,-0.3746,1.3684,0.1145,2.3664,0.0,0.0,0.3333333333333333
R_2tRLCpeFcC3EOgV,SK-A-62,24,none,4,-1.5,-6.1561,6.0,yes,2.0,2.0,1.0,0.3333333333333333,-0.7183686045386691,-1.7183686045386692,0.2816313954613308,low,0.2857,-1.2129,-2.2129,-0.2129,low,0.75,0.4361,18-24 years old,Male,"No, I am not colourblind",326,100,True,27,yes,yes,yes,yes,,low_sem_low_perc,Q4,low,low,6,4,4,4.61,10.563,-0.0614,-1.0813,-1.4832,-1.3537,-0.3464,-1.3061,-1.366,2.3664,0.0,0.0,0.3333333333333333
R_2tRLCpeFcC3EOgV,SK-A-2320 B,25,ai,10,4.5,11.8439,7.0,yes,3.0,-3.0,1.0,0.3333333333333333,-0.7183686045386691,-1.7183686045386692,0.2816313954613308,low,0.2857,-1.2129,-2.2129,-0.2129,low,0.75,0.4361,18-24 years old,Male,"No, I am not colourblind",326,100,True,27,yes,yes,yes,yes,,low_sem_high_perc,Q2,low,high,11,7,4,4.974,8.222,0.1616,-0.8279,-1.0175,-1.3537,-0.8435,-1.0664,0.3704,2.3664,0.0,0.0,0.3333333333333333
R_2tRLCpeFcC3EOgV,SK-A-1684,26,human,1,-4.5,11.8439,6.0,yes,5.0,5.0,1.0,0.3333333333333333,-0.7183686045386691,-1.7183686045386692,0.2816313954613308,low,0.2857,-1.2129,-2.2129,-0.2129,low,0.75,0.4361,18-24 years old,Male,"No, I am not colourblind",326,100,True,27,yes,yes,yes,yes,,low_sem_low_perc,Q4,low,low,7,6,5,1.478,7.119,-1.9802,-1.0306,-1.1728,-1.0303,-1.0777,-1.0779,1.5061,2.3664,0.0,0.0,0.3333333333333333
R_2tRLCpeFcC3EOgV,SK-A-298,27,human,4,-1.5,-6.1561,7.0,yes,3.0,3.0,1.0,0.3333333333333333,-0.7183686045386691,-1.7183686045386692,0.2816313954613308,low,0.2857,-1.2129,-2.2129,-0.2129,low,0.75,0.4361,18-24 years old,Male,"No, I am not colourblind",326,100,True,27,yes,yes,yes,yes,,high_sem_low_perc,Q3,high,low,22,19,12,3.588,8.258,-0.6875,-0.2703,0.8451,1.2339,-0.8359,0.6029,0.4922,2.3664,0.0,0.0,0.3333333333333333
R_2ppgG2LnD3nQBdD,SK-A-1940,1,ai,7,1.5,-6.1561,4.0,yes,3.0,-3.0,1.0,1.1666666666666667,0.9363006531065804,-0.0636993468934197,1.9363006531065805,high,1.4286,1.1481,0.1481,2.1481,high,0.0,-1.0998,25-34 years old,Non-binary / third gender,"No, I am not colourblind",463,100,True,27,yes,yes,yes,yes,,high_sem_high_perc,Q1,high,high,39,23,10,7.148,15.116,1.4935,0.5913,1.466,0.587,0.6205,0.8814,-0.3461,-0.5225,1.0,2.5,2.0
R_2ppgG2LnD3nQBdD,SK-A-3023,2,human,6,0.5,-8.1561,8.0,yes,2.0,2.0,1.0,1.1666666666666667,0.9363006531065804,-0.0636993468934197,1.9363006531065805,high,1.4286,1.1481,0.1481,2.1481,high,0.0,-1.0998,25-34 years old,Non-binary / third gender,"No, I am not colourblind",463,100,True,27,yes,yes,yes,yes,,high_sem_low_perc,Q3,high,low,24,9,6,2.609,6.171,-1.2873,-0.169,-0.7071,-0.7068,-1.2791,-0.5276,-0.4284,-0.5225,1.0,2.5,2.0
R_2ppgG2LnD3nQBdD,SK-A-2110,3,none,10,4.5,11.8439,6.0,yes,4.0,-4.0,1.0,1.1666666666666667,0.9363006531065804,-0.0636993468934197,1.9363006531065805,high,1.4286,1.1481,0.1481,2.1481,high,0.0,-1.0998,25-34 years old,Non-binary / third gender,"No, I am not colourblind",463,100,True,27,yes,yes,yes,yes,,high_sem_low_perc,Q3,high,low,29,17,13,4.449,10.91,-0.16,0.0845,0.5346,1.5574,-0.2727,0.7255,0.9709,-0.5225,1.0,2.5,2.0
R_2ppgG2LnD3nQBdD,SK-A-1713,4,human,5,-0.5,-8.1561,2.0,yes,3.0,-3.0,1.0,1.1666666666666667,0.9363006531065804,-0.0636993468934197,1.9363006531065805,high,1.4286,1.1481,0.1481,2.1481,high,0.0,-1.0998,25-34 years old,Non-binary / third gender,"No, I am not colourblind",463,100,True,27,yes,yes,yes,yes,,low_sem_low_perc,Q4,low,low,15,13,10,2.989,8.961,-1.0545,-0.6251,-0.0862,0.587,-0.6866,-0.0414,-0.1003,-0.5225,1.0,2.5,2.0
R_2ppgG2LnD3nQBdD,SK-A-261,5,human,9,3.5,3.8439,8.0,yes,1.0,-1.0,1.0,1.1666666666666667,0.9363006531065804,-0.0636993468934197,1.9363006531065805,high,1.4286,1.1481,0.1481,2.1481,high,0.0,-1.0998,25-34 years old,Non-binary / third gender,"No, I am not colourblind",463,100,True,27,yes,yes,yes,yes,,low_sem_low_perc,Q4,low,low,9,8,7,4.292,16.828,-0.2562,-0.9292,-0.8623,-0.3834,0.9841,-0.725,0.1278,-0.5225,1.0,2.5,2.0
R_2ppgG2LnD3nQBdD,SK-A-87,6,none,3,-2.5,-2.1561,7.0,yes,4.0,4.0,1.0,1.1666666666666667,0.9363006531065804,-0.0636993468934197,1.9363006531065805,high,1.4286,1.1481,0.1481,2.1481,high,0.0,-1.0998,25-34 years old,Non-binary / third gender,"No, I am not colourblind",463,100,True,27,yes,yes,yes,yes,,low_sem_low_perc,Q4,low,low,16,9,4,1.284,3.991,-2.099,-0.5744,-0.7071,-1.3537,-1.742,-0.8784,0.5278,-0.5225,1.0,2.5,2.0
R_2ppgG2LnD3nQBdD,SK-A-2320 B,7,none,4,-1.5,-6.1561,5.0,yes,1.0,1.0,1.0,1.1666666666666667,0.9363006531065804,-0.0636993468934197,1.9363006531065805,high,1.4286,1.1481,0.1481,2.1481,high,0.0,-1.0998,25-34 years old,Non-binary / third gender,"No, I am not colourblind",463,100,True,27,yes,yes,yes,yes,,low_sem_high_perc,Q2,low,high,11,7,4,4.974,8.222,0.1616,-0.8279,-1.0175,-1.3537,-0.8435,-1.0664,0.3704,-0.5225,1.0,2.5,2.0
R_2ppgG2LnD3nQBdD,SK-C-1215,8,ai,2,-3.5,3.8439,1.0,yes,1.0,-1.0,1.0,1.1666666666666667,0.9363006531065804,-0.0636993468934197,1.9363006531065805,high,1.4286,1.1481,0.1481,2.1481,high,0.0,-1.0998,25-34 years old,Non-binary / third gender,"No, I am not colourblind",463,100,True,27,yes,yes,yes,yes,,high_sem_high_perc,Q1,high,high,24,14,8,5.533,8.134,0.5041,-0.169,0.069,-0.0599,-0.8622,-0.0533,-0.0772,-0.5225,1.0,2.5,2.0
R_2ppgG2LnD3nQBdD,SK-C-95,9,none,9,3.5,3.8439,3.0,yes,6.0,-6.0,1.0,1.1666666666666667,0.9363006531065804,-0.0636993468934197,1.9363006531065805,high,1.4286,1.1481,0.1481,2.1481,high,0.0,-1.0998,25-34 years old,Non-binary / third gender,"No, I am not colourblind",463,100,True,27,yes,yes,yes,yes,,low_sem_high_perc,Q2,low,high,12,10,6,5.078,11.141,0.2254,-0.7772,-0.5519,-0.7068,-0.2236,-0.6786,0.0208,-0.5225,1.0,2.5,2.0
R_2ppgG2LnD3nQBdD,SK-A-298,10,ai,8,2.5,-2.1561,9.0,yes,1.0,1.0,1.0,1.1666666666666667,0.9363006531065804,-0.0636993468934197,1.9363006531065805,high,1.4286,1.1481,0.1481,2.1481,high,0.0,-1.0998,25-34 years old,Non-binary / third gender,"No, I am not colourblind",463,100,True,27,yes,yes,yes,yes,,high_sem_low_perc,Q3,high,low,22,19,12,3.588,8.258,-0.6875,-0.2703,0.8451,1.2339,-0.8359,0.6029,0.4922,-0.5225,1.0,2.5,2.0
R_2ppgG2LnD3nQBdD,SK-A-3297,11,none,3,-2.5,-2.1561,2.0,yes,1.0,-1.0,1.0,1.1666666666666667,0.9363006531065804,-0.0636993468934197,1.9363006531065805,high,1.4286,1.1481,0.1481,2.1481,high,0.0,-1.0998,25-34 years old,Non-binary / third gender,"No, I am not colourblind",463,100,True,27,yes,yes,yes,yes,,low_sem_low_perc,Q4,low,low,17,10,7,4.118,13.599,-0.3628,-0.5237,-0.5519,-0.3834,0.2984,-0.4863,-0.4879,-0.5225,1.0,2.5,2.0
R_2ppgG2LnD3nQBdD,SK-A-1756,12,human,5,-0.5,-8.1561,2.0,yes,3.0,-3.0,1.0,1.1666666666666667,0.9363006531065804,-0.0636993468934197,1.9363006531065805,high,1.4286,1.1481,0.1481,2.1481,high,0.0,-1.0998,25-34 years old,Non-binary / third gender,"No, I am not colourblind",463,100,True,27,yes,yes,yes,yes,,high_sem_high_perc,Q1,high,high,20,12,9,5.001,12.19,0.1782,-0.3717,-0.2415,0.2636,-0.0008,-0.1165,-1.106,-0.5225,1.0,2.5,2.0
R_2ppgG2LnD3nQBdD,SK-A-388,13,none,9,3.5,3.8439,6.0,yes,3.0,-3.0,1.0,1.1666666666666667,0.9363006531065804,-0.0636993468934197,1.9363006531065805,high,1.4286,1.1481,0.1481,2.1481,high,0.0,-1.0998,25-34 years old,Non-binary / third gender,"No, I am not colourblind",463,100,True,27,yes,yes,yes,yes,,high_sem_low_perc,Q3,high,low,52,24,12,4.026,10.43,-0.4191,1.2502,1.6212,1.2339,-0.3746,1.3684,0.1145,-0.5225,1.0,2.5,2.0
R_2ppgG2LnD3nQBdD,SK-C-243,14,human,1,-4.5,11.8439,7.0,yes,6.0,6.0,1.0,1.1666666666666667,0.9363006531065804,-0.0636993468934197,1.9363006531065805,high,1.4286,1.1481,0.1481,2.1481,high,0.0,-1.0998,25-34 years old,Non-binary / third gender,"No, I am not colourblind",463,100,True,27,yes,yes,yes,yes,,low_sem_low_perc,Q4,low,low,14,12,6,4.052,8.426,-0.4032,-0.6758,-0.2415,-0.7068,-0.8002,-0.5414,0.1632,-0.5225,1.0,2.5,2.0
R_2ppgG2LnD3nQBdD,SK-A-4469,15,none,8,2.5,-2.1561,1.0,yes,7.0,-7.0,1.0,1.1666666666666667,0.9363006531065804,-0.0636993468934197,1.9363006531065805,high,1.4286,1.1481,0.1481,2.1481,high,0.0,-1.0998,25-34 years old,Non-binary / third gender,"No, I am not colourblind",463,100,True,27,yes,yes,yes,yes,,high_sem_high_perc,Q1,high,high,31,11,6,6.128,21.628,0.8686,0.1858,-0.3967,-0.7068,2.0035,-0.3059,-0.9165,-0.5225,1.0,2.5,2.0
R_2ppgG2LnD3nQBdD,SK-A-1298,16,human,3,-2.5,-2.1561,2.0,yes,1.0,-1.0,1.0,1.1666666666666667,0.9363006531065804,-0.0636993468934197,1.9363006531065805,high,1.4286,1.1481,0.1481,2.1481,high,0.0,-1.0998,25-34 years old,Non-binary / third gender,"No, I am not colourblind",463,100,True,27,yes,yes,yes,yes,,low_sem_high_perc,Q2,low,high,13,4,3,6.345,12.638,1.0016,-0.7265,-1.4832,-1.6772,0.0943,-1.2956,-1.1122,-0.5225,1.0,2.5,2.0
R_2ppgG2LnD3nQBdD,SK-A-1403,17,ai,9,3.5,3.8439,2.0,yes,7.0,-7.0,1.0,1.1666666666666667,0.9363006531065804,-0.0636993468934197,1.9363006531065805,high,1.4286,1.1481,0.1481,2.1481,high,0.0,-1.0998,25-34 years old,Non-binary / third gender,"No, I am not colourblind",463,100,True,27,yes,yes,yes,yes,,high_sem_high_perc,Q1,high,high,69,22,13,5.281,17.539,0.3497,2.1119,1.3107,1.5574,1.1351,1.66,0.7811,-0.5225,1.0,2.5,2.0
R_2ppgG2LnD3nQBdD,SK-A-232,18,none,10,4.5,11.8439,8.0,yes,2.0,-2.0,1.0,1.1666666666666667,0.9363006531065804,-0.0636993468934197,1.9363006531065805,high,1.4286,1.1481,0.1481,2.1481,high,0.0,-1.0998,25-34 years old,Non-binary / third gender,"No, I am not colourblind",463,100,True,27,yes,yes,yes,yes,,high_sem_low_perc,Q3,high,low,76,16,8,2.204,6.579,-1.5354,2.4667,0.3794,-0.0599,-1.1924,0.9287,0.1549,-0.5225,1.0,2.5,2.0
R_2ppgG2LnD3nQBdD,SK-A-1684,19,ai,8,2.5,-2.1561,3.0,yes,5.0,-5.0,1.0,1.1666666666666667,0.9363006531065804,-0.0636993468934197,1.9363006531065805,high,1.4286,1.1481,0.1481,2.1481,high,0.0,-1.0998,25-34 years old,Non-binary / third gender,"No, I am not colourblind",463,100,True,27,yes,yes,yes,yes,,low_sem_low_perc,Q4,low,low,7,6,5,1.478,7.119,-1.9802,-1.0306,-1.1728,-1.0303,-1.0777,-1.0779,1.5061,-0.5225,1.0,2.5,2.0
R_2ppgG2LnD3nQBdD,SK-A-1574,20,ai,3,-2.5,-2.1561,4.0,yes,1.0,1.0,1.0,1.1666666666666667,0.9363006531065804,-0.0636993468934197,1.9363006531065805,high,1.4286,1.1481,0.1481,2.1481,high,0.0,-1.0998,25-34 years old,Non-binary / third gender,"No, I am not colourblind",463,100,True,27,yes,yes,yes,yes,,high_sem_high_perc,Q1,high,high,41,19,10,6.451,10.977,1.0665,0.6927,0.8451,0.587,-0.2584,0.7083,-1.9879,-0.5225,1.0,2.5,2.0
R_2ppgG2LnD3nQBdD,SK-A-110,21,human,8,2.5,-2.1561,5.0,yes,3.0,-3.0,1.0,1.1666666666666667,0.9363006531065804,-0.0636993468934197,1.9363006531065805,high,1.4286,1.1481,0.1481,2.1481,high,0.0,-1.0998,25-34 years old,Non-binary / third gender,"No, I am not colourblind",463,100,True,27,yes,yes,yes,yes,,low_sem_high_perc,Q2,low,high,9,7,5,5.104,15.147,0.2413,-0.9292,-1.0175,-1.0303,0.6271,-0.9923,0.0078,-0.5225,1.0,2.5,2.0
R_2ppgG2LnD3nQBdD,SK-A-864,22,ai,9,3.5,3.8439,8.0,yes,1.0,-1.0,1.0,1.1666666666666667,0.9363006531065804,-0.0636993468934197,1.9363006531065805,high,1.4286,1.1481,0.1481,2.1481,high,0.0,-1.0998,25-34 years old,Non-binary / third gender,"No, I am not colourblind",463,100,True,27,yes,yes,yes,yes,,high_sem_high_perc,Q1,high,high,66,28,11,8.181,13.079,2.1264,1.9598,2.242,0.9105,0.188,1.7041,1.4922,-0.5225,1.0,2.5,2.0
R_2ppgG2LnD3nQBdD,SK-A-62,23,none,9,3.5,3.8439,2.0,yes,7.0,-7.0,1.0,1.1666666666666667,0.9363006531065804,-0.0636993468934197,1.9363006531065805,high,1.4286,1.1481,0.1481,2.1481,high,0.0,-1.0998,25-34 years old,Non-binary / third gender,"No, I am not colourblind",463,100,True,27,yes,yes,yes,yes,,low_sem_low_perc,Q4,low,low,6,4,4,4.61,10.563,-0.0614,-1.0813,-1.4832,-1.3537,-0.3464,-1.3061,-1.366,-0.5225,1.0,2.5,2.0
R_2ppgG2LnD3nQBdD,SK-A-2320 A,24,ai,5,-0.5,-8.1561,6.0,yes,1.0,1.0,1.0,1.1666666666666667,0.9363006531065804,-0.0636993468934197,1.9363006531065805,high,1.4286,1.1481,0.1481,2.1481,high,0.0,-1.0998,25-34 years old,Non-binary / third gender,"No, I am not colourblind",463,100,True,27,yes,yes,yes,yes,,high_sem_low_perc,Q3,high,low,47,24,14,4.652,11.926,-0.0356,0.9968,1.6212,1.8808,-0.0569,1.4996,0.4324,-0.5225,1.0,2.5,2.0
R_2ppgG2LnD3nQBdD,SK-A-4717,25,human,10,4.5,11.8439,2.0,yes,8.0,-8.0,1.0,1.1666666666666667,0.9363006531065804,-0.0636993468934197,1.9363006531065805,high,1.4286,1.1481,0.1481,2.1481,high,0.0,-1.0998,25-34 years old,Non-binary / third gender,"No, I am not colourblind",463,100,True,27,yes,yes,yes,yes,,low_sem_high_perc,Q2,low,high,12,10,9,6.171,17.158,0.895,-0.7772,-0.5519,0.2636,1.0542,-0.3552,-0.0167,-0.5225,1.0,2.5,2.0
R_2ppgG2LnD3nQBdD,SK-C-153,26,ai,10,4.5,11.8439,6.0,yes,4.0,-4.0,1.0,1.1666666666666667,0.9363006531065804,-0.0636993468934197,1.9363006531065805,high,1.4286,1.1481,0.1481,2.1481,high,0.0,-1.0998,25-34 years old,Non-binary / third gender,"No, I am not colourblind",463,100,True,27,yes,yes,yes,yes,,low_sem_high_perc,Q2,low,high,14,12,8,6.72,23.164,1.2313,-0.6758,-0.2415,-0.0599,2.3297,-0.3257,0.2978,-0.5225,1.0,2.5,2.0
R_2ppgG2LnD3nQBdD,SK-A-1906,27,human,7,1.5,-6.1561,4.0,yes,3.0,-3.0,1.0,1.1666666666666667,0.9363006531065804,-0.0636993468934197,1.9363006531065805,high,1.4286,1.1481,0.1481,2.1481,high,0.0,-1.0998,25-34 years old,Non-binary / third gender,"No, I am not colourblind",463,100,True,27,yes,yes,yes,yes,,high_sem_low_perc,Q3,high,low,43,16,11,4.708,19.343,-0.0013,0.7941,0.3794,0.9105,1.5182,0.6947,0.4853,-0.5225,1.0,2.5,2.0
R_2v5NX9EEkkc5ipR,SK-A-298,1,none,6,0.5,-8.1561,6.0,yes,0.0,0.0,1.0,0.6666666666666666,-0.0565009014805694,-1.0565009014805695,0.9434990985194304,low,1.0,0.2627,-0.7373,1.2627,high,0.375,-0.3318,25-34 years old,Female,"No, I am not colourblind",312,100,True,27,yes,yes,yes,yes,,high_sem_low_perc,Q3,high,low,22,19,12,3.588,8.258,-0.6875,-0.2703,0.8451,1.2339,-0.8359,0.6029,0.4922,-0.9669,1.0,0.5,1.0
R_2v5NX9EEkkc5ipR,SK-C-1215,2,ai,5,-0.5,-8.1561,4.0,yes,1.0,-1.0,1.0,0.6666666666666666,-0.0565009014805694,-1.0565009014805695,0.9434990985194304,low,1.0,0.2627,-0.7373,1.2627,high,0.375,-0.3318,25-34 years old,Female,"No, I am not colourblind",312,100,True,27,yes,yes,yes,yes,,high_sem_high_perc,Q1,high,high,24,14,8,5.533,8.134,0.5041,-0.169,0.069,-0.0599,-0.8622,-0.0533,-0.0772,-0.9669,1.0,0.5,1.0
R_2v5NX9EEkkc5ipR,SK-A-261,3,human,7,1.5,-6.1561,4.0,yes,3.0,-3.0,1.0,0.6666666666666666,-0.0565009014805694,-1.0565009014805695,0.9434990985194304,low,1.0,0.2627,-0.7373,1.2627,high,0.375,-0.3318,25-34 years old,Female,"No, I am not colourblind",312,100,True,27,yes,yes,yes,yes,,low_sem_low_perc,Q4,low,low,9,8,7,4.292,16.828,-0.2562,-0.9292,-0.8623,-0.3834,0.9841,-0.725,0.1278,-0.9669,1.0,0.5,1.0
R_2v5NX9EEkkc5ipR,SK-A-87,4,human,9,3.5,3.8439,5.0,yes,4.0,-4.0,1.0,0.6666666666666666,-0.0565009014805694,-1.0565009014805695,0.9434990985194304,low,1.0,0.2627,-0.7373,1.2627,high,0.375,-0.3318,25-34 years old,Female,"No, I am not colourblind",312,100,True,27,yes,yes,yes,yes,,low_sem_low_perc,Q4,low,low,16,9,4,1.284,3.991,-2.099,-0.5744,-0.7071,-1.3537,-1.742,-0.8784,0.5278,-0.9669,1.0,0.5,1.0
R_2v5NX9EEkkc5ipR,SK-A-1756,5,human,4,-1.5,-6.1561,7.0,yes,3.0,3.0,1.0,0.6666666666666666,-0.0565009014805694,-1.0565009014805695,0.9434990985194304,low,1.0,0.2627,-0.7373,1.2627,high,0.375,-0.3318,25-34 years old,Female,"No, I am not colourblind",312,100,True,27,yes,yes,yes,yes,,high_sem_high_perc,Q1,high,high,20,12,9,5.001,12.19,0.1782,-0.3717,-0.2415,0.2636,-0.0008,-0.1165,-1.106,-0.9669,1.0,0.5,1.0
R_2v5NX9EEkkc5ipR,SK-C-243,6,none,3,-2.5,-2.1561,3.0,yes,0.0,0.0,1.0,0.6666666666666666,-0.0565009014805694,-1.0565009014805695,0.9434990985194304,low,1.0,0.2627,-0.7373,1.2627,high,0.375,-0.3318,25-34 years old,Female,"No, I am not colourblind",312,100,True,27,yes,yes,yes,yes,,low_sem_low_perc,Q4,low,low,14,12,6,4.052,8.426,-0.4032,-0.6758,-0.2415,-0.7068,-0.8002,-0.5414,0.1632,-0.9669,1.0,0.5,1.0
R_2v5NX9EEkkc5ipR,SK-A-1574,7,human,8,2.5,-2.1561,3.0,yes,5.0,-5.0,1.0,0.6666666666666666,-0.0565009014805694,-1.0565009014805695,0.9434990985194304,low,1.0,0.2627,-0.7373,1.2627,high,0.375,-0.3318,25-34 years old,Female,"No, I am not colourblind",312,100,True,27,yes,yes,yes,yes,,high_sem_high_perc,Q1,high,high,41,19,10,6.451,10.977,1.0665,0.6927,0.8451,0.587,-0.2584,0.7083,-1.9879,-0.9669,1.0,0.5,1.0
R_2v5NX9EEkkc5ipR,SK-A-3023,8,ai,10,4.5,11.8439,4.0,yes,6.0,-6.0,1.0,0.6666666666666666,-0.0565009014805694,-1.0565009014805695,0.9434990985194304,low,1.0,0.2627,-0.7373,1.2627,high,0.375,-0.3318,25-34 years old,Female,"No, I am not colourblind",312,100,True,27,yes,yes,yes,yes,,high_sem_low_perc,Q3,high,low,24,9,6,2.609,6.171,-1.2873,-0.169,-0.7071,-0.7068,-1.2791,-0.5276,-0.4284,-0.9669,1.0,0.5,1.0
R_2v5NX9EEkkc5ipR,SK-C-153,9,ai,4,-1.5,-6.1561,2.0,yes,2.0,-2.0,1.0,0.6666666666666666,-0.0565009014805694,-1.0565009014805695,0.9434990985194304,low,1.0,0.2627,-0.7373,1.2627,high,0.375,-0.3318,25-34 years old,Female,"No, I am not colourblind",312,100,True,27,yes,yes,yes,yes,,low_sem_high_perc,Q2,low,high,14,12,8,6.72,23.164,1.2313,-0.6758,-0.2415,-0.0599,2.3297,-0.3257,0.2978,-0.9669,1.0,0.5,1.0
R_2v5NX9EEkkc5ipR,SK-A-232,10,ai,4,-1.5,-6.1561,6.0,yes,2.0,2.0,1.0,0.6666666666666666,-0.0565009014805694,-1.0565009014805695,0.9434990985194304,low,1.0,0.2627,-0.7373,1.2627,high,0.375,-0.3318,25-34 years old,Female,"No, I am not colourblind",312,100,True,27,yes,yes,yes,yes,,high_sem_low_perc,Q3,high,low,76,16,8,2.204,6.579,-1.5354,2.4667,0.3794,-0.0599,-1.1924,0.9287,0.1549,-0.9669,1.0,0.5,1.0
R_2v5NX9EEkkc5ipR,SK-A-1940,11,none,2,-3.5,3.8439,2.0,yes,0.0,0.0,1.0,0.6666666666666666,-0.0565009014805694,-1.0565009014805695,0.9434990985194304,low,1.0,0.2627,-0.7373,1.2627,high,0.375,-0.3318,25-34 years old,Female,"No, I am not colourblind",312,100,True,27,yes,yes,yes,yes,,high_sem_high_perc,Q1,high,high,39,23,10,7.148,15.116,1.4935,0.5913,1.466,0.587,0.6205,0.8814,-0.3461,-0.9669,1.0,0.5,1.0
R_2v5NX9EEkkc5ipR,SK-A-1684,12,human,8,2.5,-2.1561,6.0,yes,2.0,-2.0,1.0,0.6666666666666666,-0.0565009014805694,-1.0565009014805695,0.9434990985194304,low,1.0,0.2627,-0.7373,1.2627,high,0.375,-0.3318,25-34 years old,Female,"No, I am not colourblind",312,100,True,27,yes,yes,yes,yes,,low_sem_low_perc,Q4,low,low,7,6,5,1.478,7.119,-1.9802,-1.0306,-1.1728,-1.0303,-1.0777,-1.0779,1.5061,-0.9669,1.0,0.5,1.0
R_2v5NX9EEkkc5ipR,SK-A-2320 B,13,human,10,4.5,11.8439,4.0,yes,6.0,-6.0,1.0,0.6666666666666666,-0.0565009014805694,-1.0565009014805695,0.9434990985194304,low,1.0,0.2627,-0.7373,1.2627,high,0.375,-0.3318,25-34 years old,Female,"No, I am not colourblind",312,100,True,27,yes,yes,yes,yes,,low_sem_high_perc,Q2,low,high,11,7,4,4.974,8.222,0.1616,-0.8279,-1.0175,-1.3537,-0.8435,-1.0664,0.3704,-0.9669,1.0,0.5,1.0
R_2v5NX9EEkkc5ipR,SK-A-864,14,none,7,1.5,-6.1561,7.0,yes,0.0,0.0,1.0,0.6666666666666666,-0.0565009014805694,-1.0565009014805695,0.9434990985194304,low,1.0,0.2627,-0.7373,1.2627,high,0.375,-0.3318,25-34 years old,Female,"No, I am not colourblind",312,100,True,27,yes,yes,yes,yes,,high_sem_high_perc,Q1,high,high,66,28,11,8.181,13.079,2.1264,1.9598,2.242,0.9105,0.188,1.7041,1.4922,-0.9669,1.0,0.5,1.0
R_2v5NX9EEkkc5ipR,SK-A-1713,15,ai,1,-4.5,11.8439,8.0,yes,7.0,7.0,1.0,0.6666666666666666,-0.0565009014805694,-1.0565009014805695,0.9434990985194304,low,1.0,0.2627,-0.7373,1.2627,high,0.375,-0.3318,25-34 years old,Female,"No, I am not colourblind",312,100,True,27,yes,yes,yes,yes,,low_sem_low_perc,Q4,low,low,15,13,10,2.989,8.961,-1.0545,-0.6251,-0.0862,0.587,-0.6866,-0.0414,-0.1003,-0.9669,1.0,0.5,1.0
R_2v5NX9EEkkc5ipR,SK-A-2320 A,16,human,2,-3.5,3.8439,2.0,yes,0.0,0.0,1.0,0.6666666666666666,-0.0565009014805694,-1.0565009014805695,0.9434990985194304,low,1.0,0.2627,-0.7373,1.2627,high,0.375,-0.3318,25-34 years old,Female,"No, I am not colourblind",312,100,True,27,yes,yes,yes,yes,,high_sem_low_perc,Q3,high,low,47,24,14,4.652,11.926,-0.0356,0.9968,1.6212,1.8808,-0.0569,1.4996,0.4324,-0.9669,1.0,0.5,1.0
R_2v5NX9EEkkc5ipR,SK-A-110,17,human,8,2.5,-2.1561,7.0,yes,1.0,-1.0,1.0,0.6666666666666666,-0.0565009014805694,-1.0565009014805695,0.9434990985194304,low,1.0,0.2627,-0.7373,1.2627,high,0.375,-0.3318,25-34 years old,Female,"No, I am not colourblind",312,100,True,27,yes,yes,yes,yes,,low_sem_high_perc,Q2,low,high,9,7,5,5.104,15.147,0.2413,-0.9292,-1.0175,-1.0303,0.6271,-0.9923,0.0078,-0.9669,1.0,0.5,1.0
R_2v5NX9EEkkc5ipR,SK-A-2110,18,ai,8,2.5,-2.1561,8.0,yes,0.0,0.0,1.0,0.6666666666666666,-0.0565009014805694,-1.0565009014805695,0.9434990985194304,low,1.0,0.2627,-0.7373,1.2627,high,0.375,-0.3318,25-34 years old,Female,"No, I am not colourblind",312,100,True,27,yes,yes,yes,yes,,high_sem_low_perc,Q3,high,low,29,17,13,4.449,10.91,-0.16,0.0845,0.5346,1.5574,-0.2727,0.7255,0.9709,-0.9669,1.0,0.5,1.0
R_2v5NX9EEkkc5ipR,SK-A-4717,19,none,6,0.5,-8.1561,4.0,yes,2.0,-2.0,1.0,0.6666666666666666,-0.0565009014805694,-1.0565009014805695,0.9434990985194304,low,1.0,0.2627,-0.7373,1.2627,high,0.375,-0.3318,25-34 years old,Female,"No, I am not colourblind",312,100,True,27,yes,yes,yes,yes,,low_sem_high_perc,Q2,low,high,12,10,9,6.171,17.158,0.895,-0.7772,-0.5519,0.2636,1.0542,-0.3552,-0.0167,-0.9669,1.0,0.5,1.0
R_2v5NX9EEkkc5ipR,SK-A-3297,20,human,2,-3.5,3.8439,3.0,yes,1.0,1.0,1.0,0.6666666666666666,-0.0565009014805694,-1.0565009014805695,0.9434990985194304,low,1.0,0.2627,-0.7373,1.2627,high,0.375,-0.3318,25-34 years old,Female,"No, I am not colourblind",312,100,True,27,yes,yes,yes,yes,,low_sem_low_perc,Q4,low,low,17,10,7,4.118,13.599,-0.3628,-0.5237,-0.5519,-0.3834,0.2984,-0.4863,-0.4879,-0.9669,1.0,0.5,1.0
R_2v5NX9EEkkc5ipR,SK-C-95,21,none,4,-1.5,-6.1561,3.0,yes,1.0,-1.0,1.0,0.6666666666666666,-0.0565009014805694,-1.0565009014805695,0.9434990985194304,low,1.0,0.2627,-0.7373,1.2627,high,0.375,-0.3318,25-34 years old,Female,"No, I am not colourblind",312,100,True,27,yes,yes,yes,yes,,low_sem_high_perc,Q2,low,high,12,10,6,5.078,11.141,0.2254,-0.7772,-0.5519,-0.7068,-0.2236,-0.6786,0.0208,-0.9669,1.0,0.5,1.0
R_2v5NX9EEkkc5ipR,SK-A-1298,22,none,9,3.5,3.8439,3.0,yes,6.0,-6.0,1.0,0.6666666666666666,-0.0565009014805694,-1.0565009014805695,0.9434990985194304,low,1.0,0.2627,-0.7373,1.2627,high,0.375,-0.3318,25-34 years old,Female,"No, I am not colourblind",312,100,True,27,yes,yes,yes,yes,,low_sem_high_perc,Q2,low,high,13,4,3,6.345,12.638,1.0016,-0.7265,-1.4832,-1.6772,0.0943,-1.2956,-1.1122,-0.9669,1.0,0.5,1.0
R_2v5NX9EEkkc5ipR,SK-A-388,23,none,5,-0.5,-8.1561,7.0,yes,2.0,2.0,1.0,0.6666666666666666,-0.0565009014805694,-1.0565009014805695,0.9434990985194304,low,1.0,0.2627,-0.7373,1.2627,high,0.375,-0.3318,25-34 years old,Female,"No, I am not colourblind",312,100,True,27,yes,yes,yes,yes,,high_sem_low_perc,Q3,high,low,52,24,12,4.026,10.43,-0.4191,1.2502,1.6212,1.2339,-0.3746,1.3684,0.1145,-0.9669,1.0,0.5,1.0
R_2v5NX9EEkkc5ipR,SK-A-1403,24,ai,10,4.5,11.8439,7.0,yes,3.0,-3.0,1.0,0.6666666666666666,-0.0565009014805694,-1.0565009014805695,0.9434990985194304,low,1.0,0.2627,-0.7373,1.2627,high,0.375,-0.3318,25-34 years old,Female,"No, I am not colourblind",312,100,True,27,yes,yes,yes,yes,,high_sem_high_perc,Q1,high,high,69,22,13,5.281,17.539,0.3497,2.1119,1.3107,1.5574,1.1351,1.66,0.7811,-0.9669,1.0,0.5,1.0
R_2v5NX9EEkkc5ipR,SK-A-4469,25,ai,7,1.5,-6.1561,4.0,yes,3.0,-3.0,1.0,0.6666666666666666,-0.0565009014805694,-1.0565009014805695,0.9434990985194304,low,1.0,0.2627,-0.7373,1.2627,high,0.375,-0.3318,25-34 years old,Female,"No, I am not colourblind",312,100,True,27,yes,yes,yes,yes,,high_sem_high_perc,Q1,high,high,31,11,6,6.128,21.628,0.8686,0.1858,-0.3967,-0.7068,2.0035,-0.3059,-0.9165,-0.9669,1.0,0.5,1.0
R_2v5NX9EEkkc5ipR,SK-A-62,26,none,8,2.5,-2.1561,1.0,yes,7.0,-7.0,1.0,0.6666666666666666,-0.0565009014805694,-1.0565009014805695,0.9434990985194304,low,1.0,0.2627,-0.7373,1.2627,high,0.375,-0.3318,25-34 years old,Female,"No, I am not colourblind",312,100,True,27,yes,yes,yes,yes,,low_sem_low_perc,Q4,low,low,6,4,4,4.61,10.563,-0.0614,-1.0813,-1.4832,-1.3537,-0.3464,-1.3061,-1.366,-0.9669,1.0,0.5,1.0
R_2v5NX9EEkkc5ipR,SK-A-1906,27,ai,1,-4.5,11.8439,3.0,yes,2.0,2.0,1.0,0.6666666666666666,-0.0565009014805694,-1.0565009014805695,0.9434990985194304,low,1.0,0.2627,-0.7373,1.2627,high,0.375,-0.3318,25-34 years old,Female,"No, I am not colourblind",312,100,True,27,yes,yes,yes,yes,,high_sem_low_perc,Q3,high,low,43,16,11,4.708,19.343,-0.0013,0.7941,0.3794,0.9105,1.5182,0.6947,0.4853,-0.9669,1.0,0.5,1.0
R_2EK15fVamtXjVeW,SK-A-2110,1,ai,4,-1.5,-6.1561,3.0,yes,1.0,-1.0,1.0,0.1666666666666666,-1.049302456067719,-2.049302456067719,-0.0493024560677191,low,0.7143,-0.3275,-1.3275,0.6725,low,0.875,0.6921,18-24 years old,Female,"No, I am not colourblind",338,100,True,27,yes,yes,yes,yes,,high_sem_low_perc,Q3,high,low,29,17,13,4.449,10.91,-0.16,0.0845,0.5346,1.5574,-0.2727,0.7255,0.9709,0.3664,0.0,0.0,0.0
R_2EK15fVamtXjVeW,SK-A-1684,2,none,10,4.5,11.8439,4.0,yes,6.0,-6.0,1.0,0.1666666666666666,-1.049302456067719,-2.049302456067719,-0.0493024560677191,low,0.7143,-0.3275,-1.3275,0.6725,low,0.875,0.6921,18-24 years old,Female,"No, I am not colourblind",338,100,True,27,yes,yes,yes,yes,,low_sem_low_perc,Q4,low,low,7,6,5,1.478,7.119,-1.9802,-1.0306,-1.1728,-1.0303,-1.0777,-1.0779,1.5061,0.3664,0.0,0.0,0.0
R_2EK15fVamtXjVeW,SK-A-1713,3,human,1,-4.5,11.8439,3.0,yes,2.0,2.0,1.0,0.1666666666666666,-1.049302456067719,-2.049302456067719,-0.0493024560677191,low,0.7143,-0.3275,-1.3275,0.6725,low,0.875,0.6921,18-24 years old,Female,"No, I am not colourblind",338,100,True,27,yes,yes,yes,yes,,low_sem_low_perc,Q4,low,low,15,13,10,2.989,8.961,-1.0545,-0.6251,-0.0862,0.587,-0.6866,-0.0414,-0.1003,0.3664,0.0,0.0,0.0
R_2EK15fVamtXjVeW,SK-A-4469,4,ai,2,-3.5,3.8439,0.0,yes,2.0,-2.0,1.0,0.1666666666666666,-1.049302456067719,-2.049302456067719,-0.0493024560677191,low,0.7143,-0.3275,-1.3275,0.6725,low,0.875,0.6921,18-24 years old,Female,"No, I am not colourblind",338,100,True,27,yes,yes,yes,yes,,high_sem_high_perc,Q1,high,high,31,11,6,6.128,21.628,0.8686,0.1858,-0.3967,-0.7068,2.0035,-0.3059,-0.9165,0.3664,0.0,0.0,0.0
R_2EK15fVamtXjVeW,SK-A-864,5,none,2,-3.5,3.8439,7.0,yes,5.0,5.0,1.0,0.1666666666666666,-1.049302456067719,-2.049302456067719,-0.0493024560677191,low,0.7143,-0.3275,-1.3275,0.6725,low,0.875,0.6921,18-24 years old,Female,"No, I am not colourblind",338,100,True,27,yes,yes,yes,yes,,high_sem_high_perc,Q1,high,high,66,28,11,8.181,13.079,2.1264,1.9598,2.242,0.9105,0.188,1.7041,1.4922,0.3664,0.0,0.0,0.0
R_2EK15fVamtXjVeW,SK-A-2320 B,6,none,2,-3.5,3.8439,8.0,yes,6.0,6.0,1.0,0.1666666666666666,-1.049302456067719,-2.049302456067719,-0.0493024560677191,low,0.7143,-0.3275,-1.3275,0.6725,low,0.875,0.6921,18-24 years old,Female,"No, I am not colourblind",338,100,True,27,yes,yes,yes,yes,,low_sem_high_perc,Q2,low,high,11,7,4,4.974,8.222,0.1616,-0.8279,-1.0175,-1.3537,-0.8435,-1.0664,0.3704,0.3664,0.0,0.0,0.0
R_2EK15fVamtXjVeW,SK-C-95,7,ai,8,2.5,-2.1561,4.0,yes,4.0,-4.0,1.0,0.1666666666666666,-1.049302456067719,-2.049302456067719,-0.0493024560677191,low,0.7143,-0.3275,-1.3275,0.6725,low,0.875,0.6921,18-24 years old,Female,"No, I am not colourblind",338,100,True,27,yes,yes,yes,yes,,low_sem_high_perc,Q2,low,high,12,10,6,5.078,11.141,0.2254,-0.7772,-0.5519,-0.7068,-0.2236,-0.6786,0.0208,0.3664,0.0,0.0,0.0
R_2EK15fVamtXjVeW,SK-C-1215,8,ai,5,-0.5,-8.1561,2.0,yes,3.0,-3.0,1.0,0.1666666666666666,-1.049302456067719,-2.049302456067719,-0.0493024560677191,low,0.7143,-0.3275,-1.3275,0.6725,low,0.875,0.6921,18-24 years old,Female,"No, I am not colourblind",338,100,True,27,yes,yes,yes,yes,,high_sem_high_perc,Q1,high,high,24,14,8,5.533,8.134,0.5041,-0.169,0.069,-0.0599,-0.8622,-0.0533,-0.0772,0.3664,0.0,0.0,0.0
R_2EK15fVamtXjVeW,SK-A-4717,9,ai,8,2.5,-2.1561,6.0,yes,2.0,-2.0,1.0,0.1666666666666666,-1.049302456067719,-2.049302456067719,-0.0493024560677191,low,0.7143,-0.3275,-1.3275,0.6725,low,0.875,0.6921,18-24 years old,Female,"No, I am not colourblind",338,100,True,27,yes,yes,yes,yes,,low_sem_high_perc,Q2,low,high,12,10,9,6.171,17.158,0.895,-0.7772,-0.5519,0.2636,1.0542,-0.3552,-0.0167,0.3664,0.0,0.0,0.0
R_2EK15fVamtXjVeW,SK-A-110,10,human,6,0.5,-8.1561,6.0,yes,0.0,0.0,1.0,0.1666666666666666,-1.049302456067719,-2.049302456067719,-0.0493024560677191,low,0.7143,-0.3275,-1.3275,0.6725,low,0.875,0.6921,18-24 years old,Female,"No, I am not colourblind",338,100,True,27,yes,yes,yes,yes,,low_sem_high_perc,Q2,low,high,9,7,5,5.104,15.147,0.2413,-0.9292,-1.0175,-1.0303,0.6271,-0.9923,0.0078,0.3664,0.0,0.0,0.0
R_2EK15fVamtXjVeW,SK-A-87,11,none,1,-4.5,11.8439,5.0,yes,4.0,4.0,1.0,0.1666666666666666,-1.049302456067719,-2.049302456067719,-0.0493024560677191,low,0.7143,-0.3275,-1.3275,0.6725,low,0.875,0.6921,18-24 years old,Female,"No, I am not colourblind",338,100,True,27,yes,yes,yes,yes,,low_sem_low_perc,Q4,low,low,16,9,4,1.284,3.991,-2.099,-0.5744,-0.7071,-1.3537,-1.742,-0.8784,0.5278,0.3664,0.0,0.0,0.0
R_2EK15fVamtXjVeW,SK-A-1906,12,human,2,-3.5,3.8439,1.0,yes,1.0,-1.0,1.0,0.1666666666666666,-1.049302456067719,-2.049302456067719,-0.0493024560677191,low,0.7143,-0.3275,-1.3275,0.6725,low,0.875,0.6921,18-24 years old,Female,"No, I am not colourblind",338,100,True,27,yes,yes,yes,yes,,high_sem_low_perc,Q3,high,low,43,16,11,4.708,19.343,-0.0013,0.7941,0.3794,0.9105,1.5182,0.6947,0.4853,0.3664,0.0,0.0,0.0
R_2EK15fVamtXjVeW,SK-A-62,13,human,6,0.5,-8.1561,1.0,yes,5.0,-5.0,1.0,0.1666666666666666,-1.049302456067719,-2.049302456067719,-0.0493024560677191,low,0.7143,-0.3275,-1.3275,0.6725,low,0.875,0.6921,18-24 years old,Female,"No, I am not colourblind",338,100,True,27,yes,yes,yes,yes,,low_sem_low_perc,Q4,low,low,6,4,4,4.61,10.563,-0.0614,-1.0813,-1.4832,-1.3537,-0.3464,-1.3061,-1.366,0.3664,0.0,0.0,0.0
R_2EK15fVamtXjVeW,SK-A-1403,14,human,3,-2.5,-2.1561,0.0,yes,3.0,-3.0,1.0,0.1666666666666666,-1.049302456067719,-2.049302456067719,-0.0493024560677191,low,0.7143,-0.3275,-1.3275,0.6725,low,0.875,0.6921,18-24 years old,Female,"No, I am not colourblind",338,100,True,27,yes,yes,yes,yes,,high_sem_high_perc,Q1,high,high,69,22,13,5.281,17.539,0.3497,2.1119,1.3107,1.5574,1.1351,1.66,0.7811,0.3664,0.0,0.0,0.0
R_2EK15fVamtXjVeW,SK-C-153,15,none,3,-2.5,-2.1561,5.0,yes,2.0,2.0,1.0,0.1666666666666666,-1.049302456067719,-2.049302456067719,-0.0493024560677191,low,0.7143,-0.3275,-1.3275,0.6725,low,0.875,0.6921,18-24 years old,Female,"No, I am not colourblind",338,100,True,27,yes,yes,yes,yes,,low_sem_high_perc,Q2,low,high,14,12,8,6.72,23.164,1.2313,-0.6758,-0.2415,-0.0599,2.3297,-0.3257,0.2978,0.3664,0.0,0.0,0.0
R_2EK15fVamtXjVeW,SK-A-232,16,human,9,3.5,3.8439,5.0,yes,4.0,-4.0,1.0,0.1666666666666666,-1.049302456067719,-2.049302456067719,-0.0493024560677191,low,0.7143,-0.3275,-1.3275,0.6725,low,0.875,0.6921,18-24 years old,Female,"No, I am not colourblind",338,100,True,27,yes,yes,yes,yes,,high_sem_low_perc,Q3,high,low,76,16,8,2.204,6.579,-1.5354,2.4667,0.3794,-0.0599,-1.1924,0.9287,0.1549,0.3664,0.0,0.0,0.0
R_2EK15fVamtXjVeW,SK-A-2320 A,17,ai,7,1.5,-6.1561,1.0,yes,6.0,-6.0,1.0,0.1666666666666666,-1.049302456067719,-2.049302456067719,-0.0493024560677191,low,0.7143,-0.3275,-1.3275,0.6725,low,0.875,0.6921,18-24 years old,Female,"No, I am not colourblind",338,100,True,27,yes,yes,yes,yes,,high_sem_low_perc,Q3,high,low,47,24,14,4.652,11.926,-0.0356,0.9968,1.6212,1.8808,-0.0569,1.4996,0.4324,0.3664,0.0,0.0,0.0
R_2EK15fVamtXjVeW,SK-A-1574,18,none,10,4.5,11.8439,2.0,yes,8.0,-8.0,1.0,0.1666666666666666,-1.049302456067719,-2.049302456067719,-0.0493024560677191,low,0.7143,-0.3275,-1.3275,0.6725,low,0.875,0.6921,18-24 years old,Female,"No, I am not colourblind",338,100,True,27,yes,yes,yes,yes,,high_sem_high_perc,Q1,high,high,41,19,10,6.451,10.977,1.0665,0.6927,0.8451,0.587,-0.2584,0.7083,-1.9879,0.3664,0.0,0.0,0.0
R_2EK15fVamtXjVeW,SK-C-243,19,none,5,-0.5,-8.1561,4.0,yes,1.0,-1.0,1.0,0.1666666666666666,-1.049302456067719,-2.049302456067719,-0.0493024560677191,low,0.7143,-0.3275,-1.3275,0.6725,low,0.875,0.6921,18-24 years old,Female,"No, I am not colourblind",338,100,True,27,yes,yes,yes,yes,,low_sem_low_perc,Q4,low,low,14,12,6,4.052,8.426,-0.4032,-0.6758,-0.2415,-0.7068,-0.8002,-0.5414,0.1632,0.3664,0.0,0.0,0.0
R_2EK15fVamtXjVeW,SK-A-298,20,none,8,2.5,-2.1561,6.0,yes,2.0,-2.0,1.0,0.1666666666666666,-1.049302456067719,-2.049302456067719,-0.0493024560677191,low,0.7143,-0.3275,-1.3275,0.6725,low,0.875,0.6921,18-24 years old,Female,"No, I am not colourblind",338,100,True,27,yes,yes,yes,yes,,high_sem_low_perc,Q3,high,low,22,19,12,3.588,8.258,-0.6875,-0.2703,0.8451,1.2339,-0.8359,0.6029,0.4922,0.3664,0.0,0.0,0.0
R_2EK15fVamtXjVeW,SK-A-261,21,ai,9,3.5,3.8439,1.0,yes,8.0,-8.0,1.0,0.1666666666666666,-1.049302456067719,-2.049302456067719,-0.0493024560677191,low,0.7143,-0.3275,-1.3275,0.6725,low,0.875,0.6921,18-24 years old,Female,"No, I am not colourblind",338,100,True,27,yes,yes,yes,yes,,low_sem_low_perc,Q4,low,low,9,8,7,4.292,16.828,-0.2562,-0.9292,-0.8623,-0.3834,0.9841,-0.725,0.1278,0.3664,0.0,0.0,0.0
R_2EK15fVamtXjVeW,SK-A-3023,22,human,6,0.5,-8.1561,6.0,yes,0.0,0.0,1.0,0.1666666666666666,-1.049302456067719,-2.049302456067719,-0.0493024560677191,low,0.7143,-0.3275,-1.3275,0.6725,low,0.875,0.6921,18-24 years old,Female,"No, I am not colourblind",338,100,True,27,yes,yes,yes,yes,,high_sem_low_perc,Q3,high,low,24,9,6,2.609,6.171,-1.2873,-0.169,-0.7071,-0.7068,-1.2791,-0.5276,-0.4284,0.3664,0.0,0.0,0.0
R_2EK15fVamtXjVeW,SK-A-1756,23,human,2,-3.5,3.8439,2.0,yes,0.0,0.0,1.0,0.1666666666666666,-1.049302456067719,-2.049302456067719,-0.0493024560677191,low,0.7143,-0.3275,-1.3275,0.6725,low,0.875,0.6921,18-24 years old,Female,"No, I am not colourblind",338,100,True,27,yes,yes,yes,yes,,high_sem_high_perc,Q1,high,high,20,12,9,5.001,12.19,0.1782,-0.3717,-0.2415,0.2636,-0.0008,-0.1165,-1.106,0.3664,0.0,0.0,0.0
R_2EK15fVamtXjVeW,SK-A-1298,24,human,3,-2.5,-2.1561,4.0,yes,1.0,1.0,1.0,0.1666666666666666,-1.049302456067719,-2.049302456067719,-0.0493024560677191,low,0.7143,-0.3275,-1.3275,0.6725,low,0.875,0.6921,18-24 years old,Female,"No, I am not colourblind",338,100,True,27,yes,yes,yes,yes,,low_sem_high_perc,Q2,low,high,13,4,3,6.345,12.638,1.0016,-0.7265,-1.4832,-1.6772,0.0943,-1.2956,-1.1122,0.3664,0.0,0.0,0.0
R_2EK15fVamtXjVeW,SK-A-3297,25,none,1,-4.5,11.8439,7.0,yes,6.0,6.0,1.0,0.1666666666666666,-1.049302456067719,-2.049302456067719,-0.0493024560677191,low,0.7143,-0.3275,-1.3275,0.6725,low,0.875,0.6921,18-24 years old,Female,"No, I am not colourblind",338,100,True,27,yes,yes,yes,yes,,low_sem_low_perc,Q4,low,low,17,10,7,4.118,13.599,-0.3628,-0.5237,-0.5519,-0.3834,0.2984,-0.4863,-0.4879,0.3664,0.0,0.0,0.0
R_2EK15fVamtXjVeW,SK-A-388,26,ai,9,3.5,3.8439,4.0,yes,5.0,-5.0,1.0,0.1666666666666666,-1.049302456067719,-2.049302456067719,-0.0493024560677191,low,0.7143,-0.3275,-1.3275,0.6725,low,0.875,0.6921,18-24 years old,Female,"No, I am not colourblind",338,100,True,27,yes,yes,yes,yes,,high_sem_low_perc,Q3,high,low,52,24,12,4.026,10.43,-0.4191,1.2502,1.6212,1.2339,-0.3746,1.3684,0.1145,0.3664,0.0,0.0,0.0
R_2EK15fVamtXjVeW,SK-A-1940,27,ai,8,2.5,-2.1561,3.0,yes,5.0,-5.0,1.0,0.1666666666666666,-1.049302456067719,-2.049302456067719,-0.0493024560677191,low,0.7143,-0.3275,-1.3275,0.6725,low,0.875,0.6921,18-24 years old,Female,"No, I am not colourblind",338,100,True,27,yes,yes,yes,yes,,high_sem_high_perc,Q1,high,high,39,23,10,7.148,15.116,1.4935,0.5913,1.466,0.587,0.6205,0.8814,-0.3461,0.3664,0.0,0.0,0.0
R_8Mfn6laZowh0v6h,SK-A-864,1,none,10,4.5,11.8439,4.0,yes,6.0,-6.0,1.0,0.0,-1.3802363075967687,-2.3802363075967685,-0.3802363075967687,low,0.5714,-0.6227,-1.6227,0.3773,low,0.0,-1.0998,55-64 years old,Female,"No, I am not colourblind",522,100,True,27,yes,yes,yes,yes,,high_sem_high_perc,Q1,high,high,66,28,11,8.181,13.079,2.1264,1.9598,2.242,0.9105,0.188,1.7041,1.4922,-1.3003,0.0,0.0,0.0
R_8Mfn6laZowh0v6h,SK-A-1574,2,none,8,2.5,-2.1561,3.0,yes,5.0,-5.0,1.0,0.0,-1.3802363075967687,-2.3802363075967685,-0.3802363075967687,low,0.5714,-0.6227,-1.6227,0.3773,low,0.0,-1.0998,55-64 years old,Female,"No, I am not colourblind",522,100,True,27,yes,yes,yes,yes,,high_sem_high_perc,Q1,high,high,41,19,10,6.451,10.977,1.0665,0.6927,0.8451,0.587,-0.2584,0.7083,-1.9879,-1.3003,0.0,0.0,0.0
R_8Mfn6laZowh0v6h,SK-C-1215,3,none,7,1.5,-6.1561,3.0,yes,4.0,-4.0,1.0,0.0,-1.3802363075967687,-2.3802363075967685,-0.3802363075967687,low,0.5714,-0.6227,-1.6227,0.3773,low,0.0,-1.0998,55-64 years old,Female,"No, I am not colourblind",522,100,True,27,yes,yes,yes,yes,,high_sem_high_perc,Q1,high,high,24,14,8,5.533,8.134,0.5041,-0.169,0.069,-0.0599,-0.8622,-0.0533,-0.0772,-1.3003,0.0,0.0,0.0
R_8Mfn6laZowh0v6h,SK-A-87,4,ai,5,-0.5,-8.1561,4.0,yes,1.0,-1.0,1.0,0.0,-1.3802363075967687,-2.3802363075967685,-0.3802363075967687,low,0.5714,-0.6227,-1.6227,0.3773,low,0.0,-1.0998,55-64 years old,Female,"No, I am not colourblind",522,100,True,27,yes,yes,yes,yes,,low_sem_low_perc,Q4,low,low,16,9,4,1.284,3.991,-2.099,-0.5744,-0.7071,-1.3537,-1.742,-0.8784,0.5278,-1.3003,0.0,0.0,0.0
R_8Mfn6laZowh0v6h,SK-A-1906,5,none,9,3.5,3.8439,4.0,yes,5.0,-5.0,1.0,0.0,-1.3802363075967687,-2.3802363075967685,-0.3802363075967687,low,0.5714,-0.6227,-1.6227,0.3773,low,0.0,-1.0998,55-64 years old,Female,"No, I am not colourblind",522,100,True,27,yes,yes,yes,yes,,high_sem_low_perc,Q3,high,low,43,16,11,4.708,19.343,-0.0013,0.7941,0.3794,0.9105,1.5182,0.6947,0.4853,-1.3003,0.0,0.0,0.0
R_8Mfn6laZowh0v6h,SK-C-95,6,ai,8,2.5,-2.1561,5.0,yes,3.0,-3.0,1.0,0.0,-1.3802363075967687,-2.3802363075967685,-0.3802363075967687,low,0.5714,-0.6227,-1.6227,0.3773,low,0.0,-1.0998,55-64 years old,Female,"No, I am not colourblind",522,100,True,27,yes,yes,yes,yes,,low_sem_high_perc,Q2,low,high,12,10,6,5.078,11.141,0.2254,-0.7772,-0.5519,-0.7068,-0.2236,-0.6786,0.0208,-1.3003,0.0,0.0,0.0
R_8Mfn6laZowh0v6h,SK-A-3297,7,human,1,-4.5,11.8439,5.0,yes,4.0,4.0,1.0,0.0,-1.3802363075967687,-2.3802363075967685,-0.3802363075967687,low,0.5714,-0.6227,-1.6227,0.3773,low,0.0,-1.0998,55-64 years old,Female,"No, I am not colourblind",522,100,True,27,yes,yes,yes,yes,,low_sem_low_perc,Q4,low,low,17,10,7,4.118,13.599,-0.3628,-0.5237,-0.5519,-0.3834,0.2984,-0.4863,-0.4879,-1.3003,0.0,0.0,0.0
R_8Mfn6laZowh0v6h,SK-A-298,8,human,4,-1.5,-6.1561,6.0,yes,2.0,2.0,1.0,0.0,-1.3802363075967687,-2.3802363075967685,-0.3802363075967687,low,0.5714,-0.6227,-1.6227,0.3773,low,0.0,-1.0998,55-64 years old,Female,"No, I am not colourblind",522,100,True,27,yes,yes,yes,yes,,high_sem_low_perc,Q3,high,low,22,19,12,3.588,8.258,-0.6875,-0.2703,0.8451,1.2339,-0.8359,0.6029,0.4922,-1.3003,0.0,0.0,0.0
R_8Mfn6laZowh0v6h,SK-A-1298,9,ai,6,0.5,-8.1561,4.0,yes,2.0,-2.0,1.0,0.0,-1.3802363075967687,-2.3802363075967685,-0.3802363075967687,low,0.5714,-0.6227,-1.6227,0.3773,low,0.0,-1.0998,55-64 years old,Female,"No, I am not colourblind",522,100,True,27,yes,yes,yes,yes,,low_sem_high_perc,Q2,low,high,13,4,3,6.345,12.638,1.0016,-0.7265,-1.4832,-1.6772,0.0943,-1.2956,-1.1122,-1.3003,0.0,0.0,0.0
R_8Mfn6laZowh0v6h,SK-A-2110,10,ai,7,1.5,-6.1561,6.0,yes,1.0,-1.0,1.0,0.0,-1.3802363075967687,-2.3802363075967685,-0.3802363075967687,low,0.5714,-0.6227,-1.6227,0.3773,low,0.0,-1.0998,55-64 years old,Female,"No, I am not colourblind",522,100,True,27,yes,yes,yes,yes,,high_sem_low_perc,Q3,high,low,29,17,13,4.449,10.91,-0.16,0.0845,0.5346,1.5574,-0.2727,0.7255,0.9709,-1.3003,0.0,0.0,0.0
R_8Mfn6laZowh0v6h,SK-A-261,11,ai,1,-4.5,11.8439,6.0,yes,5.0,5.0,1.0,0.0,-1.3802363075967687,-2.3802363075967685,-0.3802363075967687,low,0.5714,-0.6227,-1.6227,0.3773,low,0.0,-1.0998,55-64 years old,Female,"No, I am not colourblind",522,100,True,27,yes,yes,yes,yes,,low_sem_low_perc,Q4,low,low,9,8,7,4.292,16.828,-0.2562,-0.9292,-0.8623,-0.3834,0.9841,-0.725,0.1278,-1.3003,0.0,0.0,0.0
R_8Mfn6laZowh0v6h,SK-A-2320 A,12,ai,7,1.5,-6.1561,6.0,yes,1.0,-1.0,1.0,0.0,-1.3802363075967687,-2.3802363075967685,-0.3802363075967687,low,0.5714,-0.6227,-1.6227,0.3773,low,0.0,-1.0998,55-64 years old,Female,"No, I am not colourblind",522,100,True,27,yes,yes,yes,yes,,high_sem_low_perc,Q3,high,low,47,24,14,4.652,11.926,-0.0356,0.9968,1.6212,1.8808,-0.0569,1.4996,0.4324,-1.3003,0.0,0.0,0.0
R_8Mfn6laZowh0v6h,SK-A-110,13,human,2,-3.5,3.8439,6.0,yes,4.0,4.0,1.0,0.0,-1.3802363075967687,-2.3802363075967685,-0.3802363075967687,low,0.5714,-0.6227,-1.6227,0.3773,low,0.0,-1.0998,55-64 years old,Female,"No, I am not colourblind",522,100,True,27,yes,yes,yes,yes,,low_sem_high_perc,Q2,low,high,9,7,5,5.104,15.147,0.2413,-0.9292,-1.0175,-1.0303,0.6271,-0.9923,0.0078,-1.3003,0.0,0.0,0.0
R_8Mfn6laZowh0v6h,SK-A-2320 B,14,ai,5,-0.5,-8.1561,5.0,yes,0.0,0.0,1.0,0.0,-1.3802363075967687,-2.3802363075967685,-0.3802363075967687,low,0.5714,-0.6227,-1.6227,0.3773,low,0.0,-1.0998,55-64 years old,Female,"No, I am not colourblind",522,100,True,27,yes,yes,yes,yes,,low_sem_high_perc,Q2,low,high,11,7,4,4.974,8.222,0.1616,-0.8279,-1.0175,-1.3537,-0.8435,-1.0664,0.3704,-1.3003,0.0,0.0,0.0
R_8Mfn6laZowh0v6h,SK-A-4717,15,human,1,-4.5,11.8439,5.0,yes,4.0,4.0,1.0,0.0,-1.3802363075967687,-2.3802363075967685,-0.3802363075967687,low,0.5714,-0.6227,-1.6227,0.3773,low,0.0,-1.0998,55-64 years old,Female,"No, I am not colourblind",522,100,True,27,yes,yes,yes,yes,,low_sem_high_perc,Q2,low,high,12,10,9,6.171,17.158,0.895,-0.7772,-0.5519,0.2636,1.0542,-0.3552,-0.0167,-1.3003,0.0,0.0,0.0
R_8Mfn6laZowh0v6h,SK-C-243,16,human,5,-0.5,-8.1561,4.0,yes,1.0,-1.0,1.0,0.0,-1.3802363075967687,-2.3802363075967685,-0.3802363075967687,low,0.5714,-0.6227,-1.6227,0.3773,low,0.0,-1.0998,55-64 years old,Female,"No, I am not colourblind",522,100,True,27,yes,yes,yes,yes,,low_sem_low_perc,Q4,low,low,14,12,6,4.052,8.426,-0.4032,-0.6758,-0.2415,-0.7068,-0.8002,-0.5414,0.1632,-1.3003,0.0,0.0,0.0
R_8Mfn6laZowh0v6h,SK-A-1940,17,ai,8,2.5,-2.1561,5.0,yes,3.0,-3.0,1.0,0.0,-1.3802363075967687,-2.3802363075967685,-0.3802363075967687,low,0.5714,-0.6227,-1.6227,0.3773,low,0.0,-1.0998,55-64 years old,Female,"No, I am not colourblind",522,100,True,27,yes,yes,yes,yes,,high_sem_high_perc,Q1,high,high,39,23,10,7.148,15.116,1.4935,0.5913,1.466,0.587,0.6205,0.8814,-0.3461,-1.3003,0.0,0.0,0.0
R_8Mfn6laZowh0v6h,SK-A-1713,18,none,5,-0.5,-8.1561,4.0,yes,1.0,-1.0,1.0,0.0,-1.3802363075967687,-2.3802363075967685,-0.3802363075967687,low,0.5714,-0.6227,-1.6227,0.3773,low,0.0,-1.0998,55-64 years old,Female,"No, I am not colourblind",522,100,True,27,yes,yes,yes,yes,,low_sem_low_perc,Q4,low,low,15,13,10,2.989,8.961,-1.0545,-0.6251,-0.0862,0.587,-0.6866,-0.0414,-0.1003,-1.3003,0.0,0.0,0.0
R_8Mfn6laZowh0v6h,SK-A-1403,19,human,5,-0.5,-8.1561,5.0,yes,0.0,0.0,1.0,0.0,-1.3802363075967687,-2.3802363075967685,-0.3802363075967687,low,0.5714,-0.6227,-1.6227,0.3773,low,0.0,-1.0998,55-64 years old,Female,"No, I am not colourblind",522,100,True,27,yes,yes,yes,yes,,high_sem_high_perc,Q1,high,high,69,22,13,5.281,17.539,0.3497,2.1119,1.3107,1.5574,1.1351,1.66,0.7811,-1.3003,0.0,0.0,0.0
R_8Mfn6laZowh0v6h,SK-A-1756,20,human,3,-2.5,-2.1561,4.0,yes,1.0,1.0,1.0,0.0,-1.3802363075967687,-2.3802363075967685,-0.3802363075967687,low,0.5714,-0.6227,-1.6227,0.3773,low,0.0,-1.0998,55-64 years old,Female,"No, I am not colourblind",522,100,True,27,yes,yes,yes,yes,,high_sem_high_perc,Q1,high,high,20,12,9,5.001,12.19,0.1782,-0.3717,-0.2415,0.2636,-0.0008,-0.1165,-1.106,-1.3003,0.0,0.0,0.0
R_8Mfn6laZowh0v6h,SK-A-388,21,none,3,-2.5,-2.1561,3.0,yes,0.0,0.0,1.0,0.0,-1.3802363075967687,-2.3802363075967685,-0.3802363075967687,low,0.5714,-0.6227,-1.6227,0.3773,low,0.0,-1.0998,55-64 years old,Female,"No, I am not colourblind",522,100,True,27,yes,yes,yes,yes,,high_sem_low_perc,Q3,high,low,52,24,12,4.026,10.43,-0.4191,1.2502,1.6212,1.2339,-0.3746,1.3684,0.1145,-1.3003,0.0,0.0,0.0
R_8Mfn6laZowh0v6h,SK-A-4469,22,ai,4,-1.5,-6.1561,6.0,yes,2.0,2.0,1.0,0.0,-1.3802363075967687,-2.3802363075967685,-0.3802363075967687,low,0.5714,-0.6227,-1.6227,0.3773,low,0.0,-1.0998,55-64 years old,Female,"No, I am not colourblind",522,100,True,27,yes,yes,yes,yes,,high_sem_high_perc,Q1,high,high,31,11,6,6.128,21.628,0.8686,0.1858,-0.3967,-0.7068,2.0035,-0.3059,-0.9165,-1.3003,0.0,0.0,0.0
R_8Mfn6laZowh0v6h,SK-A-232,23,none,5,-0.5,-8.1561,4.0,yes,1.0,-1.0,1.0,0.0,-1.3802363075967687,-2.3802363075967685,-0.3802363075967687,low,0.5714,-0.6227,-1.6227,0.3773,low,0.0,-1.0998,55-64 years old,Female,"No, I am not colourblind",522,100,True,27,yes,yes,yes,yes,,high_sem_low_perc,Q3,high,low,76,16,8,2.204,6.579,-1.5354,2.4667,0.3794,-0.0599,-1.1924,0.9287,0.1549,-1.3003,0.0,0.0,0.0
R_8Mfn6laZowh0v6h,SK-C-153,24,none,7,1.5,-6.1561,5.0,yes,2.0,-2.0,1.0,0.0,-1.3802363075967687,-2.3802363075967685,-0.3802363075967687,low,0.5714,-0.6227,-1.6227,0.3773,low,0.0,-1.0998,55-64 years old,Female,"No, I am not colourblind",522,100,True,27,yes,yes,yes,yes,,low_sem_high_perc,Q2,low,high,14,12,8,6.72,23.164,1.2313,-0.6758,-0.2415,-0.0599,2.3297,-0.3257,0.2978,-1.3003,0.0,0.0,0.0
R_8Mfn6laZowh0v6h,SK-A-3023,25,none,9,3.5,3.8439,3.0,yes,6.0,-6.0,1.0,0.0,-1.3802363075967687,-2.3802363075967685,-0.3802363075967687,low,0.5714,-0.6227,-1.6227,0.3773,low,0.0,-1.0998,55-64 years old,Female,"No, I am not colourblind",522,100,True,27,yes,yes,yes,yes,,high_sem_low_perc,Q3,high,low,24,9,6,2.609,6.171,-1.2873,-0.169,-0.7071,-0.7068,-1.2791,-0.5276,-0.4284,-1.3003,0.0,0.0,0.0
R_8Mfn6laZowh0v6h,SK-A-62,26,human,7,1.5,-6.1561,3.0,yes,4.0,-4.0,1.0,0.0,-1.3802363075967687,-2.3802363075967685,-0.3802363075967687,low,0.5714,-0.6227,-1.6227,0.3773,low,0.0,-1.0998,55-64 years old,Female,"No, I am not colourblind",522,100,True,27,yes,yes,yes,yes,,low_sem_low_perc,Q4,low,low,6,4,4,4.61,10.563,-0.0614,-1.0813,-1.4832,-1.3537,-0.3464,-1.3061,-1.366,-1.3003,0.0,0.0,0.0
R_8Mfn6laZowh0v6h,SK-A-1684,27,human,5,-0.5,-8.1561,6.0,yes,1.0,1.0,1.0,0.0,-1.3802363075967687,-2.3802363075967685,-0.3802363075967687,low,0.5714,-0.6227,-1.6227,0.3773,low,0.0,-1.0998,55-64 years old,Female,"No, I am not colourblind",522,100,True,27,yes,yes,yes,yes,,low_sem_low_perc,Q4,low,low,7,6,5,1.478,7.119,-1.9802,-1.0306,-1.1728,-1.0303,-1.0777,-1.0779,1.5061,-1.3003,0.0,0.0,0.0
R_8xyetD1WjvLj5Gp,SK-A-261,1,human,3,-2.5,-2.1561,6.0,yes,3.0,3.0,1.0,0.5,-0.3874347530096192,-1.3874347530096192,0.6125652469903808,low,1.0,0.2627,-0.7373,1.2627,high,0.0,-1.0998,25-34 years old,Male,"No, I am not colourblind",370,100,True,27,yes,yes,yes,yes,,low_sem_low_perc,Q4,low,low,9,8,7,4.292,16.828,-0.2562,-0.9292,-0.8623,-0.3834,0.9841,-0.725,0.1278,-0.078,1.0,1.0,0.6666666666666666
R_8xyetD1WjvLj5Gp,SK-C-1215,2,none,5,-0.5,-8.1561,4.0,yes,1.0,-1.0,1.0,0.5,-0.3874347530096192,-1.3874347530096192,0.6125652469903808,low,1.0,0.2627,-0.7373,1.2627,high,0.0,-1.0998,25-34 years old,Male,"No, I am not colourblind",370,100,True,27,yes,yes,yes,yes,,high_sem_high_perc,Q1,high,high,24,14,8,5.533,8.134,0.5041,-0.169,0.069,-0.0599,-0.8622,-0.0533,-0.0772,-0.078,1.0,1.0,0.6666666666666666
R_8xyetD1WjvLj5Gp,SK-A-2320 A,3,human,8,2.5,-2.1561,6.0,yes,2.0,-2.0,1.0,0.5,-0.3874347530096192,-1.3874347530096192,0.6125652469903808,low,1.0,0.2627,-0.7373,1.2627,high,0.0,-1.0998,25-34 years old,Male,"No, I am not colourblind",370,100,True,27,yes,yes,yes,yes,,high_sem_low_perc,Q3,high,low,47,24,14,4.652,11.926,-0.0356,0.9968,1.6212,1.8808,-0.0569,1.4996,0.4324,-0.078,1.0,1.0,0.6666666666666666
R_8xyetD1WjvLj5Gp,SK-A-1403,4,human,3,-2.5,-2.1561,5.0,yes,2.0,2.0,1.0,0.5,-0.3874347530096192,-1.3874347530096192,0.6125652469903808,low,1.0,0.2627,-0.7373,1.2627,high,0.0,-1.0998,25-34 years old,Male,"No, I am not colourblind",370,100,True,27,yes,yes,yes,yes,,high_sem_high_perc,Q1,high,high,69,22,13,5.281,17.539,0.3497,2.1119,1.3107,1.5574,1.1351,1.66,0.7811,-0.078,1.0,1.0,0.6666666666666666
R_8xyetD1WjvLj5Gp,SK-A-1684,5,human,7,1.5,-6.1561,4.0,yes,3.0,-3.0,1.0,0.5,-0.3874347530096192,-1.3874347530096192,0.6125652469903808,low,1.0,0.2627,-0.7373,1.2627,high,0.0,-1.0998,25-34 years old,Male,"No, I am not colourblind",370,100,True,27,yes,yes,yes,yes,,low_sem_low_perc,Q4,low,low,7,6,5,1.478,7.119,-1.9802,-1.0306,-1.1728,-1.0303,-1.0777,-1.0779,1.5061,-0.078,1.0,1.0,0.6666666666666666
R_8xyetD1WjvLj5Gp,SK-A-3297,6,none,3,-2.5,-2.1561,5.0,yes,2.0,2.0,1.0,0.5,-0.3874347530096192,-1.3874347530096192,0.6125652469903808,low,1.0,0.2627,-0.7373,1.2627,high,0.0,-1.0998,25-34 years old,Male,"No, I am not colourblind",370,100,True,27,yes,yes,yes,yes,,low_sem_low_perc,Q4,low,low,17,10,7,4.118,13.599,-0.3628,-0.5237,-0.5519,-0.3834,0.2984,-0.4863,-0.4879,-0.078,1.0,1.0,0.6666666666666666
R_8xyetD1WjvLj5Gp,SK-A-1713,7,human,8,2.5,-2.1561,6.0,yes,2.0,-2.0,1.0,0.5,-0.3874347530096192,-1.3874347530096192,0.6125652469903808,low,1.0,0.2627,-0.7373,1.2627,high,0.0,-1.0998,25-34 years old,Male,"No, I am not colourblind",370,100,True,27,yes,yes,yes,yes,,low_sem_low_perc,Q4,low,low,15,13,10,2.989,8.961,-1.0545,-0.6251,-0.0862,0.587,-0.6866,-0.0414,-0.1003,-0.078,1.0,1.0,0.6666666666666666
R_8xyetD1WjvLj5Gp,SK-A-864,8,ai,10,4.5,11.8439,4.0,yes,6.0,-6.0,1.0,0.5,-0.3874347530096192,-1.3874347530096192,0.6125652469903808,low,1.0,0.2627,-0.7373,1.2627,high,0.0,-1.0998,25-34 years old,Male,"No, I am not colourblind",370,100,True,27,yes,yes,yes,yes,,high_sem_high_perc,Q1,high,high,66,28,11,8.181,13.079,2.1264,1.9598,2.242,0.9105,0.188,1.7041,1.4922,-0.078,1.0,1.0,0.6666666666666666
R_8xyetD1WjvLj5Gp,SK-A-388,9,none,9,3.5,3.8439,7.0,yes,2.0,-2.0,1.0,0.5,-0.3874347530096192,-1.3874347530096192,0.6125652469903808,low,1.0,0.2627,-0.7373,1.2627,high,0.0,-1.0998,25-34 years old,Male,"No, I am not colourblind",370,100,True,27,yes,yes,yes,yes,,high_sem_low_perc,Q3,high,low,52,24,12,4.026,10.43,-0.4191,1.2502,1.6212,1.2339,-0.3746,1.3684,0.1145,-0.078,1.0,1.0,0.6666666666666666
R_8xyetD1WjvLj5Gp,SK-A-1940,10,ai,5,-0.5,-8.1561,5.0,yes,0.0,0.0,1.0,0.5,-0.3874347530096192,-1.3874347530096192,0.6125652469903808,low,1.0,0.2627,-0.7373,1.2627,high,0.0,-1.0998,25-34 years old,Male,"No, I am not colourblind",370,100,True,27,yes,yes,yes,yes,,high_sem_high_perc,Q1,high,high,39,23,10,7.148,15.116,1.4935,0.5913,1.466,0.587,0.6205,0.8814,-0.3461,-0.078,1.0,1.0,0.6666666666666666
R_8xyetD1WjvLj5Gp,SK-C-153,11,ai,7,1.5,-6.1561,6.0,yes,1.0,-1.0,1.0,0.5,-0.3874347530096192,-1.3874347530096192,0.6125652469903808,low,1.0,0.2627,-0.7373,1.2627,high,0.0,-1.0998,25-34 years old,Male,"No, I am not colourblind",370,100,True,27,yes,yes,yes,yes,,low_sem_high_perc,Q2,low,high,14,12,8,6.72,23.164,1.2313,-0.6758,-0.2415,-0.0599,2.3297,-0.3257,0.2978,-0.078,1.0,1.0,0.6666666666666666
R_8xyetD1WjvLj5Gp,SK-A-2110,12,none,1,-4.5,11.8439,7.0,yes,6.0,6.0,1.0,0.5,-0.3874347530096192,-1.3874347530096192,0.6125652469903808,low,1.0,0.2627,-0.7373,1.2627,high,0.0,-1.0998,25-34 years old,Male,"No, I am not colourblind",370,100,True,27,yes,yes,yes,yes,,high_sem_low_perc,Q3,high,low,29,17,13,4.449,10.91,-0.16,0.0845,0.5346,1.5574,-0.2727,0.7255,0.9709,-0.078,1.0,1.0,0.6666666666666666
R_8xyetD1WjvLj5Gp,SK-A-298,13,none,2,-3.5,3.8439,7.0,yes,5.0,5.0,1.0,0.5,-0.3874347530096192,-1.3874347530096192,0.6125652469903808,low,1.0,0.2627,-0.7373,1.2627,high,0.0,-1.0998,25-34 years old,Male,"No, I am not colourblind",370,100,True,27,yes,yes,yes,yes,,high_sem_low_perc,Q3,high,low,22,19,12,3.588,8.258,-0.6875,-0.2703,0.8451,1.2339,-0.8359,0.6029,0.4922,-0.078,1.0,1.0,0.6666666666666666
R_8xyetD1WjvLj5Gp,SK-A-2320 B,14,none,10,4.5,11.8439,4.0,yes,6.0,-6.0,1.0,0.5,-0.3874347530096192,-1.3874347530096192,0.6125652469903808,low,1.0,0.2627,-0.7373,1.2627,high,0.0,-1.0998,25-34 years old,Male,"No, I am not colourblind",370,100,True,27,yes,yes,yes,yes,,low_sem_high_perc,Q2,low,high,11,7,4,4.974,8.222,0.1616,-0.8279,-1.0175,-1.3537,-0.8435,-1.0664,0.3704,-0.078,1.0,1.0,0.6666666666666666
R_8xyetD1WjvLj5Gp,SK-A-1756,15,ai,9,3.5,3.8439,5.0,yes,4.0,-4.0,1.0,0.5,-0.3874347530096192,-1.3874347530096192,0.6125652469903808,low,1.0,0.2627,-0.7373,1.2627,high,0.0,-1.0998,25-34 years old,Male,"No, I am not colourblind",370,100,True,27,yes,yes,yes,yes,,high_sem_high_perc,Q1,high,high,20,12,9,5.001,12.19,0.1782,-0.3717,-0.2415,0.2636,-0.0008,-0.1165,-1.106,-0.078,1.0,1.0,0.6666666666666666
R_8xyetD1WjvLj5Gp,SK-A-62,16,human,1,-4.5,11.8439,3.0,yes,2.0,2.0,1.0,0.5,-0.3874347530096192,-1.3874347530096192,0.6125652469903808,low,1.0,0.2627,-0.7373,1.2627,high,0.0,-1.0998,25-34 years old,Male,"No, I am not colourblind",370,100,True,27,yes,yes,yes,yes,,low_sem_low_perc,Q4,low,low,6,4,4,4.61,10.563,-0.0614,-1.0813,-1.4832,-1.3537,-0.3464,-1.3061,-1.366,-0.078,1.0,1.0,0.6666666666666666
R_8xyetD1WjvLj5Gp,SK-C-243,17,ai,1,-4.5,11.8439,5.0,yes,4.0,4.0,1.0,0.5,-0.3874347530096192,-1.3874347530096192,0.6125652469903808,low,1.0,0.2627,-0.7373,1.2627,high,0.0,-1.0998,25-34 years old,Male,"No, I am not colourblind",370,100,True,27,yes,yes,yes,yes,,low_sem_low_perc,Q4,low,low,14,12,6,4.052,8.426,-0.4032,-0.6758,-0.2415,-0.7068,-0.8002,-0.5414,0.1632,-0.078,1.0,1.0,0.6666666666666666
R_8xyetD1WjvLj5Gp,SK-A-232,18,human,8,2.5,-2.1561,6.0,yes,2.0,-2.0,1.0,0.5,-0.3874347530096192,-1.3874347530096192,0.6125652469903808,low,1.0,0.2627,-0.7373,1.2627,high,0.0,-1.0998,25-34 years old,Male,"No, I am not colourblind",370,100,True,27,yes,yes,yes,yes,,high_sem_low_perc,Q3,high,low,76,16,8,2.204,6.579,-1.5354,2.4667,0.3794,-0.0599,-1.1924,0.9287,0.1549,-0.078,1.0,1.0,0.6666666666666666
R_8xyetD1WjvLj5Gp,SK-A-4717,19,ai,7,1.5,-6.1561,5.0,yes,2.0,-2.0,1.0,0.5,-0.3874347530096192,-1.3874347530096192,0.6125652469903808,low,1.0,0.2627,-0.7373,1.2627,high,0.0,-1.0998,25-34 years old,Male,"No, I am not colourblind",370,100,True,27,yes,yes,yes,yes,,low_sem_high_perc,Q2,low,high,12,10,9,6.171,17.158,0.895,-0.7772,-0.5519,0.2636,1.0542,-0.3552,-0.0167,-0.078,1.0,1.0,0.6666666666666666
R_8xyetD1WjvLj5Gp,SK-A-110,20,human,9,3.5,3.8439,6.0,yes,3.0,-3.0,1.0,0.5,-0.3874347530096192,-1.3874347530096192,0.6125652469903808,low,1.0,0.2627,-0.7373,1.2627,high,0.0,-1.0998,25-34 years old,Male,"No, I am not colourblind",370,100,True,27,yes,yes,yes,yes,,low_sem_high_perc,Q2,low,high,9,7,5,5.104,15.147,0.2413,-0.9292,-1.0175,-1.0303,0.6271,-0.9923,0.0078,-0.078,1.0,1.0,0.6666666666666666
R_8xyetD1WjvLj5Gp,SK-A-87,21,human,5,-0.5,-8.1561,4.0,yes,1.0,-1.0,1.0,0.5,-0.3874347530096192,-1.3874347530096192,0.6125652469903808,low,1.0,0.2627,-0.7373,1.2627,high,0.0,-1.0998,25-34 years old,Male,"No, I am not colourblind",370,100,True,27,yes,yes,yes,yes,,low_sem_low_perc,Q4,low,low,16,9,4,1.284,3.991,-2.099,-0.5744,-0.7071,-1.3537,-1.742,-0.8784,0.5278,-0.078,1.0,1.0,0.6666666666666666
R_8xyetD1WjvLj5Gp,SK-C-95,22,none,9,3.5,3.8439,4.0,yes,5.0,-5.0,1.0,0.5,-0.3874347530096192,-1.3874347530096192,0.6125652469903808,low,1.0,0.2627,-0.7373,1.2627,high,0.0,-1.0998,25-34 years old,Male,"No, I am not colourblind",370,100,True,27,yes,yes,yes,yes,,low_sem_high_perc,Q2,low,high,12,10,6,5.078,11.141,0.2254,-0.7772,-0.5519,-0.7068,-0.2236,-0.6786,0.0208,-0.078,1.0,1.0,0.6666666666666666
R_8xyetD1WjvLj5Gp,SK-A-1298,23,ai,5,-0.5,-8.1561,3.0,yes,2.0,-2.0,1.0,0.5,-0.3874347530096192,-1.3874347530096192,0.6125652469903808,low,1.0,0.2627,-0.7373,1.2627,high,0.0,-1.0998,25-34 years old,Male,"No, I am not colourblind",370,100,True,27,yes,yes,yes,yes,,low_sem_high_perc,Q2,low,high,13,4,3,6.345,12.638,1.0016,-0.7265,-1.4832,-1.6772,0.0943,-1.2956,-1.1122,-0.078,1.0,1.0,0.6666666666666666
R_8xyetD1WjvLj5Gp,SK-A-1906,24,ai,5,-0.5,-8.1561,4.0,yes,1.0,-1.0,1.0,0.5,-0.3874347530096192,-1.3874347530096192,0.6125652469903808,low,1.0,0.2627,-0.7373,1.2627,high,0.0,-1.0998,25-34 years old,Male,"No, I am not colourblind",370,100,True,27,yes,yes,yes,yes,,high_sem_low_perc,Q3,high,low,43,16,11,4.708,19.343,-0.0013,0.7941,0.3794,0.9105,1.5182,0.6947,0.4853,-0.078,1.0,1.0,0.6666666666666666
R_8xyetD1WjvLj5Gp,SK-A-1574,25,none,2,-3.5,3.8439,4.0,yes,2.0,2.0,1.0,0.5,-0.3874347530096192,-1.3874347530096192,0.6125652469903808,low,1.0,0.2627,-0.7373,1.2627,high,0.0,-1.0998,25-34 years old,Male,"No, I am not colourblind",370,100,True,27,yes,yes,yes,yes,,high_sem_high_perc,Q1,high,high,41,19,10,6.451,10.977,1.0665,0.6927,0.8451,0.587,-0.2584,0.7083,-1.9879,-0.078,1.0,1.0,0.6666666666666666
R_8xyetD1WjvLj5Gp,SK-A-4469,26,none,10,4.5,11.8439,2.0,yes,8.0,-8.0,1.0,0.5,-0.3874347530096192,-1.3874347530096192,0.6125652469903808,low,1.0,0.2627,-0.7373,1.2627,high,0.0,-1.0998,25-34 years old,Male,"No, I am not colourblind",370,100,True,27,yes,yes,yes,yes,,high_sem_high_perc,Q1,high,high,31,11,6,6.128,21.628,0.8686,0.1858,-0.3967,-0.7068,2.0035,-0.3059,-0.9165,-0.078,1.0,1.0,0.6666666666666666
R_8xyetD1WjvLj5Gp,SK-A-3023,27,ai,7,1.5,-6.1561,5.0,yes,2.0,-2.0,1.0,0.5,-0.3874347530096192,-1.3874347530096192,0.6125652469903808,low,1.0,0.2627,-0.7373,1.2627,high,0.0,-1.0998,25-34 years old,Male,"No, I am not colourblind",370,100,True,27,yes,yes,yes,yes,,high_sem_low_perc,Q3,high,low,24,9,6,2.609,6.171,-1.2873,-0.169,-0.7071,-0.7068,-1.2791,-0.5276,-0.4284,-0.078,1.0,1.0,0.6666666666666666
R_2uU4BtqYvu4gHNf,SK-A-2320 A,1,ai,6,0.5,-8.1561,5.0,yes,1.0,-1.0,1.0,0.8333333333333334,0.2744329500484805,-0.7255670499515194,1.2744329500484806,high,0.7143,-0.3275,-1.3275,0.6725,low,0.625,0.1801,35-44 years old,Female,"No, I am not colourblind",442,100,True,27,yes,yes,yes,yes,,high_sem_low_perc,Q3,high,low,47,24,14,4.652,11.926,-0.0356,0.9968,1.6212,1.8808,-0.0569,1.4996,0.4324,0.5886,2.0,1.5,1.3333333333333333
R_2uU4BtqYvu4gHNf,SK-A-261,2,none,2,-3.5,3.8439,6.0,yes,4.0,4.0,1.0,0.8333333333333334,0.2744329500484805,-0.7255670499515194,1.2744329500484806,high,0.7143,-0.3275,-1.3275,0.6725,low,0.625,0.1801,35-44 years old,Female,"No, I am not colourblind",442,100,True,27,yes,yes,yes,yes,,low_sem_low_perc,Q4,low,low,9,8,7,4.292,16.828,-0.2562,-0.9292,-0.8623,-0.3834,0.9841,-0.725,0.1278,0.5886,2.0,1.5,1.3333333333333333
R_2uU4BtqYvu4gHNf,SK-A-1574,3,human,4,-1.5,-6.1561,4.0,yes,0.0,0.0,1.0,0.8333333333333334,0.2744329500484805,-0.7255670499515194,1.2744329500484806,high,0.7143,-0.3275,-1.3275,0.6725,low,0.625,0.1801,35-44 years old,Female,"No, I am not colourblind",442,100,True,27,yes,yes,yes,yes,,high_sem_high_perc,Q1,high,high,41,19,10,6.451,10.977,1.0665,0.6927,0.8451,0.587,-0.2584,0.7083,-1.9879,0.5886,2.0,1.5,1.3333333333333333
R_2uU4BtqYvu4gHNf,SK-A-3023,4,none,1,-4.5,11.8439,3.0,yes,2.0,2.0,1.0,0.8333333333333334,0.2744329500484805,-0.7255670499515194,1.2744329500484806,high,0.7143,-0.3275,-1.3275,0.6725,low,0.625,0.1801,35-44 years old,Female,"No, I am not colourblind",442,100,True,27,yes,yes,yes,yes,,high_sem_low_perc,Q3,high,low,24,9,6,2.609,6.171,-1.2873,-0.169,-0.7071,-0.7068,-1.2791,-0.5276,-0.4284,0.5886,2.0,1.5,1.3333333333333333
R_2uU4BtqYvu4gHNf,SK-A-110,5,human,1,-4.5,11.8439,5.0,yes,4.0,4.0,1.0,0.8333333333333334,0.2744329500484805,-0.7255670499515194,1.2744329500484806,high,0.7143,-0.3275,-1.3275,0.6725,low,0.625,0.1801,35-44 years old,Female,"No, I am not colourblind",442,100,True,27,yes,yes,yes,yes,,low_sem_high_perc,Q2,low,high,9,7,5,5.104,15.147,0.2413,-0.9292,-1.0175,-1.0303,0.6271,-0.9923,0.0078,0.5886,2.0,1.5,1.3333333333333333
R_2uU4BtqYvu4gHNf,SK-A-388,6,ai,2,-3.5,3.8439,3.0,yes,1.0,1.0,1.0,0.8333333333333334,0.2744329500484805,-0.7255670499515194,1.2744329500484806,high,0.7143,-0.3275,-1.3275,0.6725,low,0.625,0.1801,35-44 years old,Female,"No, I am not colourblind",442,100,True,27,yes,yes,yes,yes,,high_sem_low_perc,Q3,high,low,52,24,12,4.026,10.43,-0.4191,1.2502,1.6212,1.2339,-0.3746,1.3684,0.1145,0.5886,2.0,1.5,1.3333333333333333
R_2uU4BtqYvu4gHNf,SK-A-2320 B,7,ai,6,0.5,-8.1561,5.0,yes,1.0,-1.0,1.0,0.8333333333333334,0.2744329500484805,-0.7255670499515194,1.2744329500484806,high,0.7143,-0.3275,-1.3275,0.6725,low,0.625,0.1801,35-44 years old,Female,"No, I am not colourblind",442,100,True,27,yes,yes,yes,yes,,low_sem_high_perc,Q2,low,high,11,7,4,4.974,8.222,0.1616,-0.8279,-1.0175,-1.3537,-0.8435,-1.0664,0.3704,0.5886,2.0,1.5,1.3333333333333333
R_2uU4BtqYvu4gHNf,SK-A-232,8,none,10,4.5,11.8439,3.0,yes,7.0,-7.0,1.0,0.8333333333333334,0.2744329500484805,-0.7255670499515194,1.2744329500484806,high,0.7143,-0.3275,-1.3275,0.6725,low,0.625,0.1801,35-44 years old,Female,"No, I am not colourblind",442,100,True,27,yes,yes,yes,yes,,high_sem_low_perc,Q3,high,low,76,16,8,2.204,6.579,-1.5354,2.4667,0.3794,-0.0599,-1.1924,0.9287,0.1549,0.5886,2.0,1.5,1.3333333333333333
R_2uU4BtqYvu4gHNf,SK-A-3297,9,ai,9,3.5,3.8439,3.0,yes,6.0,-6.0,1.0,0.8333333333333334,0.2744329500484805,-0.7255670499515194,1.2744329500484806,high,0.7143,-0.3275,-1.3275,0.6725,low,0.625,0.1801,35-44 years old,Female,"No, I am not colourblind",442,100,True,27,yes,yes,yes,yes,,low_sem_low_perc,Q4,low,low,17,10,7,4.118,13.599,-0.3628,-0.5237,-0.5519,-0.3834,0.2984,-0.4863,-0.4879,0.5886,2.0,1.5,1.3333333333333333
R_2uU4BtqYvu4gHNf,SK-A-62,10,none,5,-0.5,-8.1561,6.0,yes,1.0,1.0,1.0,0.8333333333333334,0.2744329500484805,-0.7255670499515194,1.2744329500484806,high,0.7143,-0.3275,-1.3275,0.6725,low,0.625,0.1801,35-44 years old,Female,"No, I am not colourblind",442,100,True,27,yes,yes,yes,yes,,low_sem_low_perc,Q4,low,low,6,4,4,4.61,10.563,-0.0614,-1.0813,-1.4832,-1.3537,-0.3464,-1.3061,-1.366,0.5886,2.0,1.5,1.3333333333333333
R_2uU4BtqYvu4gHNf,SK-A-298,11,human,8,2.5,-2.1561,5.0,yes,3.0,-3.0,1.0,0.8333333333333334,0.2744329500484805,-0.7255670499515194,1.2744329500484806,high,0.7143,-0.3275,-1.3275,0.6725,low,0.625,0.1801,35-44 years old,Female,"No, I am not colourblind",442,100,True,27,yes,yes,yes,yes,,high_sem_low_perc,Q3,high,low,22,19,12,3.588,8.258,-0.6875,-0.2703,0.8451,1.2339,-0.8359,0.6029,0.4922,0.5886,2.0,1.5,1.3333333333333333
R_2uU4BtqYvu4gHNf,SK-C-153,12,none,5,-0.5,-8.1561,6.0,yes,1.0,1.0,1.0,0.8333333333333334,0.2744329500484805,-0.7255670499515194,1.2744329500484806,high,0.7143,-0.3275,-1.3275,0.6725,low,0.625,0.1801,35-44 years old,Female,"No, I am not colourblind",442,100,True,27,yes,yes,yes,yes,,low_sem_high_perc,Q2,low,high,14,12,8,6.72,23.164,1.2313,-0.6758,-0.2415,-0.0599,2.3297,-0.3257,0.2978,0.5886,2.0,1.5,1.3333333333333333
R_2uU4BtqYvu4gHNf,SK-A-864,13,none,3,-2.5,-2.1561,8.0,yes,5.0,5.0,1.0,0.8333333333333334,0.2744329500484805,-0.7255670499515194,1.2744329500484806,high,0.7143,-0.3275,-1.3275,0.6725,low,0.625,0.1801,35-44 years old,Female,"No, I am not colourblind",442,100,True,27,yes,yes,yes,yes,,high_sem_high_perc,Q1,high,high,66,28,11,8.181,13.079,2.1264,1.9598,2.242,0.9105,0.188,1.7041,1.4922,0.5886,2.0,1.5,1.3333333333333333
R_2uU4BtqYvu4gHNf,SK-A-1940,14,none,7,1.5,-6.1561,6.0,yes,1.0,-1.0,1.0,0.8333333333333334,0.2744329500484805,-0.7255670499515194,1.2744329500484806,high,0.7143,-0.3275,-1.3275,0.6725,low,0.625,0.1801,35-44 years old,Female,"No, I am not colourblind",442,100,True,27,yes,yes,yes,yes,,high_sem_high_perc,Q1,high,high,39,23,10,7.148,15.116,1.4935,0.5913,1.466,0.587,0.6205,0.8814,-0.3461,0.5886,2.0,1.5,1.3333333333333333
R_2uU4BtqYvu4gHNf,SK-C-1215,15,human,4,-1.5,-6.1561,6.0,yes,2.0,2.0,1.0,0.8333333333333334,0.2744329500484805,-0.7255670499515194,1.2744329500484806,high,0.7143,-0.3275,-1.3275,0.6725,low,0.625,0.1801,35-44 years old,Female,"No, I am not colourblind",442,100,True,27,yes,yes,yes,yes,,high_sem_high_perc,Q1,high,high,24,14,8,5.533,8.134,0.5041,-0.169,0.069,-0.0599,-0.8622,-0.0533,-0.0772,0.5886,2.0,1.5,1.3333333333333333
R_2uU4BtqYvu4gHNf,SK-A-2110,16,ai,9,3.5,3.8439,6.0,yes,3.0,-3.0,1.0,0.8333333333333334,0.2744329500484805,-0.7255670499515194,1.2744329500484806,high,0.7143,-0.3275,-1.3275,0.6725,low,0.625,0.1801,35-44 years old,Female,"No, I am not colourblind",442,100,True,27,yes,yes,yes,yes,,high_sem_low_perc,Q3,high,low,29,17,13,4.449,10.91,-0.16,0.0845,0.5346,1.5574,-0.2727,0.7255,0.9709,0.5886,2.0,1.5,1.3333333333333333
R_2uU4BtqYvu4gHNf,SK-A-1298,17,ai,8,2.5,-2.1561,5.0,yes,3.0,-3.0,1.0,0.8333333333333334,0.2744329500484805,-0.7255670499515194,1.2744329500484806,high,0.7143,-0.3275,-1.3275,0.6725,low,0.625,0.1801,35-44 years old,Female,"No, I am not colourblind",442,100,True,27,yes,yes,yes,yes,,low_sem_high_perc,Q2,low,high,13,4,3,6.345,12.638,1.0016,-0.7265,-1.4832,-1.6772,0.0943,-1.2956,-1.1122,0.5886,2.0,1.5,1.3333333333333333
R_2uU4BtqYvu4gHNf,SK-A-1684,18,none,4,-1.5,-6.1561,4.0,yes,0.0,0.0,1.0,0.8333333333333334,0.2744329500484805,-0.7255670499515194,1.2744329500484806,high,0.7143,-0.3275,-1.3275,0.6725,low,0.625,0.1801,35-44 years old,Female,"No, I am not colourblind",442,100,True,27,yes,yes,yes,yes,,low_sem_low_perc,Q4,low,low,7,6,5,1.478,7.119,-1.9802,-1.0306,-1.1728,-1.0303,-1.0777,-1.0779,1.5061,0.5886,2.0,1.5,1.3333333333333333
R_2uU4BtqYvu4gHNf,SK-A-87,19,ai,6,0.5,-8.1561,3.0,yes,3.0,-3.0,1.0,0.8333333333333334,0.2744329500484805,-0.7255670499515194,1.2744329500484806,high,0.7143,-0.3275,-1.3275,0.6725,low,0.625,0.1801,35-44 years old,Female,"No, I am not colourblind",442,100,True,27,yes,yes,yes,yes,,low_sem_low_perc,Q4,low,low,16,9,4,1.284,3.991,-2.099,-0.5744,-0.7071,-1.3537,-1.742,-0.8784,0.5278,0.5886,2.0,1.5,1.3333333333333333
R_2uU4BtqYvu4gHNf,SK-A-1403,20,none,5,-0.5,-8.1561,8.0,yes,3.0,3.0,1.0,0.8333333333333334,0.2744329500484805,-0.7255670499515194,1.2744329500484806,high,0.7143,-0.3275,-1.3275,0.6725,low,0.625,0.1801,35-44 years old,Female,"No, I am not colourblind",442,100,True,27,yes,yes,yes,yes,,high_sem_high_perc,Q1,high,high,69,22,13,5.281,17.539,0.3497,2.1119,1.3107,1.5574,1.1351,1.66,0.7811,0.5886,2.0,1.5,1.3333333333333333
R_2uU4BtqYvu4gHNf,SK-A-4469,21,human,1,-4.5,11.8439,5.0,yes,4.0,4.0,1.0,0.8333333333333334,0.2744329500484805,-0.7255670499515194,1.2744329500484806,high,0.7143,-0.3275,-1.3275,0.6725,low,0.625,0.1801,35-44 years old,Female,"No, I am not colourblind",442,100,True,27,yes,yes,yes,yes,,high_sem_high_perc,Q1,high,high,31,11,6,6.128,21.628,0.8686,0.1858,-0.3967,-0.7068,2.0035,-0.3059,-0.9165,0.5886,2.0,1.5,1.3333333333333333
R_2uU4BtqYvu4gHNf,SK-A-4717,22,human,7,1.5,-6.1561,4.0,yes,3.0,-3.0,1.0,0.8333333333333334,0.2744329500484805,-0.7255670499515194,1.2744329500484806,high,0.7143,-0.3275,-1.3275,0.6725,low,0.625,0.1801,35-44 years old,Female,"No, I am not colourblind",442,100,True,27,yes,yes,yes,yes,,low_sem_high_perc,Q2,low,high,12,10,9,6.171,17.158,0.895,-0.7772,-0.5519,0.2636,1.0542,-0.3552,-0.0167,0.5886,2.0,1.5,1.3333333333333333
R_2uU4BtqYvu4gHNf,SK-A-1756,23,human,6,0.5,-8.1561,3.0,yes,3.0,-3.0,1.0,0.8333333333333334,0.2744329500484805,-0.7255670499515194,1.2744329500484806,high,0.7143,-0.3275,-1.3275,0.6725,low,0.625,0.1801,35-44 years old,Female,"No, I am not colourblind",442,100,True,27,yes,yes,yes,yes,,high_sem_high_perc,Q1,high,high,20,12,9,5.001,12.19,0.1782,-0.3717,-0.2415,0.2636,-0.0008,-0.1165,-1.106,0.5886,2.0,1.5,1.3333333333333333
R_2uU4BtqYvu4gHNf,SK-C-95,24,human,6,0.5,-8.1561,5.0,yes,1.0,-1.0,1.0,0.8333333333333334,0.2744329500484805,-0.7255670499515194,1.2744329500484806,high,0.7143,-0.3275,-1.3275,0.6725,low,0.625,0.1801,35-44 years old,Female,"No, I am not colourblind",442,100,True,27,yes,yes,yes,yes,,low_sem_high_perc,Q2,low,high,12,10,6,5.078,11.141,0.2254,-0.7772,-0.5519,-0.7068,-0.2236,-0.6786,0.0208,0.5886,2.0,1.5,1.3333333333333333
R_2uU4BtqYvu4gHNf,SK-A-1713,25,ai,10,4.5,11.8439,4.0,yes,6.0,-6.0,1.0,0.8333333333333334,0.2744329500484805,-0.7255670499515194,1.2744329500484806,high,0.7143,-0.3275,-1.3275,0.6725,low,0.625,0.1801,35-44 years old,Female,"No, I am not colourblind",442,100,True,27,yes,yes,yes,yes,,low_sem_low_perc,Q4,low,low,15,13,10,2.989,8.961,-1.0545,-0.6251,-0.0862,0.587,-0.6866,-0.0414,-0.1003,0.5886,2.0,1.5,1.3333333333333333
R_2uU4BtqYvu4gHNf,SK-A-1906,26,ai,10,4.5,11.8439,9.0,yes,1.0,-1.0,1.0,0.8333333333333334,0.2744329500484805,-0.7255670499515194,1.2744329500484806,high,0.7143,-0.3275,-1.3275,0.6725,low,0.625,0.1801,35-44 years old,Female,"No, I am not colourblind",442,100,True,27,yes,yes,yes,yes,,high_sem_low_perc,Q3,high,low,43,16,11,4.708,19.343,-0.0013,0.7941,0.3794,0.9105,1.5182,0.6947,0.4853,0.5886,2.0,1.5,1.3333333333333333
R_2uU4BtqYvu4gHNf,SK-C-243,27,human,8,2.5,-2.1561,3.0,yes,5.0,-5.0,1.0,0.8333333333333334,0.2744329500484805,-0.7255670499515194,1.2744329500484806,high,0.7143,-0.3275,-1.3275,0.6725,low,0.625,0.1801,35-44 years old,Female,"No, I am not colourblind",442,100,True,27,yes,yes,yes,yes,,low_sem_low_perc,Q4,low,low,14,12,6,4.052,8.426,-0.4032,-0.6758,-0.2415,-0.7068,-0.8002,-0.5414,0.1632,0.5886,2.0,1.5,1.3333333333333333
R_2lz5SKex1SRVslW,SK-A-232,1,ai,5,-0.5,-8.1561,5.0,yes,0.0,0.0,3.0,0.8333333333333334,0.2744329500484805,-0.7255670499515194,1.2744329500484806,high,0.7143,-0.3275,-1.3275,0.6725,low,0.125,-0.8438,25-34 years old,Female,"No, I am not colourblind",254,100,True,27,yes,yes,yes,yes,,high_sem_low_perc,Q3,high,low,76,16,8,2.204,6.579,-1.5354,2.4667,0.3794,-0.0599,-1.1924,0.9287,0.1549,0.3664,1.0,1.5,1.3333333333333333
R_2lz5SKex1SRVslW,SK-A-2110,2,ai,6,0.5,-8.1561,7.0,yes,1.0,1.0,3.0,0.8333333333333334,0.2744329500484805,-0.7255670499515194,1.2744329500484806,high,0.7143,-0.3275,-1.3275,0.6725,low,0.125,-0.8438,25-34 years old,Female,"No, I am not colourblind",254,100,True,27,yes,yes,yes,yes,,high_sem_low_perc,Q3,high,low,29,17,13,4.449,10.91,-0.16,0.0845,0.5346,1.5574,-0.2727,0.7255,0.9709,0.3664,1.0,1.5,1.3333333333333333
R_2lz5SKex1SRVslW,SK-A-1756,3,none,1,-4.5,11.8439,4.0,yes,3.0,3.0,3.0,0.8333333333333334,0.2744329500484805,-0.7255670499515194,1.2744329500484806,high,0.7143,-0.3275,-1.3275,0.6725,low,0.125,-0.8438,25-34 years old,Female,"No, I am not colourblind",254,100,True,27,yes,yes,yes,yes,,high_sem_high_perc,Q1,high,high,20,12,9,5.001,12.19,0.1782,-0.3717,-0.2415,0.2636,-0.0008,-0.1165,-1.106,0.3664,1.0,1.5,1.3333333333333333
R_2lz5SKex1SRVslW,SK-C-153,4,human,5,-0.5,-8.1561,7.0,yes,2.0,2.0,3.0,0.8333333333333334,0.2744329500484805,-0.7255670499515194,1.2744329500484806,high,0.7143,-0.3275,-1.3275,0.6725,low,0.125,-0.8438,25-34 years old,Female,"No, I am not colourblind",254,100,True,27,yes,yes,yes,yes,,low_sem_high_perc,Q2,low,high,14,12,8,6.72,23.164,1.2313,-0.6758,-0.2415,-0.0599,2.3297,-0.3257,0.2978,0.3664,1.0,1.5,1.3333333333333333
R_2lz5SKex1SRVslW,SK-A-2320 A,5,human,2,-3.5,3.8439,3.0,yes,1.0,1.0,3.0,0.8333333333333334,0.2744329500484805,-0.7255670499515194,1.2744329500484806,high,0.7143,-0.3275,-1.3275,0.6725,low,0.125,-0.8438,25-34 years old,Female,"No, I am not colourblind",254,100,True,27,yes,yes,yes,yes,,high_sem_low_perc,Q3,high,low,47,24,14,4.652,11.926,-0.0356,0.9968,1.6212,1.8808,-0.0569,1.4996,0.4324,0.3664,1.0,1.5,1.3333333333333333
R_2lz5SKex1SRVslW,SK-A-1574,6,ai,5,-0.5,-8.1561,3.0,yes,2.0,-2.0,3.0,0.8333333333333334,0.2744329500484805,-0.7255670499515194,1.2744329500484806,high,0.7143,-0.3275,-1.3275,0.6725,low,0.125,-0.8438,25-34 years old,Female,"No, I am not colourblind",254,100,True,27,yes,yes,yes,yes,,high_sem_high_perc,Q1,high,high,41,19,10,6.451,10.977,1.0665,0.6927,0.8451,0.587,-0.2584,0.7083,-1.9879,0.3664,1.0,1.5,1.3333333333333333
R_2lz5SKex1SRVslW,SK-A-2320 B,7,ai,9,3.5,3.8439,8.0,yes,1.0,-1.0,3.0,0.8333333333333334,0.2744329500484805,-0.7255670499515194,1.2744329500484806,high,0.7143,-0.3275,-1.3275,0.6725,low,0.125,-0.8438,25-34 years old,Female,"No, I am not colourblind",254,100,True,27,yes,yes,yes,yes,,low_sem_high_perc,Q2,low,high,11,7,4,4.974,8.222,0.1616,-0.8279,-1.0175,-1.3537,-0.8435,-1.0664,0.3704,0.3664,1.0,1.5,1.3333333333333333
R_2lz5SKex1SRVslW,SK-A-1403,8,ai,7,1.5,-6.1561,4.0,yes,3.0,-3.0,3.0,0.8333333333333334,0.2744329500484805,-0.7255670499515194,1.2744329500484806,high,0.7143,-0.3275,-1.3275,0.6725,low,0.125,-0.8438,25-34 years old,Female,"No, I am not colourblind",254,100,True,27,yes,yes,yes,yes,,high_sem_high_perc,Q1,high,high,69,22,13,5.281,17.539,0.3497,2.1119,1.3107,1.5574,1.1351,1.66,0.7811,0.3664,1.0,1.5,1.3333333333333333
R_2lz5SKex1SRVslW,SK-C-1215,9,human,7,1.5,-6.1561,4.0,yes,3.0,-3.0,3.0,0.8333333333333334,0.2744329500484805,-0.7255670499515194,1.2744329500484806,high,0.7143,-0.3275,-1.3275,0.6725,low,0.125,-0.8438,25-34 years old,Female,"No, I am not colourblind",254,100,True,27,yes,yes,yes,yes,,high_sem_high_perc,Q1,high,high,24,14,8,5.533,8.134,0.5041,-0.169,0.069,-0.0599,-0.8622,-0.0533,-0.0772,0.3664,1.0,1.5,1.3333333333333333
R_2lz5SKex1SRVslW,SK-A-110,10,none,2,-3.5,3.8439,8.0,yes,6.0,6.0,3.0,0.8333333333333334,0.2744329500484805,-0.7255670499515194,1.2744329500484806,high,0.7143,-0.3275,-1.3275,0.6725,low,0.125,-0.8438,25-34 years old,Female,"No, I am not colourblind",254,100,True,27,yes,yes,yes,yes,,low_sem_high_perc,Q2,low,high,9,7,5,5.104,15.147,0.2413,-0.9292,-1.0175,-1.0303,0.6271,-0.9923,0.0078,0.3664,1.0,1.5,1.3333333333333333
R_2lz5SKex1SRVslW,SK-A-1713,11,none,8,2.5,-2.1561,4.0,yes,4.0,-4.0,3.0,0.8333333333333334,0.2744329500484805,-0.7255670499515194,1.2744329500484806,high,0.7143,-0.3275,-1.3275,0.6725,low,0.125,-0.8438,25-34 years old,Female,"No, I am not colourblind",254,100,True,27,yes,yes,yes,yes,,low_sem_low_perc,Q4,low,low,15,13,10,2.989,8.961,-1.0545,-0.6251,-0.0862,0.587,-0.6866,-0.0414,-0.1003,0.3664,1.0,1.5,1.3333333333333333
R_2lz5SKex1SRVslW,SK-C-95,12,ai,9,3.5,3.8439,6.0,yes,3.0,-3.0,3.0,0.8333333333333334,0.2744329500484805,-0.7255670499515194,1.2744329500484806,high,0.7143,-0.3275,-1.3275,0.6725,low,0.125,-0.8438,25-34 years old,Female,"No, I am not colourblind",254,100,True,27,yes,yes,yes,yes,,low_sem_high_perc,Q2,low,high,12,10,6,5.078,11.141,0.2254,-0.7772,-0.5519,-0.7068,-0.2236,-0.6786,0.0208,0.3664,1.0,1.5,1.3333333333333333
R_2lz5SKex1SRVslW,SK-A-4717,13,none,2,-3.5,3.8439,3.0,yes,1.0,1.0,3.0,0.8333333333333334,0.2744329500484805,-0.7255670499515194,1.2744329500484806,high,0.7143,-0.3275,-1.3275,0.6725,low,0.125,-0.8438,25-34 years old,Female,"No, I am not colourblind",254,100,True,27,yes,yes,yes,yes,,low_sem_high_perc,Q2,low,high,12,10,9,6.171,17.158,0.895,-0.7772,-0.5519,0.2636,1.0542,-0.3552,-0.0167,0.3664,1.0,1.5,1.3333333333333333
R_2lz5SKex1SRVslW,SK-C-243,14,human,7,1.5,-6.1561,6.0,yes,1.0,-1.0,3.0,0.8333333333333334,0.2744329500484805,-0.7255670499515194,1.2744329500484806,high,0.7143,-0.3275,-1.3275,0.6725,low,0.125,-0.8438,25-34 years old,Female,"No, I am not colourblind",254,100,True,27,yes,yes,yes,yes,,low_sem_low_perc,Q4,low,low,14,12,6,4.052,8.426,-0.4032,-0.6758,-0.2415,-0.7068,-0.8002,-0.5414,0.1632,0.3664,1.0,1.5,1.3333333333333333
R_2lz5SKex1SRVslW,SK-A-3023,15,none,9,3.5,3.8439,6.0,yes,3.0,-3.0,3.0,0.8333333333333334,0.2744329500484805,-0.7255670499515194,1.2744329500484806,high,0.7143,-0.3275,-1.3275,0.6725,low,0.125,-0.8438,25-34 years old,Female,"No, I am not colourblind",254,100,True,27,yes,yes,yes,yes,,high_sem_low_perc,Q3,high,low,24,9,6,2.609,6.171,-1.2873,-0.169,-0.7071,-0.7068,-1.2791,-0.5276,-0.4284,0.3664,1.0,1.5,1.3333333333333333
R_2lz5SKex1SRVslW,SK-A-864,16,ai,5,-0.5,-8.1561,2.0,yes,3.0,-3.0,3.0,0.8333333333333334,0.2744329500484805,-0.7255670499515194,1.2744329500484806,high,0.7143,-0.3275,-1.3275,0.6725,low,0.125,-0.8438,25-34 years old,Female,"No, I am not colourblind",254,100,True,27,yes,yes,yes,yes,,high_sem_high_perc,Q1,high,high,66,28,11,8.181,13.079,2.1264,1.9598,2.242,0.9105,0.188,1.7041,1.4922,0.3664,1.0,1.5,1.3333333333333333
R_2lz5SKex1SRVslW,SK-A-1940,17,ai,4,-1.5,-6.1561,6.0,yes,2.0,2.0,3.0,0.8333333333333334,0.2744329500484805,-0.7255670499515194,1.2744329500484806,high,0.7143,-0.3275,-1.3275,0.6725,low,0.125,-0.8438,25-34 years old,Female,"No, I am not colourblind",254,100,True,27,yes,yes,yes,yes,,high_sem_high_perc,Q1,high,high,39,23,10,7.148,15.116,1.4935,0.5913,1.466,0.587,0.6205,0.8814,-0.3461,0.3664,1.0,1.5,1.3333333333333333
R_2lz5SKex1SRVslW,SK-A-3297,18,none,1,-4.5,11.8439,5.0,yes,4.0,4.0,3.0,0.8333333333333334,0.2744329500484805,-0.7255670499515194,1.2744329500484806,high,0.7143,-0.3275,-1.3275,0.6725,low,0.125,-0.8438,25-34 years old,Female,"No, I am not colourblind",254,100,True,27,yes,yes,yes,yes,,low_sem_low_perc,Q4,low,low,17,10,7,4.118,13.599,-0.3628,-0.5237,-0.5519,-0.3834,0.2984,-0.4863,-0.4879,0.3664,1.0,1.5,1.3333333333333333
R_2lz5SKex1SRVslW,SK-A-298,19,human,2,-3.5,3.8439,4.0,yes,2.0,2.0,3.0,0.8333333333333334,0.2744329500484805,-0.7255670499515194,1.2744329500484806,high,0.7143,-0.3275,-1.3275,0.6725,low,0.125,-0.8438,25-34 years old,Female,"No, I am not colourblind",254,100,True,27,yes,yes,yes,yes,,high_sem_low_perc,Q3,high,low,22,19,12,3.588,8.258,-0.6875,-0.2703,0.8451,1.2339,-0.8359,0.6029,0.4922,0.3664,1.0,1.5,1.3333333333333333
R_2lz5SKex1SRVslW,SK-A-1684,20,none,1,-4.5,11.8439,9.0,yes,8.0,8.0,3.0,0.8333333333333334,0.2744329500484805,-0.7255670499515194,1.2744329500484806,high,0.7143,-0.3275,-1.3275,0.6725,low,0.125,-0.8438,25-34 years old,Female,"No, I am not colourblind",254,100,True,27,yes,yes,yes,yes,,low_sem_low_perc,Q4,low,low,7,6,5,1.478,7.119,-1.9802,-1.0306,-1.1728,-1.0303,-1.0777,-1.0779,1.5061,0.3664,1.0,1.5,1.3333333333333333
R_2lz5SKex1SRVslW,SK-A-62,21,human,7,1.5,-6.1561,5.0,yes,2.0,-2.0,3.0,0.8333333333333334,0.2744329500484805,-0.7255670499515194,1.2744329500484806,high,0.7143,-0.3275,-1.3275,0.6725,low,0.125,-0.8438,25-34 years old,Female,"No, I am not colourblind",254,100,True,27,yes,yes,yes,yes,,low_sem_low_perc,Q4,low,low,6,4,4,4.61,10.563,-0.0614,-1.0813,-1.4832,-1.3537,-0.3464,-1.3061,-1.366,0.3664,1.0,1.5,1.3333333333333333
R_2lz5SKex1SRVslW,SK-A-261,22,human,2,-3.5,3.8439,8.0,yes,6.0,6.0,3.0,0.8333333333333334,0.2744329500484805,-0.7255670499515194,1.2744329500484806,high,0.7143,-0.3275,-1.3275,0.6725,low,0.125,-0.8438,25-34 years old,Female,"No, I am not colourblind",254,100,True,27,yes,yes,yes,yes,,low_sem_low_perc,Q4,low,low,9,8,7,4.292,16.828,-0.2562,-0.9292,-0.8623,-0.3834,0.9841,-0.725,0.1278,0.3664,1.0,1.5,1.3333333333333333
R_2lz5SKex1SRVslW,SK-A-388,23,ai,10,4.5,11.8439,4.0,yes,6.0,-6.0,3.0,0.8333333333333334,0.2744329500484805,-0.7255670499515194,1.2744329500484806,high,0.7143,-0.3275,-1.3275,0.6725,low,0.125,-0.8438,25-34 years old,Female,"No, I am not colourblind",254,100,True,27,yes,yes,yes,yes,,high_sem_low_perc,Q3,high,low,52,24,12,4.026,10.43,-0.4191,1.2502,1.6212,1.2339,-0.3746,1.3684,0.1145,0.3664,1.0,1.5,1.3333333333333333
R_2lz5SKex1SRVslW,SK-A-1298,24,none,2,-3.5,3.8439,3.0,yes,1.0,1.0,3.0,0.8333333333333334,0.2744329500484805,-0.7255670499515194,1.2744329500484806,high,0.7143,-0.3275,-1.3275,0.6725,low,0.125,-0.8438,25-34 years old,Female,"No, I am not colourblind",254,100,True,27,yes,yes,yes,yes,,low_sem_high_perc,Q2,low,high,13,4,3,6.345,12.638,1.0016,-0.7265,-1.4832,-1.6772,0.0943,-1.2956,-1.1122,0.3664,1.0,1.5,1.3333333333333333
R_2lz5SKex1SRVslW,SK-A-87,25,none,8,2.5,-2.1561,6.0,yes,2.0,-2.0,3.0,0.8333333333333334,0.2744329500484805,-0.7255670499515194,1.2744329500484806,high,0.7143,-0.3275,-1.3275,0.6725,low,0.125,-0.8438,25-34 years old,Female,"No, I am not colourblind",254,100,True,27,yes,yes,yes,yes,,low_sem_low_perc,Q4,low,low,16,9,4,1.284,3.991,-2.099,-0.5744,-0.7071,-1.3537,-1.742,-0.8784,0.5278,0.3664,1.0,1.5,1.3333333333333333
R_2lz5SKex1SRVslW,SK-A-1906,26,human,8,2.5,-2.1561,2.0,yes,6.0,-6.0,3.0,0.8333333333333334,0.2744329500484805,-0.7255670499515194,1.2744329500484806,high,0.7143,-0.3275,-1.3275,0.6725,low,0.125,-0.8438,25-34 years old,Female,"No, I am not colourblind",254,100,True,27,yes,yes,yes,yes,,high_sem_low_perc,Q3,high,low,43,16,11,4.708,19.343,-0.0013,0.7941,0.3794,0.9105,1.5182,0.6947,0.4853,0.3664,1.0,1.5,1.3333333333333333
R_2lz5SKex1SRVslW,SK-A-4469,27,human,2,-3.5,3.8439,1.0,yes,1.0,-1.0,3.0,0.8333333333333334,0.2744329500484805,-0.7255670499515194,1.2744329500484806,high,0.7143,-0.3275,-1.3275,0.6725,low,0.125,-0.8438,25-34 years old,Female,"No, I am not colourblind",254,100,True,27,yes,yes,yes,yes,,high_sem_high_perc,Q1,high,high,31,11,6,6.128,21.628,0.8686,0.1858,-0.3967,-0.7068,2.0035,-0.3059,-0.9165,0.3664,1.0,1.5,1.3333333333333333
R_8iqjet50gkEC9XH,SK-A-3023,1,none,5,-0.5,-8.1561,7.0,yes,2.0,2.0,1.0,1.1666666666666667,0.9363006531065804,-0.0636993468934197,1.9363006531065805,high,1.5714,1.4431,0.4431,2.4431,high,0.375,-0.3318,18-24 years old,Male,"No, I am not colourblind",524,100,True,27,yes,yes,yes,yes,,high_sem_low_perc,Q3,high,low,24,9,6,2.609,6.171,-1.2873,-0.169,-0.7071,-0.7068,-1.2791,-0.5276,-0.4284,0.5886,0.0,0.5,0.3333333333333333
R_8iqjet50gkEC9XH,SK-A-1684,2,ai,6,0.5,-8.1561,5.0,yes,1.0,-1.0,1.0,1.1666666666666667,0.9363006531065804,-0.0636993468934197,1.9363006531065805,high,1.5714,1.4431,0.4431,2.4431,high,0.375,-0.3318,18-24 years old,Male,"No, I am not colourblind",524,100,True,27,yes,yes,yes,yes,,low_sem_low_perc,Q4,low,low,7,6,5,1.478,7.119,-1.9802,-1.0306,-1.1728,-1.0303,-1.0777,-1.0779,1.5061,0.5886,0.0,0.5,0.3333333333333333
R_8iqjet50gkEC9XH,SK-A-1940,3,none,5,-0.5,-8.1561,3.0,yes,2.0,-2.0,1.0,1.1666666666666667,0.9363006531065804,-0.0636993468934197,1.9363006531065805,high,1.5714,1.4431,0.4431,2.4431,high,0.375,-0.3318,18-24 years old,Male,"No, I am not colourblind",524,100,True,27,yes,yes,yes,yes,,high_sem_high_perc,Q1,high,high,39,23,10,7.148,15.116,1.4935,0.5913,1.466,0.587,0.6205,0.8814,-0.3461,0.5886,0.0,0.5,0.3333333333333333
R_8iqjet50gkEC9XH,SK-A-4717,4,none,6,0.5,-8.1561,6.0,yes,0.0,0.0,1.0,1.1666666666666667,0.9363006531065804,-0.0636993468934197,1.9363006531065805,high,1.5714,1.4431,0.4431,2.4431,high,0.375,-0.3318,18-24 years old,Male,"No, I am not colourblind",524,100,True,27,yes,yes,yes,yes,,low_sem_high_perc,Q2,low,high,12,10,9,6.171,17.158,0.895,-0.7772,-0.5519,0.2636,1.0542,-0.3552,-0.0167,0.5886,0.0,0.5,0.3333333333333333
R_8iqjet50gkEC9XH,SK-A-2320 B,5,ai,9,3.5,3.8439,6.0,yes,3.0,-3.0,1.0,1.1666666666666667,0.9363006531065804,-0.0636993468934197,1.9363006531065805,high,1.5714,1.4431,0.4431,2.4431,high,0.375,-0.3318,18-24 years old,Male,"No, I am not colourblind",524,100,True,27,yes,yes,yes,yes,,low_sem_high_perc,Q2,low,high,11,7,4,4.974,8.222,0.1616,-0.8279,-1.0175,-1.3537,-0.8435,-1.0664,0.3704,0.5886,0.0,0.5,0.3333333333333333
R_8iqjet50gkEC9XH,SK-A-4469,6,human,10,4.5,11.8439,7.0,yes,3.0,-3.0,1.0,1.1666666666666667,0.9363006531065804,-0.0636993468934197,1.9363006531065805,high,1.5714,1.4431,0.4431,2.4431,high,0.375,-0.3318,18-24 years old,Male,"No, I am not colourblind",524,100,True,27,yes,yes,yes,yes,,high_sem_high_perc,Q1,high,high,31,11,6,6.128,21.628,0.8686,0.1858,-0.3967,-0.7068,2.0035,-0.3059,-0.9165,0.5886,0.0,0.5,0.3333333333333333
R_8iqjet50gkEC9XH,SK-A-1574,7,human,10,4.5,11.8439,8.0,yes,2.0,-2.0,1.0,1.1666666666666667,0.9363006531065804,-0.0636993468934197,1.9363006531065805,high,1.5714,1.4431,0.4431,2.4431,high,0.375,-0.3318,18-24 years old,Male,"No, I am not colourblind",524,100,True,27,yes,yes,yes,yes,,high_sem_high_perc,Q1,high,high,41,19,10,6.451,10.977,1.0665,0.6927,0.8451,0.587,-0.2584,0.7083,-1.9879,0.5886,0.0,0.5,0.3333333333333333
R_8iqjet50gkEC9XH,SK-A-2110,8,ai,8,2.5,-2.1561,6.0,yes,2.0,-2.0,1.0,1.1666666666666667,0.9363006531065804,-0.0636993468934197,1.9363006531065805,high,1.5714,1.4431,0.4431,2.4431,high,0.375,-0.3318,18-24 years old,Male,"No, I am not colourblind",524,100,True,27,yes,yes,yes,yes,,high_sem_low_perc,Q3,high,low,29,17,13,4.449,10.91,-0.16,0.0845,0.5346,1.5574,-0.2727,0.7255,0.9709,0.5886,0.0,0.5,0.3333333333333333
R_8iqjet50gkEC9XH,SK-A-62,9,ai,5,-0.5,-8.1561,7.0,yes,2.0,2.0,1.0,1.1666666666666667,0.9363006531065804,-0.0636993468934197,1.9363006531065805,high,1.5714,1.4431,0.4431,2.4431,high,0.375,-0.3318,18-24 years old,Male,"No, I am not colourblind",524,100,True,27,yes,yes,yes,yes,,low_sem_low_perc,Q4,low,low,6,4,4,4.61,10.563,-0.0614,-1.0813,-1.4832,-1.3537,-0.3464,-1.3061,-1.366,0.5886,0.0,0.5,0.3333333333333333
R_8iqjet50gkEC9XH,SK-C-243,10,human,2,-3.5,3.8439,6.0,yes,4.0,4.0,1.0,1.1666666666666667,0.9363006531065804,-0.0636993468934197,1.9363006531065805,high,1.5714,1.4431,0.4431,2.4431,high,0.375,-0.3318,18-24 years old,Male,"No, I am not colourblind",524,100,True,27,yes,yes,yes,yes,,low_sem_low_perc,Q4,low,low,14,12,6,4.052,8.426,-0.4032,-0.6758,-0.2415,-0.7068,-0.8002,-0.5414,0.1632,0.5886,0.0,0.5,0.3333333333333333
R_8iqjet50gkEC9XH,SK-C-153,11,human,1,-4.5,11.8439,5.0,yes,4.0,4.0,1.0,1.1666666666666667,0.9363006531065804,-0.0636993468934197,1.9363006531065805,high,1.5714,1.4431,0.4431,2.4431,high,0.375,-0.3318,18-24 years old,Male,"No, I am not colourblind",524,100,True,27,yes,yes,yes,yes,,low_sem_high_perc,Q2,low,high,14,12,8,6.72,23.164,1.2313,-0.6758,-0.2415,-0.0599,2.3297,-0.3257,0.2978,0.5886,0.0,0.5,0.3333333333333333
R_8iqjet50gkEC9XH,SK-A-261,12,ai,9,3.5,3.8439,8.0,yes,1.0,-1.0,1.0,1.1666666666666667,0.9363006531065804,-0.0636993468934197,1.9363006531065805,high,1.5714,1.4431,0.4431,2.4431,high,0.375,-0.3318,18-24 years old,Male,"No, I am not colourblind",524,100,True,27,yes,yes,yes,yes,,low_sem_low_perc,Q4,low,low,9,8,7,4.292,16.828,-0.2562,-0.9292,-0.8623,-0.3834,0.9841,-0.725,0.1278,0.5886,0.0,0.5,0.3333333333333333
R_8iqjet50gkEC9XH,SK-A-2320 A,13,none,5,-0.5,-8.1561,6.0,yes,1.0,1.0,1.0,1.1666666666666667,0.9363006531065804,-0.0636993468934197,1.9363006531065805,high,1.5714,1.4431,0.4431,2.4431,high,0.375,-0.3318,18-24 years old,Male,"No, I am not colourblind",524,100,True,27,yes,yes,yes,yes,,high_sem_low_perc,Q3,high,low,47,24,14,4.652,11.926,-0.0356,0.9968,1.6212,1.8808,-0.0569,1.4996,0.4324,0.5886,0.0,0.5,0.3333333333333333
R_8iqjet50gkEC9XH,SK-A-298,14,ai,5,-0.5,-8.1561,7.0,yes,2.0,2.0,1.0,1.1666666666666667,0.9363006531065804,-0.0636993468934197,1.9363006531065805,high,1.5714,1.4431,0.4431,2.4431,high,0.375,-0.3318,18-24 years old,Male,"No, I am not colourblind",524,100,True,27,yes,yes,yes,yes,,high_sem_low_perc,Q3,high,low,22,19,12,3.588,8.258,-0.6875,-0.2703,0.8451,1.2339,-0.8359,0.6029,0.4922,0.5886,0.0,0.5,0.3333333333333333
R_8iqjet50gkEC9XH,SK-A-1713,15,human,1,-4.5,11.8439,6.0,yes,5.0,5.0,1.0,1.1666666666666667,0.9363006531065804,-0.0636993468934197,1.9363006531065805,high,1.5714,1.4431,0.4431,2.4431,high,0.375,-0.3318,18-24 years old,Male,"No, I am not colourblind",524,100,True,27,yes,yes,yes,yes,,low_sem_low_perc,Q4,low,low,15,13,10,2.989,8.961,-1.0545,-0.6251,-0.0862,0.587,-0.6866,-0.0414,-0.1003,0.5886,0.0,0.5,0.3333333333333333
R_8iqjet50gkEC9XH,SK-A-1756,16,none,2,-3.5,3.8439,5.0,yes,3.0,3.0,1.0,1.1666666666666667,0.9363006531065804,-0.0636993468934197,1.9363006531065805,high,1.5714,1.4431,0.4431,2.4431,high,0.375,-0.3318,18-24 years old,Male,"No, I am not colourblind",524,100,True,27,yes,yes,yes,yes,,high_sem_high_perc,Q1,high,high,20,12,9,5.001,12.19,0.1782,-0.3717,-0.2415,0.2636,-0.0008,-0.1165,-1.106,0.5886,0.0,0.5,0.3333333333333333
R_8iqjet50gkEC9XH,SK-A-864,17,human,6,0.5,-8.1561,8.0,yes,2.0,2.0,1.0,1.1666666666666667,0.9363006531065804,-0.0636993468934197,1.9363006531065805,high,1.5714,1.4431,0.4431,2.4431,high,0.375,-0.3318,18-24 years old,Male,"No, I am not colourblind",524,100,True,27,yes,yes,yes,yes,,high_sem_high_perc,Q1,high,high,66,28,11,8.181,13.079,2.1264,1.9598,2.242,0.9105,0.188,1.7041,1.4922,0.5886,0.0,0.5,0.3333333333333333
R_8iqjet50gkEC9XH,SK-A-1906,18,none,2,-3.5,3.8439,6.0,yes,4.0,4.0,1.0,1.1666666666666667,0.9363006531065804,-0.0636993468934197,1.9363006531065805,high,1.5714,1.4431,0.4431,2.4431,high,0.375,-0.3318,18-24 years old,Male,"No, I am not colourblind",524,100,True,27,yes,yes,yes,yes,,high_sem_low_perc,Q3,high,low,43,16,11,4.708,19.343,-0.0013,0.7941,0.3794,0.9105,1.5182,0.6947,0.4853,0.5886,0.0,0.5,0.3333333333333333
R_8iqjet50gkEC9XH,SK-A-110,19,ai,8,2.5,-2.1561,6.0,yes,2.0,-2.0,1.0,1.1666666666666667,0.9363006531065804,-0.0636993468934197,1.9363006531065805,high,1.5714,1.4431,0.4431,2.4431,high,0.375,-0.3318,18-24 years old,Male,"No, I am not colourblind",524,100,True,27,yes,yes,yes,yes,,low_sem_high_perc,Q2,low,high,9,7,5,5.104,15.147,0.2413,-0.9292,-1.0175,-1.0303,0.6271,-0.9923,0.0078,0.5886,0.0,0.5,0.3333333333333333
R_8iqjet50gkEC9XH,SK-A-3297,20,none,1,-4.5,11.8439,3.0,yes,2.0,2.0,1.0,1.1666666666666667,0.9363006531065804,-0.0636993468934197,1.9363006531065805,high,1.5714,1.4431,0.4431,2.4431,high,0.375,-0.3318,18-24 years old,Male,"No, I am not colourblind",524,100,True,27,yes,yes,yes,yes,,low_sem_low_perc,Q4,low,low,17,10,7,4.118,13.599,-0.3628,-0.5237,-0.5519,-0.3834,0.2984,-0.4863,-0.4879,0.5886,0.0,0.5,0.3333333333333333
R_8iqjet50gkEC9XH,SK-A-87,21,none,8,2.5,-2.1561,8.0,yes,0.0,0.0,1.0,1.1666666666666667,0.9363006531065804,-0.0636993468934197,1.9363006531065805,high,1.5714,1.4431,0.4431,2.4431,high,0.375,-0.3318,18-24 years old,Male,"No, I am not colourblind",524,100,True,27,yes,yes,yes,yes,,low_sem_low_perc,Q4,low,low,16,9,4,1.284,3.991,-2.099,-0.5744,-0.7071,-1.3537,-1.742,-0.8784,0.5278,0.5886,0.0,0.5,0.3333333333333333
R_8iqjet50gkEC9XH,SK-A-232,22,none,3,-2.5,-2.1561,6.0,yes,3.0,3.0,1.0,1.1666666666666667,0.9363006531065804,-0.0636993468934197,1.9363006531065805,high,1.5714,1.4431,0.4431,2.4431,high,0.375,-0.3318,18-24 years old,Male,"No, I am not colourblind",524,100,True,27,yes,yes,yes,yes,,high_sem_low_perc,Q3,high,low,76,16,8,2.204,6.579,-1.5354,2.4667,0.3794,-0.0599,-1.1924,0.9287,0.1549,0.5886,0.0,0.5,0.3333333333333333
R_8iqjet50gkEC9XH,SK-A-1403,23,ai,9,3.5,3.8439,2.0,yes,7.0,-7.0,1.0,1.1666666666666667,0.9363006531065804,-0.0636993468934197,1.9363006531065805,high,1.5714,1.4431,0.4431,2.4431,high,0.375,-0.3318,18-24 years old,Male,"No, I am not colourblind",524,100,True,27,yes,yes,yes,yes,,high_sem_high_perc,Q1,high,high,69,22,13,5.281,17.539,0.3497,2.1119,1.3107,1.5574,1.1351,1.66,0.7811,0.5886,0.0,0.5,0.3333333333333333
R_8iqjet50gkEC9XH,SK-C-95,24,human,4,-1.5,-6.1561,7.0,yes,3.0,3.0,1.0,1.1666666666666667,0.9363006531065804,-0.0636993468934197,1.9363006531065805,high,1.5714,1.4431,0.4431,2.4431,high,0.375,-0.3318,18-24 years old,Male,"No, I am not colourblind",524,100,True,27,yes,yes,yes,yes,,low_sem_high_perc,Q2,low,high,12,10,6,5.078,11.141,0.2254,-0.7772,-0.5519,-0.7068,-0.2236,-0.6786,0.0208,0.5886,0.0,0.5,0.3333333333333333
R_8iqjet50gkEC9XH,SK-A-1298,25,human,8,2.5,-2.1561,3.0,yes,5.0,-5.0,1.0,1.1666666666666667,0.9363006531065804,-0.0636993468934197,1.9363006531065805,high,1.5714,1.4431,0.4431,2.4431,high,0.375,-0.3318,18-24 years old,Male,"No, I am not colourblind",524,100,True,27,yes,yes,yes,yes,,low_sem_high_perc,Q2,low,high,13,4,3,6.345,12.638,1.0016,-0.7265,-1.4832,-1.6772,0.0943,-1.2956,-1.1122,0.5886,0.0,0.5,0.3333333333333333
R_8iqjet50gkEC9XH,SK-A-388,26,ai,10,4.5,11.8439,7.0,yes,3.0,-3.0,1.0,1.1666666666666667,0.9363006531065804,-0.0636993468934197,1.9363006531065805,high,1.5714,1.4431,0.4431,2.4431,high,0.375,-0.3318,18-24 years old,Male,"No, I am not colourblind",524,100,True,27,yes,yes,yes,yes,,high_sem_low_perc,Q3,high,low,52,24,12,4.026,10.43,-0.4191,1.2502,1.6212,1.2339,-0.3746,1.3684,0.1145,0.5886,0.0,0.5,0.3333333333333333
R_8iqjet50gkEC9XH,SK-C-1215,27,human,2,-3.5,3.8439,8.0,yes,6.0,6.0,1.0,1.1666666666666667,0.9363006531065804,-0.0636993468934197,1.9363006531065805,high,1.5714,1.4431,0.4431,2.4431,high,0.375,-0.3318,18-24 years old,Male,"No, I am not colourblind",524,100,True,27,yes,yes,yes,yes,,high_sem_high_perc,Q1,high,high,24,14,8,5.533,8.134,0.5041,-0.169,0.069,-0.0599,-0.8622,-0.0533,-0.0772,0.5886,0.0,0.5,0.3333333333333333
R_2CBpUaaWpwRcZYV,SK-A-2320 B,1,human,10,4.5,11.8439,5.0,yes,5.0,-5.0,1.0,0.5,-0.3874347530096192,-1.3874347530096192,0.6125652469903808,low,0.7143,-0.3275,-1.3275,0.6725,low,0.25,-0.5878,18-24 years old,Female,"No, I am not colourblind",226,100,True,27,yes,yes,yes,yes,,low_sem_high_perc,Q2,low,high,11,7,4,4.974,8.222,0.1616,-0.8279,-1.0175,-1.3537,-0.8435,-1.0664,0.3704,0.4775,1.0,0.5,0.6666666666666666
R_2CBpUaaWpwRcZYV,SK-A-261,2,none,6,0.5,-8.1561,6.0,yes,0.0,0.0,1.0,0.5,-0.3874347530096192,-1.3874347530096192,0.6125652469903808,low,0.7143,-0.3275,-1.3275,0.6725,low,0.25,-0.5878,18-24 years old,Female,"No, I am not colourblind",226,100,True,27,yes,yes,yes,yes,,low_sem_low_perc,Q4,low,low,9,8,7,4.292,16.828,-0.2562,-0.9292,-0.8623,-0.3834,0.9841,-0.725,0.1278,0.4775,1.0,0.5,0.6666666666666666
R_2CBpUaaWpwRcZYV,SK-A-1940,3,human,7,1.5,-6.1561,3.0,yes,4.0,-4.0,1.0,0.5,-0.3874347530096192,-1.3874347530096192,0.6125652469903808,low,0.7143,-0.3275,-1.3275,0.6725,low,0.25,-0.5878,18-24 years old,Female,"No, I am not colourblind",226,100,True,27,yes,yes,yes,yes,,high_sem_high_perc,Q1,high,high,39,23,10,7.148,15.116,1.4935,0.5913,1.466,0.587,0.6205,0.8814,-0.3461,0.4775,1.0,0.5,0.6666666666666666
R_2CBpUaaWpwRcZYV,SK-A-3023,4,ai,1,-4.5,11.8439,2.0,yes,1.0,1.0,1.0,0.5,-0.3874347530096192,-1.3874347530096192,0.6125652469903808,low,0.7143,-0.3275,-1.3275,0.6725,low,0.25,-0.5878,18-24 years old,Female,"No, I am not colourblind",226,100,True,27,yes,yes,yes,yes,,high_sem_low_perc,Q3,high,low,24,9,6,2.609,6.171,-1.2873,-0.169,-0.7071,-0.7068,-1.2791,-0.5276,-0.4284,0.4775,1.0,0.5,0.6666666666666666
R_2CBpUaaWpwRcZYV,SK-A-1298,5,human,8,2.5,-2.1561,3.0,yes,5.0,-5.0,1.0,0.5,-0.3874347530096192,-1.3874347530096192,0.6125652469903808,low,0.7143,-0.3275,-1.3275,0.6725,low,0.25,-0.5878,18-24 years old,Female,"No, I am not colourblind",226,100,True,27,yes,yes,yes,yes,,low_sem_high_perc,Q2,low,high,13,4,3,6.345,12.638,1.0016,-0.7265,-1.4832,-1.6772,0.0943,-1.2956,-1.1122,0.4775,1.0,0.5,0.6666666666666666
R_2CBpUaaWpwRcZYV,SK-A-1756,6,ai,5,-0.5,-8.1561,4.0,yes,1.0,-1.0,1.0,0.5,-0.3874347530096192,-1.3874347530096192,0.6125652469903808,low,0.7143,-0.3275,-1.3275,0.6725,low,0.25,-0.5878,18-24 years old,Female,"No, I am not colourblind",226,100,True,27,yes,yes,yes,yes,,high_sem_high_perc,Q1,high,high,20,12,9,5.001,12.19,0.1782,-0.3717,-0.2415,0.2636,-0.0008,-0.1165,-1.106,0.4775,1.0,0.5,0.6666666666666666
R_2CBpUaaWpwRcZYV,SK-A-87,7,ai,5,-0.5,-8.1561,5.0,yes,0.0,0.0,1.0,0.5,-0.3874347530096192,-1.3874347530096192,0.6125652469903808,low,0.7143,-0.3275,-1.3275,0.6725,low,0.25,-0.5878,18-24 years old,Female,"No, I am not colourblind",226,100,True,27,yes,yes,yes,yes,,low_sem_low_perc,Q4,low,low,16,9,4,1.284,3.991,-2.099,-0.5744,-0.7071,-1.3537,-1.742,-0.8784,0.5278,0.4775,1.0,0.5,0.6666666666666666
R_2CBpUaaWpwRcZYV,SK-A-4717,8,none,3,-2.5,-2.1561,6.0,yes,3.0,3.0,1.0,0.5,-0.3874347530096192,-1.3874347530096192,0.6125652469903808,low,0.7143,-0.3275,-1.3275,0.6725,low,0.25,-0.5878,18-24 years old,Female,"No, I am not colourblind",226,100,True,27,yes,yes,yes,yes,,low_sem_high_perc,Q2,low,high,12,10,9,6.171,17.158,0.895,-0.7772,-0.5519,0.2636,1.0542,-0.3552,-0.0167,0.4775,1.0,0.5,0.6666666666666666
R_2CBpUaaWpwRcZYV,SK-A-4469,9,human,5,-0.5,-8.1561,8.0,yes,3.0,3.0,1.0,0.5,-0.3874347530096192,-1.3874347530096192,0.6125652469903808,low,0.7143,-0.3275,-1.3275,0.6725,low,0.25,-0.5878,18-24 years old,Female,"No, I am not colourblind",226,100,True,27,yes,yes,yes,yes,,high_sem_high_perc,Q1,high,high,31,11,6,6.128,21.628,0.8686,0.1858,-0.3967,-0.7068,2.0035,-0.3059,-0.9165,0.4775,1.0,0.5,0.6666666666666666
R_2CBpUaaWpwRcZYV,SK-A-110,10,human,7,1.5,-6.1561,5.0,yes,2.0,-2.0,1.0,0.5,-0.3874347530096192,-1.3874347530096192,0.6125652469903808,low,0.7143,-0.3275,-1.3275,0.6725,low,0.25,-0.5878,18-24 years old,Female,"No, I am not colourblind",226,100,True,27,yes,yes,yes,yes,,low_sem_high_perc,Q2,low,high,9,7,5,5.104,15.147,0.2413,-0.9292,-1.0175,-1.0303,0.6271,-0.9923,0.0078,0.4775,1.0,0.5,0.6666666666666666
R_2CBpUaaWpwRcZYV,SK-C-1215,11,ai,1,-4.5,11.8439,6.0,yes,5.0,5.0,1.0,0.5,-0.3874347530096192,-1.3874347530096192,0.6125652469903808,low,0.7143,-0.3275,-1.3275,0.6725,low,0.25,-0.5878,18-24 years old,Female,"No, I am not colourblind",226,100,True,27,yes,yes,yes,yes,,high_sem_high_perc,Q1,high,high,24,14,8,5.533,8.134,0.5041,-0.169,0.069,-0.0599,-0.8622,-0.0533,-0.0772,0.4775,1.0,0.5,0.6666666666666666
R_2CBpUaaWpwRcZYV,SK-C-243,12,none,7,1.5,-6.1561,5.0,yes,2.0,-2.0,1.0,0.5,-0.3874347530096192,-1.3874347530096192,0.6125652469903808,low,0.7143,-0.3275,-1.3275,0.6725,low,0.25,-0.5878,18-24 years old,Female,"No, I am not colourblind",226,100,True,27,yes,yes,yes,yes,,low_sem_low_perc,Q4,low,low,14,12,6,4.052,8.426,-0.4032,-0.6758,-0.2415,-0.7068,-0.8002,-0.5414,0.1632,0.4775,1.0,0.5,0.6666666666666666
R_2CBpUaaWpwRcZYV,SK-A-2320 A,13,human,5,-0.5,-8.1561,8.0,yes,3.0,3.0,1.0,0.5,-0.3874347530096192,-1.3874347530096192,0.6125652469903808,low,0.7143,-0.3275,-1.3275,0.6725,low,0.25,-0.5878,18-24 years old,Female,"No, I am not colourblind",226,100,True,27,yes,yes,yes,yes,,high_sem_low_perc,Q3,high,low,47,24,14,4.652,11.926,-0.0356,0.9968,1.6212,1.8808,-0.0569,1.4996,0.4324,0.4775,1.0,0.5,0.6666666666666666
R_2CBpUaaWpwRcZYV,SK-A-864,14,none,8,2.5,-2.1561,8.0,yes,0.0,0.0,1.0,0.5,-0.3874347530096192,-1.3874347530096192,0.6125652469903808,low,0.7143,-0.3275,-1.3275,0.6725,low,0.25,-0.5878,18-24 years old,Female,"No, I am not colourblind",226,100,True,27,yes,yes,yes,yes,,high_sem_high_perc,Q1,high,high,66,28,11,8.181,13.079,2.1264,1.9598,2.242,0.9105,0.188,1.7041,1.4922,0.4775,1.0,0.5,0.6666666666666666
R_2CBpUaaWpwRcZYV,SK-A-1906,15,none,8,2.5,-2.1561,4.0,yes,4.0,-4.0,1.0,0.5,-0.3874347530096192,-1.3874347530096192,0.6125652469903808,low,0.7143,-0.3275,-1.3275,0.6725,low,0.25,-0.5878,18-24 years old,Female,"No, I am not colourblind",226,100,True,27,yes,yes,yes,yes,,high_sem_low_perc,Q3,high,low,43,16,11,4.708,19.343,-0.0013,0.7941,0.3794,0.9105,1.5182,0.6947,0.4853,0.4775,1.0,0.5,0.6666666666666666
R_2CBpUaaWpwRcZYV,SK-A-298,16,none,1,-4.5,11.8439,3.0,yes,2.0,2.0,1.0,0.5,-0.3874347530096192,-1.3874347530096192,0.6125652469903808,low,0.7143,-0.3275,-1.3275,0.6725,low,0.25,-0.5878,18-24 years old,Female,"No, I am not colourblind",226,100,True,27,yes,yes,yes,yes,,high_sem_low_perc,Q3,high,low,22,19,12,3.588,8.258,-0.6875,-0.2703,0.8451,1.2339,-0.8359,0.6029,0.4922,0.4775,1.0,0.5,0.6666666666666666
R_2CBpUaaWpwRcZYV,SK-A-2110,17,none,2,-3.5,3.8439,6.0,yes,4.0,4.0,1.0,0.5,-0.3874347530096192,-1.3874347530096192,0.6125652469903808,low,0.7143,-0.3275,-1.3275,0.6725,low,0.25,-0.5878,18-24 years old,Female,"No, I am not colourblind",226,100,True,27,yes,yes,yes,yes,,high_sem_low_perc,Q3,high,low,29,17,13,4.449,10.91,-0.16,0.0845,0.5346,1.5574,-0.2727,0.7255,0.9709,0.4775,1.0,0.5,0.6666666666666666
R_2CBpUaaWpwRcZYV,SK-A-388,18,ai,8,2.5,-2.1561,4.0,yes,4.0,-4.0,1.0,0.5,-0.3874347530096192,-1.3874347530096192,0.6125652469903808,low,0.7143,-0.3275,-1.3275,0.6725,low,0.25,-0.5878,18-24 years old,Female,"No, I am not colourblind",226,100,True,27,yes,yes,yes,yes,,high_sem_low_perc,Q3,high,low,52,24,12,4.026,10.43,-0.4191,1.2502,1.6212,1.2339,-0.3746,1.3684,0.1145,0.4775,1.0,0.5,0.6666666666666666
R_2CBpUaaWpwRcZYV,SK-A-1403,19,none,4,-1.5,-6.1561,7.0,yes,3.0,3.0,1.0,0.5,-0.3874347530096192,-1.3874347530096192,0.6125652469903808,low,0.7143,-0.3275,-1.3275,0.6725,low,0.25,-0.5878,18-24 years old,Female,"No, I am not colourblind",226,100,True,27,yes,yes,yes,yes,,high_sem_high_perc,Q1,high,high,69,22,13,5.281,17.539,0.3497,2.1119,1.3107,1.5574,1.1351,1.66,0.7811,0.4775,1.0,0.5,0.6666666666666666
R_2CBpUaaWpwRcZYV,SK-A-1713,20,human,2,-3.5,3.8439,3.0,yes,1.0,1.0,1.0,0.5,-0.3874347530096192,-1.3874347530096192,0.6125652469903808,low,0.7143,-0.3275,-1.3275,0.6725,low,0.25,-0.5878,18-24 years old,Female,"No, I am not colourblind",226,100,True,27,yes,yes,yes,yes,,low_sem_low_perc,Q4,low,low,15,13,10,2.989,8.961,-1.0545,-0.6251,-0.0862,0.587,-0.6866,-0.0414,-0.1003,0.4775,1.0,0.5,0.6666666666666666
R_2CBpUaaWpwRcZYV,SK-A-232,21,human,1,-4.5,11.8439,3.0,yes,2.0,2.0,1.0,0.5,-0.3874347530096192,-1.3874347530096192,0.6125652469903808,low,0.7143,-0.3275,-1.3275,0.6725,low,0.25,-0.5878,18-24 years old,Female,"No, I am not colourblind",226,100,True,27,yes,yes,yes,yes,,high_sem_low_perc,Q3,high,low,76,16,8,2.204,6.579,-1.5354,2.4667,0.3794,-0.0599,-1.1924,0.9287,0.1549,0.4775,1.0,0.5,0.6666666666666666
R_2CBpUaaWpwRcZYV,SK-A-1574,22,ai,1,-4.5,11.8439,4.0,yes,3.0,3.0,1.0,0.5,-0.3874347530096192,-1.3874347530096192,0.6125652469903808,low,0.7143,-0.3275,-1.3275,0.6725,low,0.25,-0.5878,18-24 years old,Female,"No, I am not colourblind",226,100,True,27,yes,yes,yes,yes,,high_sem_high_perc,Q1,high,high,41,19,10,6.451,10.977,1.0665,0.6927,0.8451,0.587,-0.2584,0.7083,-1.9879,0.4775,1.0,0.5,0.6666666666666666
R_2CBpUaaWpwRcZYV,SK-A-62,23,human,6,0.5,-8.1561,3.0,yes,3.0,-3.0,1.0,0.5,-0.3874347530096192,-1.3874347530096192,0.6125652469903808,low,0.7143,-0.3275,-1.3275,0.6725,low,0.25,-0.5878,18-24 years old,Female,"No, I am not colourblind",226,100,True,27,yes,yes,yes,yes,,low_sem_low_perc,Q4,low,low,6,4,4,4.61,10.563,-0.0614,-1.0813,-1.4832,-1.3537,-0.3464,-1.3061,-1.366,0.4775,1.0,0.5,0.6666666666666666
R_2CBpUaaWpwRcZYV,SK-A-1684,24,ai,2,-3.5,3.8439,5.0,yes,3.0,3.0,1.0,0.5,-0.3874347530096192,-1.3874347530096192,0.6125652469903808,low,0.7143,-0.3275,-1.3275,0.6725,low,0.25,-0.5878,18-24 years old,Female,"No, I am not colourblind",226,100,True,27,yes,yes,yes,yes,,low_sem_low_perc,Q4,low,low,7,6,5,1.478,7.119,-1.9802,-1.0306,-1.1728,-1.0303,-1.0777,-1.0779,1.5061,0.4775,1.0,0.5,0.6666666666666666
R_2CBpUaaWpwRcZYV,SK-C-153,25,ai,6,0.5,-8.1561,8.0,yes,2.0,2.0,1.0,0.5,-0.3874347530096192,-1.3874347530096192,0.6125652469903808,low,0.7143,-0.3275,-1.3275,0.6725,low,0.25,-0.5878,18-24 years old,Female,"No, I am not colourblind",226,100,True,27,yes,yes,yes,yes,,low_sem_high_perc,Q2,low,high,14,12,8,6.72,23.164,1.2313,-0.6758,-0.2415,-0.0599,2.3297,-0.3257,0.2978,0.4775,1.0,0.5,0.6666666666666666
R_2CBpUaaWpwRcZYV,SK-A-3297,26,ai,8,2.5,-2.1561,2.0,yes,6.0,-6.0,1.0,0.5,-0.3874347530096192,-1.3874347530096192,0.6125652469903808,low,0.7143,-0.3275,-1.3275,0.6725,low,0.25,-0.5878,18-24 years old,Female,"No, I am not colourblind",226,100,True,27,yes,yes,yes,yes,,low_sem_low_perc,Q4,low,low,17,10,7,4.118,13.599,-0.3628,-0.5237,-0.5519,-0.3834,0.2984,-0.4863,-0.4879,0.4775,1.0,0.5,0.6666666666666666
R_2CBpUaaWpwRcZYV,SK-C-95,27,none,2,-3.5,3.8439,4.0,yes,2.0,2.0,1.0,0.5,-0.3874347530096192,-1.3874347530096192,0.6125652469903808,low,0.7143,-0.3275,-1.3275,0.6725,low,0.25,-0.5878,18-24 years old,Female,"No, I am not colourblind",226,100,True,27,yes,yes,yes,yes,,low_sem_high_perc,Q2,low,high,12,10,6,5.078,11.141,0.2254,-0.7772,-0.5519,-0.7068,-0.2236,-0.6786,0.0208,0.4775,1.0,0.5,0.6666666666666666
R_8Xnip1YOHD6hdaV,SK-A-2320 A,1,ai,2,-3.5,3.8439,8.0,yes,6.0,6.0,2.0,0.6666666666666666,-0.0565009014805694,-1.0565009014805695,0.9434990985194304,low,1.1429,0.5579,-0.4421,1.5579,high,0.375,-0.3318,55-64 years old,Female,"No, I am not colourblind",44858,100,True,27,yes,yes,yes,yes,,high_sem_low_perc,Q3,high,low,47,24,14,4.652,11.926,-0.0356,0.9968,1.6212,1.8808,-0.0569,1.4996,0.4324,0.3664,1.0,1.0,1.0
R_8Xnip1YOHD6hdaV,SK-A-87,2,ai,1,-4.5,11.8439,6.0,yes,5.0,5.0,2.0,0.6666666666666666,-0.0565009014805694,-1.0565009014805695,0.9434990985194304,low,1.1429,0.5579,-0.4421,1.5579,high,0.375,-0.3318,55-64 years old,Female,"No, I am not colourblind",44858,100,True,27,yes,yes,yes,yes,,low_sem_low_perc,Q4,low,low,16,9,4,1.284,3.991,-2.099,-0.5744,-0.7071,-1.3537,-1.742,-0.8784,0.5278,0.3664,1.0,1.0,1.0
R_8Xnip1YOHD6hdaV,SK-C-153,3,ai,7,1.5,-6.1561,6.0,yes,1.0,-1.0,2.0,0.6666666666666666,-0.0565009014805694,-1.0565009014805695,0.9434990985194304,low,1.1429,0.5579,-0.4421,1.5579,high,0.375,-0.3318,55-64 years old,Female,"No, I am not colourblind",44858,100,True,27,yes,yes,yes,yes,,low_sem_high_perc,Q2,low,high,14,12,8,6.72,23.164,1.2313,-0.6758,-0.2415,-0.0599,2.3297,-0.3257,0.2978,0.3664,1.0,1.0,1.0
R_8Xnip1YOHD6hdaV,SK-A-864,4,human,10,4.5,11.8439,4.0,yes,6.0,-6.0,2.0,0.6666666666666666,-0.0565009014805694,-1.0565009014805695,0.9434990985194304,low,1.1429,0.5579,-0.4421,1.5579,high,0.375,-0.3318,55-64 years old,Female,"No, I am not colourblind",44858,100,True,27,yes,yes,yes,yes,,high_sem_high_perc,Q1,high,high,66,28,11,8.181,13.079,2.1264,1.9598,2.242,0.9105,0.188,1.7041,1.4922,0.3664,1.0,1.0,1.0
R_8Xnip1YOHD6hdaV,SK-A-4717,5,human,4,-1.5,-6.1561,3.0,yes,1.0,-1.0,2.0,0.6666666666666666,-0.0565009014805694,-1.0565009014805695,0.9434990985194304,low,1.1429,0.5579,-0.4421,1.5579,high,0.375,-0.3318,55-64 years old,Female,"No, I am not colourblind",44858,100,True,27,yes,yes,yes,yes,,low_sem_high_perc,Q2,low,high,12,10,9,6.171,17.158,0.895,-0.7772,-0.5519,0.2636,1.0542,-0.3552,-0.0167,0.3664,1.0,1.0,1.0
R_8Xnip1YOHD6hdaV,SK-C-95,6,none,6,0.5,-8.1561,7.0,yes,1.0,1.0,2.0,0.6666666666666666,-0.0565009014805694,-1.0565009014805695,0.9434990985194304,low,1.1429,0.5579,-0.4421,1.5579,high,0.375,-0.3318,55-64 years old,Female,"No, I am not colourblind",44858,100,True,27,yes,yes,yes,yes,,low_sem_high_perc,Q2,low,high,12,10,6,5.078,11.141,0.2254,-0.7772,-0.5519,-0.7068,-0.2236,-0.6786,0.0208,0.3664,1.0,1.0,1.0
R_8Xnip1YOHD6hdaV,SK-A-1298,7,human,6,0.5,-8.1561,4.0,yes,2.0,-2.0,2.0,0.6666666666666666,-0.0565009014805694,-1.0565009014805695,0.9434990985194304,low,1.1429,0.5579,-0.4421,1.5579,high,0.375,-0.3318,55-64 years old,Female,"No, I am not colourblind",44858,100,True,27,yes,yes,yes,yes,,low_sem_high_perc,Q2,low,high,13,4,3,6.345,12.638,1.0016,-0.7265,-1.4832,-1.6772,0.0943,-1.2956,-1.1122,0.3664,1.0,1.0,1.0
R_8Xnip1YOHD6hdaV,SK-A-1940,8,ai,6,0.5,-8.1561,5.0,yes,1.0,-1.0,2.0,0.6666666666666666,-0.0565009014805694,-1.0565009014805695,0.9434990985194304,low,1.1429,0.5579,-0.4421,1.5579,high,0.375,-0.3318,55-64 years old,Female,"No, I am not colourblind",44858,100,True,27,yes,yes,yes,yes,,high_sem_high_perc,Q1,high,high,39,23,10,7.148,15.116,1.4935,0.5913,1.466,0.587,0.6205,0.8814,-0.3461,0.3664,1.0,1.0,1.0
R_8Xnip1YOHD6hdaV,SK-A-3297,9,none,6,0.5,-8.1561,3.0,yes,3.0,-3.0,2.0,0.6666666666666666,-0.0565009014805694,-1.0565009014805695,0.9434990985194304,low,1.1429,0.5579,-0.4421,1.5579,high,0.375,-0.3318,55-64 years old,Female,"No, I am not colourblind",44858,100,True,27,yes,yes,yes,yes,,low_sem_low_perc,Q4,low,low,17,10,7,4.118,13.599,-0.3628,-0.5237,-0.5519,-0.3834,0.2984,-0.4863,-0.4879,0.3664,1.0,1.0,1.0
R_8Xnip1YOHD6hdaV,SK-A-3023,10,ai,8,2.5,-2.1561,6.0,yes,2.0,-2.0,2.0,0.6666666666666666,-0.0565009014805694,-1.0565009014805695,0.9434990985194304,low,1.1429,0.5579,-0.4421,1.5579,high,0.375,-0.3318,55-64 years old,Female,"No, I am not colourblind",44858,100,True,27,yes,yes,yes,yes,,high_sem_low_perc,Q3,high,low,24,9,6,2.609,6.171,-1.2873,-0.169,-0.7071,-0.7068,-1.2791,-0.5276,-0.4284,0.3664,1.0,1.0,1.0
R_8Xnip1YOHD6hdaV,SK-A-1403,11,human,2,-3.5,3.8439,7.0,yes,5.0,5.0,2.0,0.6666666666666666,-0.0565009014805694,-1.0565009014805695,0.9434990985194304,low,1.1429,0.5579,-0.4421,1.5579,high,0.375,-0.3318,55-64 years old,Female,"No, I am not colourblind",44858,100,True,27,yes,yes,yes,yes,,high_sem_high_perc,Q1,high,high,69,22,13,5.281,17.539,0.3497,2.1119,1.3107,1.5574,1.1351,1.66,0.7811,0.3664,1.0,1.0,1.0
R_8Xnip1YOHD6hdaV,SK-A-110,12,none,5,-0.5,-8.1561,4.0,yes,1.0,-1.0,2.0,0.6666666666666666,-0.0565009014805694,-1.0565009014805695,0.9434990985194304,low,1.1429,0.5579,-0.4421,1.5579,high,0.375,-0.3318,55-64 years old,Female,"No, I am not colourblind",44858,100,True,27,yes,yes,yes,yes,,low_sem_high_perc,Q2,low,high,9,7,5,5.104,15.147,0.2413,-0.9292,-1.0175,-1.0303,0.6271,-0.9923,0.0078,0.3664,1.0,1.0,1.0
R_8Xnip1YOHD6hdaV,SK-A-2110,13,human,6,0.5,-8.1561,8.0,yes,2.0,2.0,2.0,0.6666666666666666,-0.0565009014805694,-1.0565009014805695,0.9434990985194304,low,1.1429,0.5579,-0.4421,1.5579,high,0.375,-0.3318,55-64 years old,Female,"No, I am not colourblind",44858,100,True,27,yes,yes,yes,yes,,high_sem_low_perc,Q3,high,low,29,17,13,4.449,10.91,-0.16,0.0845,0.5346,1.5574,-0.2727,0.7255,0.9709,0.3664,1.0,1.0,1.0
R_8Xnip1YOHD6hdaV,SK-A-1756,14,ai,7,1.5,-6.1561,5.0,yes,2.0,-2.0,2.0,0.6666666666666666,-0.0565009014805694,-1.0565009014805695,0.9434990985194304,low,1.1429,0.5579,-0.4421,1.5579,high,0.375,-0.3318,55-64 years old,Female,"No, I am not colourblind",44858,100,True,27,yes,yes,yes,yes,,high_sem_high_perc,Q1,high,high,20,12,9,5.001,12.19,0.1782,-0.3717,-0.2415,0.2636,-0.0008,-0.1165,-1.106,0.3664,1.0,1.0,1.0
R_8Xnip1YOHD6hdaV,SK-A-1906,15,none,2,-3.5,3.8439,4.0,yes,2.0,2.0,2.0,0.6666666666666666,-0.0565009014805694,-1.0565009014805695,0.9434990985194304,low,1.1429,0.5579,-0.4421,1.5579,high,0.375,-0.3318,55-64 years old,Female,"No, I am not colourblind",44858,100,True,27,yes,yes,yes,yes,,high_sem_low_perc,Q3,high,low,43,16,11,4.708,19.343,-0.0013,0.7941,0.3794,0.9105,1.5182,0.6947,0.4853,0.3664,1.0,1.0,1.0
R_8Xnip1YOHD6hdaV,SK-A-232,16,none,6,0.5,-8.1561,6.0,yes,0.0,0.0,2.0,0.6666666666666666,-0.0565009014805694,-1.0565009014805695,0.9434990985194304,low,1.1429,0.5579,-0.4421,1.5579,high,0.375,-0.3318,55-64 years old,Female,"No, I am not colourblind",44858,100,True,27,yes,yes,yes,yes,,high_sem_low_perc,Q3,high,low,76,16,8,2.204,6.579,-1.5354,2.4667,0.3794,-0.0599,-1.1924,0.9287,0.1549,0.3664,1.0,1.0,1.0
R_8Xnip1YOHD6hdaV,SK-A-388,17,none,9,3.5,3.8439,6.0,yes,3.0,-3.0,2.0,0.6666666666666666,-0.0565009014805694,-1.0565009014805695,0.9434990985194304,low,1.1429,0.5579,-0.4421,1.5579,high,0.375,-0.3318,55-64 years old,Female,"No, I am not colourblind",44858,100,True,27,yes,yes,yes,yes,,high_sem_low_perc,Q3,high,low,52,24,12,4.026,10.43,-0.4191,1.2502,1.6212,1.2339,-0.3746,1.3684,0.1145,0.3664,1.0,1.0,1.0
R_8Xnip1YOHD6hdaV,SK-A-4469,18,ai,2,-3.5,3.8439,9.0,yes,7.0,7.0,2.0,0.6666666666666666,-0.0565009014805694,-1.0565009014805695,0.9434990985194304,low,1.1429,0.5579,-0.4421,1.5579,high,0.375,-0.3318,55-64 years old,Female,"No, I am not colourblind",44858,100,True,27,yes,yes,yes,yes,,high_sem_high_perc,Q1,high,high,31,11,6,6.128,21.628,0.8686,0.1858,-0.3967,-0.7068,2.0035,-0.3059,-0.9165,0.3664,1.0,1.0,1.0
R_8Xnip1YOHD6hdaV,SK-A-1574,19,none,9,3.5,3.8439,5.0,yes,4.0,-4.0,2.0,0.6666666666666666,-0.0565009014805694,-1.0565009014805695,0.9434990985194304,low,1.1429,0.5579,-0.4421,1.5579,high,0.375,-0.3318,55-64 years old,Female,"No, I am not colourblind",44858,100,True,27,yes,yes,yes,yes,,high_sem_high_perc,Q1,high,high,41,19,10,6.451,10.977,1.0665,0.6927,0.8451,0.587,-0.2584,0.7083,-1.9879,0.3664,1.0,1.0,1.0
R_8Xnip1YOHD6hdaV,SK-C-243,20,none,7,1.5,-6.1561,7.0,yes,0.0,0.0,2.0,0.6666666666666666,-0.0565009014805694,-1.0565009014805695,0.9434990985194304,low,1.1429,0.5579,-0.4421,1.5579,high,0.375,-0.3318,55-64 years old,Female,"No, I am not colourblind",44858,100,True,27,yes,yes,yes,yes,,low_sem_low_perc,Q4,low,low,14,12,6,4.052,8.426,-0.4032,-0.6758,-0.2415,-0.7068,-0.8002,-0.5414,0.1632,0.3664,1.0,1.0,1.0
R_8Xnip1YOHD6hdaV,SK-C-1215,21,human,5,-0.5,-8.1561,7.0,yes,2.0,2.0,2.0,0.6666666666666666,-0.0565009014805694,-1.0565009014805695,0.9434990985194304,low,1.1429,0.5579,-0.4421,1.5579,high,0.375,-0.3318,55-64 years old,Female,"No, I am not colourblind",44858,100,True,27,yes,yes,yes,yes,,high_sem_high_perc,Q1,high,high,24,14,8,5.533,8.134,0.5041,-0.169,0.069,-0.0599,-0.8622,-0.0533,-0.0772,0.3664,1.0,1.0,1.0
R_8Xnip1YOHD6hdaV,SK-A-298,22,human,1,-4.5,11.8439,4.0,yes,3.0,3.0,2.0,0.6666666666666666,-0.0565009014805694,-1.0565009014805695,0.9434990985194304,low,1.1429,0.5579,-0.4421,1.5579,high,0.375,-0.3318,55-64 years old,Female,"No, I am not colourblind",44858,100,True,27,yes,yes,yes,yes,,high_sem_low_perc,Q3,high,low,22,19,12,3.588,8.258,-0.6875,-0.2703,0.8451,1.2339,-0.8359,0.6029,0.4922,0.3664,1.0,1.0,1.0
R_8Xnip1YOHD6hdaV,SK-A-2320 B,23,none,5,-0.5,-8.1561,6.0,yes,1.0,1.0,2.0,0.6666666666666666,-0.0565009014805694,-1.0565009014805695,0.9434990985194304,low,1.1429,0.5579,-0.4421,1.5579,high,0.375,-0.3318,55-64 years old,Female,"No, I am not colourblind",44858,100,True,27,yes,yes,yes,yes,,low_sem_high_perc,Q2,low,high,11,7,4,4.974,8.222,0.1616,-0.8279,-1.0175,-1.3537,-0.8435,-1.0664,0.3704,0.3664,1.0,1.0,1.0
R_8Xnip1YOHD6hdaV,SK-A-1713,24,ai,5,-0.5,-8.1561,4.0,yes,1.0,-1.0,2.0,0.6666666666666666,-0.0565009014805694,-1.0565009014805695,0.9434990985194304,low,1.1429,0.5579,-0.4421,1.5579,high,0.375,-0.3318,55-64 years old,Female,"No, I am not colourblind",44858,100,True,27,yes,yes,yes,yes,,low_sem_low_perc,Q4,low,low,15,13,10,2.989,8.961,-1.0545,-0.6251,-0.0862,0.587,-0.6866,-0.0414,-0.1003,0.3664,1.0,1.0,1.0
R_8Xnip1YOHD6hdaV,SK-A-1684,25,human,1,-4.5,11.8439,6.0,yes,5.0,5.0,2.0,0.6666666666666666,-0.0565009014805694,-1.0565009014805695,0.9434990985194304,low,1.1429,0.5579,-0.4421,1.5579,high,0.375,-0.3318,55-64 years old,Female,"No, I am not colourblind",44858,100,True,27,yes,yes,yes,yes,,low_sem_low_perc,Q4,low,low,7,6,5,1.478,7.119,-1.9802,-1.0306,-1.1728,-1.0303,-1.0777,-1.0779,1.5061,0.3664,1.0,1.0,1.0
R_8Xnip1YOHD6hdaV,SK-A-261,26,human,7,1.5,-6.1561,7.0,yes,0.0,0.0,2.0,0.6666666666666666,-0.0565009014805694,-1.0565009014805695,0.9434990985194304,low,1.1429,0.5579,-0.4421,1.5579,high,0.375,-0.3318,55-64 years old,Female,"No, I am not colourblind",44858,100,True,27,yes,yes,yes,yes,,low_sem_low_perc,Q4,low,low,9,8,7,4.292,16.828,-0.2562,-0.9292,-0.8623,-0.3834,0.9841,-0.725,0.1278,0.3664,1.0,1.0,1.0
R_8Xnip1YOHD6hdaV,SK-A-62,27,ai,2,-3.5,3.8439,4.0,yes,2.0,2.0,2.0,0.6666666666666666,-0.0565009014805694,-1.0565009014805695,0.9434990985194304,low,1.1429,0.5579,-0.4421,1.5579,high,0.375,-0.3318,55-64 years old,Female,"No, I am not colourblind",44858,100,True,27,yes,yes,yes,yes,,low_sem_low_perc,Q4,low,low,6,4,4,4.61,10.563,-0.0614,-1.0813,-1.4832,-1.3537,-0.3464,-1.3061,-1.366,0.3664,1.0,1.0,1.0
R_2GOL1oKBgj5RWVj,SK-A-388,1,none,8,2.5,-2.1561,4.0,yes,4.0,-4.0,1.0,0.0,-1.3802363075967687,-2.3802363075967685,-0.3802363075967687,low,0.1429,-1.5079,-2.5079,-0.5079,low,0.75,0.4361,25-34 years old,Female,"No, I am not colourblind",355,100,True,27,yes,yes,yes,yes,,high_sem_low_perc,Q3,high,low,52,24,12,4.026,10.43,-0.4191,1.2502,1.6212,1.2339,-0.3746,1.3684,0.1145,0.0331,0.0,0.0,0.0
R_2GOL1oKBgj5RWVj,SK-A-1940,2,ai,10,4.5,11.8439,6.0,yes,4.0,-4.0,1.0,0.0,-1.3802363075967687,-2.3802363075967685,-0.3802363075967687,low,0.1429,-1.5079,-2.5079,-0.5079,low,0.75,0.4361,25-34 years old,Female,"No, I am not colourblind",355,100,True,27,yes,yes,yes,yes,,high_sem_high_perc,Q1,high,high,39,23,10,7.148,15.116,1.4935,0.5913,1.466,0.587,0.6205,0.8814,-0.3461,0.0331,0.0,0.0,0.0
R_2GOL1oKBgj5RWVj,SK-A-1906,3,none,10,4.5,11.8439,6.0,yes,4.0,-4.0,1.0,0.0,-1.3802363075967687,-2.3802363075967685,-0.3802363075967687,low,0.1429,-1.5079,-2.5079,-0.5079,low,0.75,0.4361,25-34 years old,Female,"No, I am not colourblind",355,100,True,27,yes,yes,yes,yes,,high_sem_low_perc,Q3,high,low,43,16,11,4.708,19.343,-0.0013,0.7941,0.3794,0.9105,1.5182,0.6947,0.4853,0.0331,0.0,0.0,0.0
R_2GOL1oKBgj5RWVj,SK-A-4717,4,human,3,-2.5,-2.1561,5.0,yes,2.0,2.0,1.0,0.0,-1.3802363075967687,-2.3802363075967685,-0.3802363075967687,low,0.1429,-1.5079,-2.5079,-0.5079,low,0.75,0.4361,25-34 years old,Female,"No, I am not colourblind",355,100,True,27,yes,yes,yes,yes,,low_sem_high_perc,Q2,low,high,12,10,9,6.171,17.158,0.895,-0.7772,-0.5519,0.2636,1.0542,-0.3552,-0.0167,0.0331,0.0,0.0,0.0
R_2GOL1oKBgj5RWVj,SK-C-243,5,none,8,2.5,-2.1561,5.0,yes,3.0,-3.0,1.0,0.0,-1.3802363075967687,-2.3802363075967685,-0.3802363075967687,low,0.1429,-1.5079,-2.5079,-0.5079,low,0.75,0.4361,25-34 years old,Female,"No, I am not colourblind",355,100,True,27,yes,yes,yes,yes,,low_sem_low_perc,Q4,low,low,14,12,6,4.052,8.426,-0.4032,-0.6758,-0.2415,-0.7068,-0.8002,-0.5414,0.1632,0.0331,0.0,0.0,0.0
R_2GOL1oKBgj5RWVj,SK-A-1298,6,ai,6,0.5,-8.1561,3.0,yes,3.0,-3.0,1.0,0.0,-1.3802363075967687,-2.3802363075967685,-0.3802363075967687,low,0.1429,-1.5079,-2.5079,-0.5079,low,0.75,0.4361,25-34 years old,Female,"No, I am not colourblind",355,100,True,27,yes,yes,yes,yes,,low_sem_high_perc,Q2,low,high,13,4,3,6.345,12.638,1.0016,-0.7265,-1.4832,-1.6772,0.0943,-1.2956,-1.1122,0.0331,0.0,0.0,0.0
R_2GOL1oKBgj5RWVj,SK-A-864,7,none,4,-1.5,-6.1561,8.0,yes,4.0,4.0,1.0,0.0,-1.3802363075967687,-2.3802363075967685,-0.3802363075967687,low,0.1429,-1.5079,-2.5079,-0.5079,low,0.75,0.4361,25-34 years old,Female,"No, I am not colourblind",355,100,True,27,yes,yes,yes,yes,,high_sem_high_perc,Q1,high,high,66,28,11,8.181,13.079,2.1264,1.9598,2.242,0.9105,0.188,1.7041,1.4922,0.0331,0.0,0.0,0.0
R_2GOL1oKBgj5RWVj,SK-A-298,8,human,10,4.5,11.8439,9.0,yes,1.0,-1.0,1.0,0.0,-1.3802363075967687,-2.3802363075967685,-0.3802363075967687,low,0.1429,-1.5079,-2.5079,-0.5079,low,0.75,0.4361,25-34 years old,Female,"No, I am not colourblind",355,100,True,27,yes,yes,yes,yes,,high_sem_low_perc,Q3,high,low,22,19,12,3.588,8.258,-0.6875,-0.2703,0.8451,1.2339,-0.8359,0.6029,0.4922,0.0331,0.0,0.0,0.0
R_2GOL1oKBgj5RWVj,SK-C-95,9,ai,7,1.5,-6.1561,7.0,yes,0.0,0.0,1.0,0.0,-1.3802363075967687,-2.3802363075967685,-0.3802363075967687,low,0.1429,-1.5079,-2.5079,-0.5079,low,0.75,0.4361,25-34 years old,Female,"No, I am not colourblind",355,100,True,27,yes,yes,yes,yes,,low_sem_high_perc,Q2,low,high,12,10,6,5.078,11.141,0.2254,-0.7772,-0.5519,-0.7068,-0.2236,-0.6786,0.0208,0.0331,0.0,0.0,0.0
R_2GOL1oKBgj5RWVj,SK-A-2320 B,10,human,3,-2.5,-2.1561,7.0,yes,4.0,4.0,1.0,0.0,-1.3802363075967687,-2.3802363075967685,-0.3802363075967687,low,0.1429,-1.5079,-2.5079,-0.5079,low,0.75,0.4361,25-34 years old,Female,"No, I am not colourblind",355,100,True,27,yes,yes,yes,yes,,low_sem_high_perc,Q2,low,high,11,7,4,4.974,8.222,0.1616,-0.8279,-1.0175,-1.3537,-0.8435,-1.0664,0.3704,0.0331,0.0,0.0,0.0
R_2GOL1oKBgj5RWVj,SK-A-2320 A,11,none,8,2.5,-2.1561,5.0,yes,3.0,-3.0,1.0,0.0,-1.3802363075967687,-2.3802363075967685,-0.3802363075967687,low,0.1429,-1.5079,-2.5079,-0.5079,low,0.75,0.4361,25-34 years old,Female,"No, I am not colourblind",355,100,True,27,yes,yes,yes,yes,,high_sem_low_perc,Q3,high,low,47,24,14,4.652,11.926,-0.0356,0.9968,1.6212,1.8808,-0.0569,1.4996,0.4324,0.0331,0.0,0.0,0.0
R_2GOL1oKBgj5RWVj,SK-A-261,12,human,9,3.5,3.8439,7.0,yes,2.0,-2.0,1.0,0.0,-1.3802363075967687,-2.3802363075967685,-0.3802363075967687,low,0.1429,-1.5079,-2.5079,-0.5079,low,0.75,0.4361,25-34 years old,Female,"No, I am not colourblind",355,100,True,27,yes,yes,yes,yes,,low_sem_low_perc,Q4,low,low,9,8,7,4.292,16.828,-0.2562,-0.9292,-0.8623,-0.3834,0.9841,-0.725,0.1278,0.0331,0.0,0.0,0.0
R_2GOL1oKBgj5RWVj,SK-A-3297,13,human,9,3.5,3.8439,5.0,yes,4.0,-4.0,1.0,0.0,-1.3802363075967687,-2.3802363075967685,-0.3802363075967687,low,0.1429,-1.5079,-2.5079,-0.5079,low,0.75,0.4361,25-34 years old,Female,"No, I am not colourblind",355,100,True,27,yes,yes,yes,yes,,low_sem_low_perc,Q4,low,low,17,10,7,4.118,13.599,-0.3628,-0.5237,-0.5519,-0.3834,0.2984,-0.4863,-0.4879,0.0331,0.0,0.0,0.0
R_2GOL1oKBgj5RWVj,SK-A-4469,14,none,2,-3.5,3.8439,1.0,yes,1.0,-1.0,1.0,0.0,-1.3802363075967687,-2.3802363075967685,-0.3802363075967687,low,0.1429,-1.5079,-2.5079,-0.5079,low,0.75,0.4361,25-34 years old,Female,"No, I am not colourblind",355,100,True,27,yes,yes,yes,yes,,high_sem_high_perc,Q1,high,high,31,11,6,6.128,21.628,0.8686,0.1858,-0.3967,-0.7068,2.0035,-0.3059,-0.9165,0.0331,0.0,0.0,0.0
R_2GOL1oKBgj5RWVj,SK-A-232,15,ai,7,1.5,-6.1561,4.0,yes,3.0,-3.0,1.0,0.0,-1.3802363075967687,-2.3802363075967685,-0.3802363075967687,low,0.1429,-1.5079,-2.5079,-0.5079,low,0.75,0.4361,25-34 years old,Female,"No, I am not colourblind",355,100,True,27,yes,yes,yes,yes,,high_sem_low_perc,Q3,high,low,76,16,8,2.204,6.579,-1.5354,2.4667,0.3794,-0.0599,-1.1924,0.9287,0.1549,0.0331,0.0,0.0,0.0
R_2GOL1oKBgj5RWVj,SK-A-87,16,human,7,1.5,-6.1561,6.0,yes,1.0,-1.0,1.0,0.0,-1.3802363075967687,-2.3802363075967685,-0.3802363075967687,low,0.1429,-1.5079,-2.5079,-0.5079,low,0.75,0.4361,25-34 years old,Female,"No, I am not colourblind",355,100,True,27,yes,yes,yes,yes,,low_sem_low_perc,Q4,low,low,16,9,4,1.284,3.991,-2.099,-0.5744,-0.7071,-1.3537,-1.742,-0.8784,0.5278,0.0331,0.0,0.0,0.0
R_2GOL1oKBgj5RWVj,SK-A-1403,17,ai,4,-1.5,-6.1561,5.0,yes,1.0,1.0,1.0,0.0,-1.3802363075967687,-2.3802363075967685,-0.3802363075967687,low,0.1429,-1.5079,-2.5079,-0.5079,low,0.75,0.4361,25-34 years old,Female,"No, I am not colourblind",355,100,True,27,yes,yes,yes,yes,,high_sem_high_perc,Q1,high,high,69,22,13,5.281,17.539,0.3497,2.1119,1.3107,1.5574,1.1351,1.66,0.7811,0.0331,0.0,0.0,0.0
R_2GOL1oKBgj5RWVj,SK-A-62,18,ai,5,-0.5,-8.1561,3.0,yes,2.0,-2.0,1.0,0.0,-1.3802363075967687,-2.3802363075967685,-0.3802363075967687,low,0.1429,-1.5079,-2.5079,-0.5079,low,0.75,0.4361,25-34 years old,Female,"No, I am not colourblind",355,100,True,27,yes,yes,yes,yes,,low_sem_low_perc,Q4,low,low,6,4,4,4.61,10.563,-0.0614,-1.0813,-1.4832,-1.3537,-0.3464,-1.3061,-1.366,0.0331,0.0,0.0,0.0
R_2GOL1oKBgj5RWVj,SK-A-1574,19,ai,10,4.5,11.8439,4.0,yes,6.0,-6.0,1.0,0.0,-1.3802363075967687,-2.3802363075967685,-0.3802363075967687,low,0.1429,-1.5079,-2.5079,-0.5079,low,0.75,0.4361,25-34 years old,Female,"No, I am not colourblind",355,100,True,27,yes,yes,yes,yes,,high_sem_high_perc,Q1,high,high,41,19,10,6.451,10.977,1.0665,0.6927,0.8451,0.587,-0.2584,0.7083,-1.9879,0.0331,0.0,0.0,0.0
R_2GOL1oKBgj5RWVj,SK-A-1713,20,none,9,3.5,3.8439,7.0,yes,2.0,-2.0,1.0,0.0,-1.3802363075967687,-2.3802363075967685,-0.3802363075967687,low,0.1429,-1.5079,-2.5079,-0.5079,low,0.75,0.4361,25-34 years old,Female,"No, I am not colourblind",355,100,True,27,yes,yes,yes,yes,,low_sem_low_perc,Q4,low,low,15,13,10,2.989,8.961,-1.0545,-0.6251,-0.0862,0.587,-0.6866,-0.0414,-0.1003,0.0331,0.0,0.0,0.0
R_2GOL1oKBgj5RWVj,SK-A-3023,21,none,1,-4.5,11.8439,5.0,yes,4.0,4.0,1.0,0.0,-1.3802363075967687,-2.3802363075967685,-0.3802363075967687,low,0.1429,-1.5079,-2.5079,-0.5079,low,0.75,0.4361,25-34 years old,Female,"No, I am not colourblind",355,100,True,27,yes,yes,yes,yes,,high_sem_low_perc,Q3,high,low,24,9,6,2.609,6.171,-1.2873,-0.169,-0.7071,-0.7068,-1.2791,-0.5276,-0.4284,0.0331,0.0,0.0,0.0
R_2GOL1oKBgj5RWVj,SK-A-2110,22,human,4,-1.5,-6.1561,9.0,yes,5.0,5.0,1.0,0.0,-1.3802363075967687,-2.3802363075967685,-0.3802363075967687,low,0.1429,-1.5079,-2.5079,-0.5079,low,0.75,0.4361,25-34 years old,Female,"No, I am not colourblind",355,100,True,27,yes,yes,yes,yes,,high_sem_low_perc,Q3,high,low,29,17,13,4.449,10.91,-0.16,0.0845,0.5346,1.5574,-0.2727,0.7255,0.9709,0.0331,0.0,0.0,0.0
R_2GOL1oKBgj5RWVj,SK-C-1215,23,ai,7,1.5,-6.1561,7.0,yes,0.0,0.0,1.0,0.0,-1.3802363075967687,-2.3802363075967685,-0.3802363075967687,low,0.1429,-1.5079,-2.5079,-0.5079,low,0.75,0.4361,25-34 years old,Female,"No, I am not colourblind",355,100,True,27,yes,yes,yes,yes,,high_sem_high_perc,Q1,high,high,24,14,8,5.533,8.134,0.5041,-0.169,0.069,-0.0599,-0.8622,-0.0533,-0.0772,0.0331,0.0,0.0,0.0
R_2GOL1oKBgj5RWVj,SK-A-1756,24,human,3,-2.5,-2.1561,3.0,yes,0.0,0.0,1.0,0.0,-1.3802363075967687,-2.3802363075967685,-0.3802363075967687,low,0.1429,-1.5079,-2.5079,-0.5079,low,0.75,0.4361,25-34 years old,Female,"No, I am not colourblind",355,100,True,27,yes,yes,yes,yes,,high_sem_high_perc,Q1,high,high,20,12,9,5.001,12.19,0.1782,-0.3717,-0.2415,0.2636,-0.0008,-0.1165,-1.106,0.0331,0.0,0.0,0.0
R_2GOL1oKBgj5RWVj,SK-A-1684,25,ai,6,0.5,-8.1561,8.0,yes,2.0,2.0,1.0,0.0,-1.3802363075967687,-2.3802363075967685,-0.3802363075967687,low,0.1429,-1.5079,-2.5079,-0.5079,low,0.75,0.4361,25-34 years old,Female,"No, I am not colourblind",355,100,True,27,yes,yes,yes,yes,,low_sem_low_perc,Q4,low,low,7,6,5,1.478,7.119,-1.9802,-1.0306,-1.1728,-1.0303,-1.0777,-1.0779,1.5061,0.0331,0.0,0.0,0.0
R_2GOL1oKBgj5RWVj,SK-A-110,26,human,7,1.5,-6.1561,4.0,yes,3.0,-3.0,1.0,0.0,-1.3802363075967687,-2.3802363075967685,-0.3802363075967687,low,0.1429,-1.5079,-2.5079,-0.5079,low,0.75,0.4361,25-34 years old,Female,"No, I am not colourblind",355,100,True,27,yes,yes,yes,yes,,low_sem_high_perc,Q2,low,high,9,7,5,5.104,15.147,0.2413,-0.9292,-1.0175,-1.0303,0.6271,-0.9923,0.0078,0.0331,0.0,0.0,0.0
R_2GOL1oKBgj5RWVj,SK-C-153,27,none,5,-0.5,-8.1561,4.0,yes,1.0,-1.0,1.0,0.0,-1.3802363075967687,-2.3802363075967685,-0.3802363075967687,low,0.1429,-1.5079,-2.5079,-0.5079,low,0.75,0.4361,25-34 years old,Female,"No, I am not colourblind",355,100,True,27,yes,yes,yes,yes,,low_sem_high_perc,Q2,low,high,14,12,8,6.72,23.164,1.2313,-0.6758,-0.2415,-0.0599,2.3297,-0.3257,0.2978,0.0331,0.0,0.0,0.0
R_8qa4RuqmJQwPD40,SK-A-4469,1,human,5,-0.5,-8.1561,3.0,yes,2.0,-2.0,1.0,0.6666666666666666,-0.0565009014805694,-1.0565009014805695,0.9434990985194304,low,0.5714,-0.6227,-1.6227,0.3773,low,1.125,1.2041,25-34 years old,Male,"No, I am not colourblind",778,100,True,27,yes,yes,yes,yes,,high_sem_high_perc,Q1,high,high,31,11,6,6.128,21.628,0.8686,0.1858,-0.3967,-0.7068,2.0035,-0.3059,-0.9165,1.3664,0.0,0.0,1.3333333333333333
R_8qa4RuqmJQwPD40,SK-A-62,2,ai,8,2.5,-2.1561,3.0,yes,5.0,-5.0,1.0,0.6666666666666666,-0.0565009014805694,-1.0565009014805695,0.9434990985194304,low,0.5714,-0.6227,-1.6227,0.3773,low,1.125,1.2041,25-34 years old,Male,"No, I am not colourblind",778,100,True,27,yes,yes,yes,yes,,low_sem_low_perc,Q4,low,low,6,4,4,4.61,10.563,-0.0614,-1.0813,-1.4832,-1.3537,-0.3464,-1.3061,-1.366,1.3664,0.0,0.0,1.3333333333333333
R_8qa4RuqmJQwPD40,SK-C-1215,3,none,1,-4.5,11.8439,7.0,yes,6.0,6.0,1.0,0.6666666666666666,-0.0565009014805694,-1.0565009014805695,0.9434990985194304,low,0.5714,-0.6227,-1.6227,0.3773,low,1.125,1.2041,25-34 years old,Male,"No, I am not colourblind",778,100,True,27,yes,yes,yes,yes,,high_sem_high_perc,Q1,high,high,24,14,8,5.533,8.134,0.5041,-0.169,0.069,-0.0599,-0.8622,-0.0533,-0.0772,1.3664,0.0,0.0,1.3333333333333333
R_8qa4RuqmJQwPD40,SK-A-1713,4,human,6,0.5,-8.1561,5.0,yes,1.0,-1.0,1.0,0.6666666666666666,-0.0565009014805694,-1.0565009014805695,0.9434990985194304,low,0.5714,-0.6227,-1.6227,0.3773,low,1.125,1.2041,25-34 years old,Male,"No, I am not colourblind",778,100,True,27,yes,yes,yes,yes,,low_sem_low_perc,Q4,low,low,15,13,10,2.989,8.961,-1.0545,-0.6251,-0.0862,0.587,-0.6866,-0.0414,-0.1003,1.3664,0.0,0.0,1.3333333333333333
R_8qa4RuqmJQwPD40,SK-A-110,5,human,7,1.5,-6.1561,4.0,yes,3.0,-3.0,1.0,0.6666666666666666,-0.0565009014805694,-1.0565009014805695,0.9434990985194304,low,0.5714,-0.6227,-1.6227,0.3773,low,1.125,1.2041,25-34 years old,Male,"No, I am not colourblind",778,100,True,27,yes,yes,yes,yes,,low_sem_high_perc,Q2,low,high,9,7,5,5.104,15.147,0.2413,-0.9292,-1.0175,-1.0303,0.6271,-0.9923,0.0078,1.3664,0.0,0.0,1.3333333333333333
R_8qa4RuqmJQwPD40,SK-A-2320 A,6,human,7,1.5,-6.1561,7.0,yes,0.0,0.0,1.0,0.6666666666666666,-0.0565009014805694,-1.0565009014805695,0.9434990985194304,low,0.5714,-0.6227,-1.6227,0.3773,low,1.125,1.2041,25-34 years old,Male,"No, I am not colourblind",778,100,True,27,yes,yes,yes,yes,,high_sem_low_perc,Q3,high,low,47,24,14,4.652,11.926,-0.0356,0.9968,1.6212,1.8808,-0.0569,1.4996,0.4324,1.3664,0.0,0.0,1.3333333333333333
R_8qa4RuqmJQwPD40,SK-A-3297,7,ai,8,2.5,-2.1561,3.0,yes,5.0,-5.0,1.0,0.6666666666666666,-0.0565009014805694,-1.0565009014805695,0.9434990985194304,low,0.5714,-0.6227,-1.6227,0.3773,low,1.125,1.2041,25-34 years old,Male,"No, I am not colourblind",778,100,True,27,yes,yes,yes,yes,,low_sem_low_perc,Q4,low,low,17,10,7,4.118,13.599,-0.3628,-0.5237,-0.5519,-0.3834,0.2984,-0.4863,-0.4879,1.3664,0.0,0.0,1.3333333333333333
R_8qa4RuqmJQwPD40,SK-A-1403,8,ai,4,-1.5,-6.1561,7.0,yes,3.0,3.0,1.0,0.6666666666666666,-0.0565009014805694,-1.0565009014805695,0.9434990985194304,low,0.5714,-0.6227,-1.6227,0.3773,low,1.125,1.2041,25-34 years old,Male,"No, I am not colourblind",778,100,True,27,yes,yes,yes,yes,,high_sem_high_perc,Q1,high,high,69,22,13,5.281,17.539,0.3497,2.1119,1.3107,1.5574,1.1351,1.66,0.7811,1.3664,0.0,0.0,1.3333333333333333
R_8qa4RuqmJQwPD40,SK-A-3023,9,human,5,-0.5,-8.1561,3.0,yes,2.0,-2.0,1.0,0.6666666666666666,-0.0565009014805694,-1.0565009014805695,0.9434990985194304,low,0.5714,-0.6227,-1.6227,0.3773,low,1.125,1.2041,25-34 years old,Male,"No, I am not colourblind",778,100,True,27,yes,yes,yes,yes,,high_sem_low_perc,Q3,high,low,24,9,6,2.609,6.171,-1.2873,-0.169,-0.7071,-0.7068,-1.2791,-0.5276,-0.4284,1.3664,0.0,0.0,1.3333333333333333
R_8qa4RuqmJQwPD40,SK-A-864,10,ai,5,-0.5,-8.1561,7.0,yes,2.0,2.0,1.0,0.6666666666666666,-0.0565009014805694,-1.0565009014805695,0.9434990985194304,low,0.5714,-0.6227,-1.6227,0.3773,low,1.125,1.2041,25-34 years old,Male,"No, I am not colourblind",778,100,True,27,yes,yes,yes,yes,,high_sem_high_perc,Q1,high,high,66,28,11,8.181,13.079,2.1264,1.9598,2.242,0.9105,0.188,1.7041,1.4922,1.3664,0.0,0.0,1.3333333333333333
R_8qa4RuqmJQwPD40,SK-C-243,11,ai,6,0.5,-8.1561,5.0,yes,1.0,-1.0,1.0,0.6666666666666666,-0.0565009014805694,-1.0565009014805695,0.9434990985194304,low,0.5714,-0.6227,-1.6227,0.3773,low,1.125,1.2041,25-34 years old,Male,"No, I am not colourblind",778,100,True,27,yes,yes,yes,yes,,low_sem_low_perc,Q4,low,low,14,12,6,4.052,8.426,-0.4032,-0.6758,-0.2415,-0.7068,-0.8002,-0.5414,0.1632,1.3664,0.0,0.0,1.3333333333333333
R_8qa4RuqmJQwPD40,SK-A-1906,12,none,7,1.5,-6.1561,6.0,yes,1.0,-1.0,1.0,0.6666666666666666,-0.0565009014805694,-1.0565009014805695,0.9434990985194304,low,0.5714,-0.6227,-1.6227,0.3773,low,1.125,1.2041,25-34 years old,Male,"No, I am not colourblind",778,100,True,27,yes,yes,yes,yes,,high_sem_low_perc,Q3,high,low,43,16,11,4.708,19.343,-0.0013,0.7941,0.3794,0.9105,1.5182,0.6947,0.4853,1.3664,0.0,0.0,1.3333333333333333
R_8qa4RuqmJQwPD40,SK-A-1684,13,none,10,4.5,11.8439,3.0,yes,7.0,-7.0,1.0,0.6666666666666666,-0.0565009014805694,-1.0565009014805695,0.9434990985194304,low,0.5714,-0.6227,-1.6227,0.3773,low,1.125,1.2041,25-34 years old,Male,"No, I am not colourblind",778,100,True,27,yes,yes,yes,yes,,low_sem_low_perc,Q4,low,low,7,6,5,1.478,7.119,-1.9802,-1.0306,-1.1728,-1.0303,-1.0777,-1.0779,1.5061,1.3664,0.0,0.0,1.3333333333333333
R_8qa4RuqmJQwPD40,SK-C-95,14,none,6,0.5,-8.1561,6.0,yes,0.0,0.0,1.0,0.6666666666666666,-0.0565009014805694,-1.0565009014805695,0.9434990985194304,low,0.5714,-0.6227,-1.6227,0.3773,low,1.125,1.2041,25-34 years old,Male,"No, I am not colourblind",778,100,True,27,yes,yes,yes,yes,,low_sem_high_perc,Q2,low,high,12,10,6,5.078,11.141,0.2254,-0.7772,-0.5519,-0.7068,-0.2236,-0.6786,0.0208,1.3664,0.0,0.0,1.3333333333333333
R_8qa4RuqmJQwPD40,SK-A-1298,15,human,3,-2.5,-2.1561,4.0,yes,1.0,1.0,1.0,0.6666666666666666,-0.0565009014805694,-1.0565009014805695,0.9434990985194304,low,0.5714,-0.6227,-1.6227,0.3773,low,1.125,1.2041,25-34 years old,Male,"No, I am not colourblind",778,100,True,27,yes,yes,yes,yes,,low_sem_high_perc,Q2,low,high,13,4,3,6.345,12.638,1.0016,-0.7265,-1.4832,-1.6772,0.0943,-1.2956,-1.1122,1.3664,0.0,0.0,1.3333333333333333
R_8qa4RuqmJQwPD40,SK-A-261,16,ai,4,-1.5,-6.1561,6.0,yes,2.0,2.0,1.0,0.6666666666666666,-0.0565009014805694,-1.0565009014805695,0.9434990985194304,low,0.5714,-0.6227,-1.6227,0.3773,low,1.125,1.2041,25-34 years old,Male,"No, I am not colourblind",778,100,True,27,yes,yes,yes,yes,,low_sem_low_perc,Q4,low,low,9,8,7,4.292,16.828,-0.2562,-0.9292,-0.8623,-0.3834,0.9841,-0.725,0.1278,1.3664,0.0,0.0,1.3333333333333333
R_8qa4RuqmJQwPD40,SK-A-1940,17,human,2,-3.5,3.8439,6.0,yes,4.0,4.0,1.0,0.6666666666666666,-0.0565009014805694,-1.0565009014805695,0.9434990985194304,low,0.5714,-0.6227,-1.6227,0.3773,low,1.125,1.2041,25-34 years old,Male,"No, I am not colourblind",778,100,True,27,yes,yes,yes,yes,,high_sem_high_perc,Q1,high,high,39,23,10,7.148,15.116,1.4935,0.5913,1.466,0.587,0.6205,0.8814,-0.3461,1.3664,0.0,0.0,1.3333333333333333
R_8qa4RuqmJQwPD40,SK-A-4717,18,none,1,-4.5,11.8439,7.0,yes,6.0,6.0,1.0,0.6666666666666666,-0.0565009014805694,-1.0565009014805695,0.9434990985194304,low,0.5714,-0.6227,-1.6227,0.3773,low,1.125,1.2041,25-34 years old,Male,"No, I am not colourblind",778,100,True,27,yes,yes,yes,yes,,low_sem_high_perc,Q2,low,high,12,10,9,6.171,17.158,0.895,-0.7772,-0.5519,0.2636,1.0542,-0.3552,-0.0167,1.3664,0.0,0.0,1.3333333333333333
R_8qa4RuqmJQwPD40,SK-A-87,19,ai,1,-4.5,11.8439,1.0,yes,0.0,0.0,1.0,0.6666666666666666,-0.0565009014805694,-1.0565009014805695,0.9434990985194304,low,0.5714,-0.6227,-1.6227,0.3773,low,1.125,1.2041,25-34 years old,Male,"No, I am not colourblind",778,100,True,27,yes,yes,yes,yes,,low_sem_low_perc,Q4,low,low,16,9,4,1.284,3.991,-2.099,-0.5744,-0.7071,-1.3537,-1.742,-0.8784,0.5278,1.3664,0.0,0.0,1.3333333333333333
R_8qa4RuqmJQwPD40,SK-A-388,20,ai,8,2.5,-2.1561,6.0,yes,2.0,-2.0,1.0,0.6666666666666666,-0.0565009014805694,-1.0565009014805695,0.9434990985194304,low,0.5714,-0.6227,-1.6227,0.3773,low,1.125,1.2041,25-34 years old,Male,"No, I am not colourblind",778,100,True,27,yes,yes,yes,yes,,high_sem_low_perc,Q3,high,low,52,24,12,4.026,10.43,-0.4191,1.2502,1.6212,1.2339,-0.3746,1.3684,0.1145,1.3664,0.0,0.0,1.3333333333333333
R_8qa4RuqmJQwPD40,SK-A-1574,21,none,2,-3.5,3.8439,6.0,yes,4.0,4.0,1.0,0.6666666666666666,-0.0565009014805694,-1.0565009014805695,0.9434990985194304,low,0.5714,-0.6227,-1.6227,0.3773,low,1.125,1.2041,25-34 years old,Male,"No, I am not colourblind",778,100,True,27,yes,yes,yes,yes,,high_sem_high_perc,Q1,high,high,41,19,10,6.451,10.977,1.0665,0.6927,0.8451,0.587,-0.2584,0.7083,-1.9879,1.3664,0.0,0.0,1.3333333333333333
R_8qa4RuqmJQwPD40,SK-A-232,22,ai,10,4.5,11.8439,4.0,yes,6.0,-6.0,1.0,0.6666666666666666,-0.0565009014805694,-1.0565009014805695,0.9434990985194304,low,0.5714,-0.6227,-1.6227,0.3773,low,1.125,1.2041,25-34 years old,Male,"No, I am not colourblind",778,100,True,27,yes,yes,yes,yes,,high_sem_low_perc,Q3,high,low,76,16,8,2.204,6.579,-1.5354,2.4667,0.3794,-0.0599,-1.1924,0.9287,0.1549,1.3664,0.0,0.0,1.3333333333333333
R_8qa4RuqmJQwPD40,SK-A-2110,23,none,9,3.5,3.8439,6.0,yes,3.0,-3.0,1.0,0.6666666666666666,-0.0565009014805694,-1.0565009014805695,0.9434990985194304,low,0.5714,-0.6227,-1.6227,0.3773,low,1.125,1.2041,25-34 years old,Male,"No, I am not colourblind",778,100,True,27,yes,yes,yes,yes,,high_sem_low_perc,Q3,high,low,29,17,13,4.449,10.91,-0.16,0.0845,0.5346,1.5574,-0.2727,0.7255,0.9709,1.3664,0.0,0.0,1.3333333333333333
R_8qa4RuqmJQwPD40,SK-A-1756,24,human,10,4.5,11.8439,8.0,yes,2.0,-2.0,1.0,0.6666666666666666,-0.0565009014805694,-1.0565009014805695,0.9434990985194304,low,0.5714,-0.6227,-1.6227,0.3773,low,1.125,1.2041,25-34 years old,Male,"No, I am not colourblind",778,100,True,27,yes,yes,yes,yes,,high_sem_high_perc,Q1,high,high,20,12,9,5.001,12.19,0.1782,-0.3717,-0.2415,0.2636,-0.0008,-0.1165,-1.106,1.3664,0.0,0.0,1.3333333333333333
R_8qa4RuqmJQwPD40,SK-A-2320 B,25,none,6,0.5,-8.1561,6.0,yes,0.0,0.0,1.0,0.6666666666666666,-0.0565009014805694,-1.0565009014805695,0.9434990985194304,low,0.5714,-0.6227,-1.6227,0.3773,low,1.125,1.2041,25-34 years old,Male,"No, I am not colourblind",778,100,True,27,yes,yes,yes,yes,,low_sem_high_perc,Q2,low,high,11,7,4,4.974,8.222,0.1616,-0.8279,-1.0175,-1.3537,-0.8435,-1.0664,0.3704,1.3664,0.0,0.0,1.3333333333333333
R_8qa4RuqmJQwPD40,SK-C-153,26,none,8,2.5,-2.1561,10.0,yes,2.0,2.0,1.0,0.6666666666666666,-0.0565009014805694,-1.0565009014805695,0.9434990985194304,low,0.5714,-0.6227,-1.6227,0.3773,low,1.125,1.2041,25-34 years old,Male,"No, I am not colourblind",778,100,True,27,yes,yes,yes,yes,,low_sem_high_perc,Q2,low,high,14,12,8,6.72,23.164,1.2313,-0.6758,-0.2415,-0.0599,2.3297,-0.3257,0.2978,1.3664,0.0,0.0,1.3333333333333333
R_8qa4RuqmJQwPD40,SK-A-298,27,human,5,-0.5,-8.1561,4.0,yes,1.0,-1.0,1.0,0.6666666666666666,-0.0565009014805694,-1.0565009014805695,0.9434990985194304,low,0.5714,-0.6227,-1.6227,0.3773,low,1.125,1.2041,25-34 years old,Male,"No, I am not colourblind",778,100,True,27,yes,yes,yes,yes,,high_sem_low_perc,Q3,high,low,22,19,12,3.588,8.258,-0.6875,-0.2703,0.8451,1.2339,-0.8359,0.6029,0.4922,1.3664,0.0,0.0,1.3333333333333333
R_8L6Zo1ro2cx1CXA,SK-A-1574,1,none,2,-3.5,3.8439,2.0,yes,0.0,0.0,1.0,0.3333333333333333,-0.7183686045386691,-1.7183686045386692,0.2816313954613308,low,0.4286,-0.9177,-1.9177,0.0823,low,1.375,1.716,25-34 years old,Female,"No, I am not colourblind",254,100,True,27,yes,yes,yes,yes,,high_sem_high_perc,Q1,high,high,41,19,10,6.451,10.977,1.0665,0.6927,0.8451,0.587,-0.2584,0.7083,-1.9879,-1.8558,1.0,0.5,0.6666666666666666
R_8L6Zo1ro2cx1CXA,SK-C-153,2,human,4,-1.5,-6.1561,5.0,yes,1.0,1.0,1.0,0.3333333333333333,-0.7183686045386691,-1.7183686045386692,0.2816313954613308,low,0.4286,-0.9177,-1.9177,0.0823,low,1.375,1.716,25-34 years old,Female,"No, I am not colourblind",254,100,True,27,yes,yes,yes,yes,,low_sem_high_perc,Q2,low,high,14,12,8,6.72,23.164,1.2313,-0.6758,-0.2415,-0.0599,2.3297,-0.3257,0.2978,-1.8558,1.0,0.5,0.6666666666666666
R_8L6Zo1ro2cx1CXA,SK-A-261,3,ai,7,1.5,-6.1561,7.0,yes,0.0,0.0,1.0,0.3333333333333333,-0.7183686045386691,-1.7183686045386692,0.2816313954613308,low,0.4286,-0.9177,-1.9177,0.0823,low,1.375,1.716,25-34 years old,Female,"No, I am not colourblind",254,100,True,27,yes,yes,yes,yes,,low_sem_low_perc,Q4,low,low,9,8,7,4.292,16.828,-0.2562,-0.9292,-0.8623,-0.3834,0.9841,-0.725,0.1278,-1.8558,1.0,0.5,0.6666666666666666
R_8L6Zo1ro2cx1CXA,SK-A-298,4,none,2,-3.5,3.8439,0.0,yes,2.0,-2.0,1.0,0.3333333333333333,-0.7183686045386691,-1.7183686045386692,0.2816313954613308,low,0.4286,-0.9177,-1.9177,0.0823,low,1.375,1.716,25-34 years old,Female,"No, I am not colourblind",254,100,True,27,yes,yes,yes,yes,,high_sem_low_perc,Q3,high,low,22,19,12,3.588,8.258,-0.6875,-0.2703,0.8451,1.2339,-0.8359,0.6029,0.4922,-1.8558,1.0,0.5,0.6666666666666666
R_8L6Zo1ro2cx1CXA,SK-A-3297,5,none,7,1.5,-6.1561,2.0,yes,5.0,-5.0,1.0,0.3333333333333333,-0.7183686045386691,-1.7183686045386692,0.2816313954613308,low,0.4286,-0.9177,-1.9177,0.0823,low,1.375,1.716,25-34 years old,Female,"No, I am not colourblind",254,100,True,27,yes,yes,yes,yes,,low_sem_low_perc,Q4,low,low,17,10,7,4.118,13.599,-0.3628,-0.5237,-0.5519,-0.3834,0.2984,-0.4863,-0.4879,-1.8558,1.0,0.5,0.6666666666666666
R_8L6Zo1ro2cx1CXA,SK-A-388,6,ai,8,2.5,-2.1561,2.0,yes,6.0,-6.0,1.0,0.3333333333333333,-0.7183686045386691,-1.7183686045386692,0.2816313954613308,low,0.4286,-0.9177,-1.9177,0.0823,low,1.375,1.716,25-34 years old,Female,"No, I am not colourblind",254,100,True,27,yes,yes,yes,yes,,high_sem_low_perc,Q3,high,low,52,24,12,4.026,10.43,-0.4191,1.2502,1.6212,1.2339,-0.3746,1.3684,0.1145,-1.8558,1.0,0.5,0.6666666666666666
R_8L6Zo1ro2cx1CXA,SK-C-95,7,ai,1,-4.5,11.8439,2.0,yes,1.0,1.0,1.0,0.3333333333333333,-0.7183686045386691,-1.7183686045386692,0.2816313954613308,low,0.4286,-0.9177,-1.9177,0.0823,low,1.375,1.716,25-34 years old,Female,"No, I am not colourblind",254,100,True,27,yes,yes,yes,yes,,low_sem_high_perc,Q2,low,high,12,10,6,5.078,11.141,0.2254,-0.7772,-0.5519,-0.7068,-0.2236,-0.6786,0.0208,-1.8558,1.0,0.5,0.6666666666666666
R_8L6Zo1ro2cx1CXA,SK-A-864,8,none,1,-4.5,11.8439,5.0,yes,4.0,4.0,1.0,0.3333333333333333,-0.7183686045386691,-1.7183686045386692,0.2816313954613308,low,0.4286,-0.9177,-1.9177,0.0823,low,1.375,1.716,25-34 years old,Female,"No, I am not colourblind",254,100,True,27,yes,yes,yes,yes,,high_sem_high_perc,Q1,high,high,66,28,11,8.181,13.079,2.1264,1.9598,2.242,0.9105,0.188,1.7041,1.4922,-1.8558,1.0,0.5,0.6666666666666666
R_8L6Zo1ro2cx1CXA,SK-A-2320 B,9,human,2,-3.5,3.8439,3.0,yes,1.0,1.0,1.0,0.3333333333333333,-0.7183686045386691,-1.7183686045386692,0.2816313954613308,low,0.4286,-0.9177,-1.9177,0.0823,low,1.375,1.716,25-34 years old,Female,"No, I am not colourblind",254,100,True,27,yes,yes,yes,yes,,low_sem_high_perc,Q2,low,high,11,7,4,4.974,8.222,0.1616,-0.8279,-1.0175,-1.3537,-0.8435,-1.0664,0.3704,-1.8558,1.0,0.5,0.6666666666666666
R_8L6Zo1ro2cx1CXA,SK-A-2110,10,human,4,-1.5,-6.1561,5.0,yes,1.0,1.0,1.0,0.3333333333333333,-0.7183686045386691,-1.7183686045386692,0.2816313954613308,low,0.4286,-0.9177,-1.9177,0.0823,low,1.375,1.716,25-34 years old,Female,"No, I am not colourblind",254,100,True,27,yes,yes,yes,yes,,high_sem_low_perc,Q3,high,low,29,17,13,4.449,10.91,-0.16,0.0845,0.5346,1.5574,-0.2727,0.7255,0.9709,-1.8558,1.0,0.5,0.6666666666666666
R_8L6Zo1ro2cx1CXA,SK-A-2320 A,11,human,5,-0.5,-8.1561,6.0,yes,1.0,1.0,1.0,0.3333333333333333,-0.7183686045386691,-1.7183686045386692,0.2816313954613308,low,0.4286,-0.9177,-1.9177,0.0823,low,1.375,1.716,25-34 years old,Female,"No, I am not colourblind",254,100,True,27,yes,yes,yes,yes,,high_sem_low_perc,Q3,high,low,47,24,14,4.652,11.926,-0.0356,0.9968,1.6212,1.8808,-0.0569,1.4996,0.4324,-1.8558,1.0,0.5,0.6666666666666666
R_8L6Zo1ro2cx1CXA,SK-A-1940,12,ai,9,3.5,3.8439,3.0,yes,6.0,-6.0,1.0,0.3333333333333333,-0.7183686045386691,-1.7183686045386692,0.2816313954613308,low,0.4286,-0.9177,-1.9177,0.0823,low,1.375,1.716,25-34 years old,Female,"No, I am not colourblind",254,100,True,27,yes,yes,yes,yes,,high_sem_high_perc,Q1,high,high,39,23,10,7.148,15.116,1.4935,0.5913,1.466,0.587,0.6205,0.8814,-0.3461,-1.8558,1.0,0.5,0.6666666666666666
R_8L6Zo1ro2cx1CXA,SK-A-1298,13,human,8,2.5,-2.1561,7.0,yes,1.0,-1.0,1.0,0.3333333333333333,-0.7183686045386691,-1.7183686045386692,0.2816313954613308,low,0.4286,-0.9177,-1.9177,0.0823,low,1.375,1.716,25-34 years old,Female,"No, I am not colourblind",254,100,True,27,yes,yes,yes,yes,,low_sem_high_perc,Q2,low,high,13,4,3,6.345,12.638,1.0016,-0.7265,-1.4832,-1.6772,0.0943,-1.2956,-1.1122,-1.8558,1.0,0.5,0.6666666666666666
R_8L6Zo1ro2cx1CXA,SK-A-110,14,none,7,1.5,-6.1561,2.0,yes,5.0,-5.0,1.0,0.3333333333333333,-0.7183686045386691,-1.7183686045386692,0.2816313954613308,low,0.4286,-0.9177,-1.9177,0.0823,low,1.375,1.716,25-34 years old,Female,"No, I am not colourblind",254,100,True,27,yes,yes,yes,yes,,low_sem_high_perc,Q2,low,high,9,7,5,5.104,15.147,0.2413,-0.9292,-1.0175,-1.0303,0.6271,-0.9923,0.0078,-1.8558,1.0,0.5,0.6666666666666666
R_8L6Zo1ro2cx1CXA,SK-C-1215,15,ai,1,-4.5,11.8439,5.0,yes,4.0,4.0,1.0,0.3333333333333333,-0.7183686045386691,-1.7183686045386692,0.2816313954613308,low,0.4286,-0.9177,-1.9177,0.0823,low,1.375,1.716,25-34 years old,Female,"No, I am not colourblind",254,100,True,27,yes,yes,yes,yes,,high_sem_high_perc,Q1,high,high,24,14,8,5.533,8.134,0.5041,-0.169,0.069,-0.0599,-0.8622,-0.0533,-0.0772,-1.8558,1.0,0.5,0.6666666666666666
R_8L6Zo1ro2cx1CXA,SK-A-1906,16,human,9,3.5,3.8439,6.0,yes,3.0,-3.0,1.0,0.3333333333333333,-0.7183686045386691,-1.7183686045386692,0.2816313954613308,low,0.4286,-0.9177,-1.9177,0.0823,low,1.375,1.716,25-34 years old,Female,"No, I am not colourblind",254,100,True,27,yes,yes,yes,yes,,high_sem_low_perc,Q3,high,low,43,16,11,4.708,19.343,-0.0013,0.7941,0.3794,0.9105,1.5182,0.6947,0.4853,-1.8558,1.0,0.5,0.6666666666666666
R_8L6Zo1ro2cx1CXA,SK-A-1713,17,ai,2,-3.5,3.8439,1.0,yes,1.0,-1.0,1.0,0.3333333333333333,-0.7183686045386691,-1.7183686045386692,0.2816313954613308,low,0.4286,-0.9177,-1.9177,0.0823,low,1.375,1.716,25-34 years old,Female,"No, I am not colourblind",254,100,True,27,yes,yes,yes,yes,,low_sem_low_perc,Q4,low,low,15,13,10,2.989,8.961,-1.0545,-0.6251,-0.0862,0.587,-0.6866,-0.0414,-0.1003,-1.8558,1.0,0.5,0.6666666666666666
R_8L6Zo1ro2cx1CXA,SK-A-1756,18,none,7,1.5,-6.1561,1.0,yes,6.0,-6.0,1.0,0.3333333333333333,-0.7183686045386691,-1.7183686045386692,0.2816313954613308,low,0.4286,-0.9177,-1.9177,0.0823,low,1.375,1.716,25-34 years old,Female,"No, I am not colourblind",254,100,True,27,yes,yes,yes,yes,,high_sem_high_perc,Q1,high,high,20,12,9,5.001,12.19,0.1782,-0.3717,-0.2415,0.2636,-0.0008,-0.1165,-1.106,-1.8558,1.0,0.5,0.6666666666666666
R_8L6Zo1ro2cx1CXA,SK-A-62,19,ai,9,3.5,3.8439,4.0,yes,5.0,-5.0,1.0,0.3333333333333333,-0.7183686045386691,-1.7183686045386692,0.2816313954613308,low,0.4286,-0.9177,-1.9177,0.0823,low,1.375,1.716,25-34 years old,Female,"No, I am not colourblind",254,100,True,27,yes,yes,yes,yes,,low_sem_low_perc,Q4,low,low,6,4,4,4.61,10.563,-0.0614,-1.0813,-1.4832,-1.3537,-0.3464,-1.3061,-1.366,-1.8558,1.0,0.5,0.6666666666666666
R_8L6Zo1ro2cx1CXA,SK-A-4717,20,ai,6,0.5,-8.1561,3.0,yes,3.0,-3.0,1.0,0.3333333333333333,-0.7183686045386691,-1.7183686045386692,0.2816313954613308,low,0.4286,-0.9177,-1.9177,0.0823,low,1.375,1.716,25-34 years old,Female,"No, I am not colourblind",254,100,True,27,yes,yes,yes,yes,,low_sem_high_perc,Q2,low,high,12,10,9,6.171,17.158,0.895,-0.7772,-0.5519,0.2636,1.0542,-0.3552,-0.0167,-1.8558,1.0,0.5,0.6666666666666666
R_8L6Zo1ro2cx1CXA,SK-A-232,21,human,7,1.5,-6.1561,2.0,yes,5.0,-5.0,1.0,0.3333333333333333,-0.7183686045386691,-1.7183686045386692,0.2816313954613308,low,0.4286,-0.9177,-1.9177,0.0823,low,1.375,1.716,25-34 years old,Female,"No, I am not colourblind",254,100,True,27,yes,yes,yes,yes,,high_sem_low_perc,Q3,high,low,76,16,8,2.204,6.579,-1.5354,2.4667,0.3794,-0.0599,-1.1924,0.9287,0.1549,-1.8558,1.0,0.5,0.6666666666666666
R_8L6Zo1ro2cx1CXA,SK-A-1403,22,human,9,3.5,3.8439,7.0,yes,2.0,-2.0,1.0,0.3333333333333333,-0.7183686045386691,-1.7183686045386692,0.2816313954613308,low,0.4286,-0.9177,-1.9177,0.0823,low,1.375,1.716,25-34 years old,Female,"No, I am not colourblind",254,100,True,27,yes,yes,yes,yes,,high_sem_high_perc,Q1,high,high,69,22,13,5.281,17.539,0.3497,2.1119,1.3107,1.5574,1.1351,1.66,0.7811,-1.8558,1.0,0.5,0.6666666666666666
R_8L6Zo1ro2cx1CXA,SK-A-4469,23,none,10,4.5,11.8439,6.0,yes,4.0,-4.0,1.0,0.3333333333333333,-0.7183686045386691,-1.7183686045386692,0.2816313954613308,low,0.4286,-0.9177,-1.9177,0.0823,low,1.375,1.716,25-34 years old,Female,"No, I am not colourblind",254,100,True,27,yes,yes,yes,yes,,high_sem_high_perc,Q1,high,high,31,11,6,6.128,21.628,0.8686,0.1858,-0.3967,-0.7068,2.0035,-0.3059,-0.9165,-1.8558,1.0,0.5,0.6666666666666666
R_8L6Zo1ro2cx1CXA,SK-A-3023,24,human,10,4.5,11.8439,3.0,yes,7.0,-7.0,1.0,0.3333333333333333,-0.7183686045386691,-1.7183686045386692,0.2816313954613308,low,0.4286,-0.9177,-1.9177,0.0823,low,1.375,1.716,25-34 years old,Female,"No, I am not colourblind",254,100,True,27,yes,yes,yes,yes,,high_sem_low_perc,Q3,high,low,24,9,6,2.609,6.171,-1.2873,-0.169,-0.7071,-0.7068,-1.2791,-0.5276,-0.4284,-1.8558,1.0,0.5,0.6666666666666666
R_8L6Zo1ro2cx1CXA,SK-A-87,25,none,4,-1.5,-6.1561,1.0,yes,3.0,-3.0,1.0,0.3333333333333333,-0.7183686045386691,-1.7183686045386692,0.2816313954613308,low,0.4286,-0.9177,-1.9177,0.0823,low,1.375,1.716,25-34 years old,Female,"No, I am not colourblind",254,100,True,27,yes,yes,yes,yes,,low_sem_low_perc,Q4,low,low,16,9,4,1.284,3.991,-2.099,-0.5744,-0.7071,-1.3537,-1.742,-0.8784,0.5278,-1.8558,1.0,0.5,0.6666666666666666
R_8L6Zo1ro2cx1CXA,SK-C-243,26,ai,1,-4.5,11.8439,3.0,yes,2.0,2.0,1.0,0.3333333333333333,-0.7183686045386691,-1.7183686045386692,0.2816313954613308,low,0.4286,-0.9177,-1.9177,0.0823,low,1.375,1.716,25-34 years old,Female,"No, I am not colourblind",254,100,True,27,yes,yes,yes,yes,,low_sem_low_perc,Q4,low,low,14,12,6,4.052,8.426,-0.4032,-0.6758,-0.2415,-0.7068,-0.8002,-0.5414,0.1632,-1.8558,1.0,0.5,0.6666666666666666
R_8L6Zo1ro2cx1CXA,SK-A-1684,27,none,10,4.5,11.8439,9.0,yes,1.0,-1.0,1.0,0.3333333333333333,-0.7183686045386691,-1.7183686045386692,0.2816313954613308,low,0.4286,-0.9177,-1.9177,0.0823,low,1.375,1.716,25-34 years old,Female,"No, I am not colourblind",254,100,True,27,yes,yes,yes,yes,,low_sem_low_perc,Q4,low,low,7,6,5,1.478,7.119,-1.9802,-1.0306,-1.1728,-1.0303,-1.0777,-1.0779,1.5061,-1.8558,1.0,0.5,0.6666666666666666
R_20NYXw8gg7XGpjj,SK-A-864,1,ai,2,-3.5,3.8439,7.0,yes,5.0,5.0,2.0,0.5,-0.3874347530096192,-1.3874347530096192,0.6125652469903808,low,0.7143,-0.3275,-1.3275,0.6725,low,2.125,3.2519,25-34 years old,Male,"No, I am not colourblind",228,100,True,27,yes,yes,yes,yes,,high_sem_high_perc,Q1,high,high,66,28,11,8.181,13.079,2.1264,1.9598,2.242,0.9105,0.188,1.7041,1.4922,1.8108,1.0,0.5,0.6666666666666666
R_20NYXw8gg7XGpjj,SK-A-2320 B,2,ai,1,-4.5,11.8439,6.0,yes,5.0,5.0,2.0,0.5,-0.3874347530096192,-1.3874347530096192,0.6125652469903808,low,0.7143,-0.3275,-1.3275,0.6725,low,2.125,3.2519,25-34 years old,Male,"No, I am not colourblind",228,100,True,27,yes,yes,yes,yes,,low_sem_high_perc,Q2,low,high,11,7,4,4.974,8.222,0.1616,-0.8279,-1.0175,-1.3537,-0.8435,-1.0664,0.3704,1.8108,1.0,0.5,0.6666666666666666
R_20NYXw8gg7XGpjj,SK-A-3023,3,ai,4,-1.5,-6.1561,6.0,yes,2.0,2.0,2.0,0.5,-0.3874347530096192,-1.3874347530096192,0.6125652469903808,low,0.7143,-0.3275,-1.3275,0.6725,low,2.125,3.2519,25-34 years old,Male,"No, I am not colourblind",228,100,True,27,yes,yes,yes,yes,,high_sem_low_perc,Q3,high,low,24,9,6,2.609,6.171,-1.2873,-0.169,-0.7071,-0.7068,-1.2791,-0.5276,-0.4284,1.8108,1.0,0.5,0.6666666666666666
R_20NYXw8gg7XGpjj,SK-A-3297,4,human,10,4.5,11.8439,2.0,yes,8.0,-8.0,2.0,0.5,-0.3874347530096192,-1.3874347530096192,0.6125652469903808,low,0.7143,-0.3275,-1.3275,0.6725,low,2.125,3.2519,25-34 years old,Male,"No, I am not colourblind",228,100,True,27,yes,yes,yes,yes,,low_sem_low_perc,Q4,low,low,17,10,7,4.118,13.599,-0.3628,-0.5237,-0.5519,-0.3834,0.2984,-0.4863,-0.4879,1.8108,1.0,0.5,0.6666666666666666
R_20NYXw8gg7XGpjj,SK-A-1298,5,ai,4,-1.5,-6.1561,3.0,yes,1.0,-1.0,2.0,0.5,-0.3874347530096192,-1.3874347530096192,0.6125652469903808,low,0.7143,-0.3275,-1.3275,0.6725,low,2.125,3.2519,25-34 years old,Male,"No, I am not colourblind",228,100,True,27,yes,yes,yes,yes,,low_sem_high_perc,Q2,low,high,13,4,3,6.345,12.638,1.0016,-0.7265,-1.4832,-1.6772,0.0943,-1.2956,-1.1122,1.8108,1.0,0.5,0.6666666666666666
R_20NYXw8gg7XGpjj,SK-A-4469,6,human,2,-3.5,3.8439,6.0,yes,4.0,4.0,2.0,0.5,-0.3874347530096192,-1.3874347530096192,0.6125652469903808,low,0.7143,-0.3275,-1.3275,0.6725,low,2.125,3.2519,25-34 years old,Male,"No, I am not colourblind",228,100,True,27,yes,yes,yes,yes,,high_sem_high_perc,Q1,high,high,31,11,6,6.128,21.628,0.8686,0.1858,-0.3967,-0.7068,2.0035,-0.3059,-0.9165,1.8108,1.0,0.5,0.6666666666666666
R_20NYXw8gg7XGpjj,SK-C-1215,7,human,4,-1.5,-6.1561,7.0,yes,3.0,3.0,2.0,0.5,-0.3874347530096192,-1.3874347530096192,0.6125652469903808,low,0.7143,-0.3275,-1.3275,0.6725,low,2.125,3.2519,25-34 years old,Male,"No, I am not colourblind",228,100,True,27,yes,yes,yes,yes,,high_sem_high_perc,Q1,high,high,24,14,8,5.533,8.134,0.5041,-0.169,0.069,-0.0599,-0.8622,-0.0533,-0.0772,1.8108,1.0,0.5,0.6666666666666666
R_20NYXw8gg7XGpjj,SK-A-1940,8,ai,3,-2.5,-2.1561,7.0,yes,4.0,4.0,2.0,0.5,-0.3874347530096192,-1.3874347530096192,0.6125652469903808,low,0.7143,-0.3275,-1.3275,0.6725,low,2.125,3.2519,25-34 years old,Male,"No, I am not colourblind",228,100,True,27,yes,yes,yes,yes,,high_sem_high_perc,Q1,high,high,39,23,10,7.148,15.116,1.4935,0.5913,1.466,0.587,0.6205,0.8814,-0.3461,1.8108,1.0,0.5,0.6666666666666666
R_20NYXw8gg7XGpjj,SK-A-388,9,none,10,4.5,11.8439,7.0,yes,3.0,-3.0,2.0,0.5,-0.3874347530096192,-1.3874347530096192,0.6125652469903808,low,0.7143,-0.3275,-1.3275,0.6725,low,2.125,3.2519,25-34 years old,Male,"No, I am not colourblind",228,100,True,27,yes,yes,yes,yes,,high_sem_low_perc,Q3,high,low,52,24,12,4.026,10.43,-0.4191,1.2502,1.6212,1.2339,-0.3746,1.3684,0.1145,1.8108,1.0,0.5,0.6666666666666666
R_20NYXw8gg7XGpjj,SK-A-1756,10,ai,4,-1.5,-6.1561,4.0,yes,0.0,0.0,2.0,0.5,-0.3874347530096192,-1.3874347530096192,0.6125652469903808,low,0.7143,-0.3275,-1.3275,0.6725,low,2.125,3.2519,25-34 years old,Male,"No, I am not colourblind",228,100,True,27,yes,yes,yes,yes,,high_sem_high_perc,Q1,high,high,20,12,9,5.001,12.19,0.1782,-0.3717,-0.2415,0.2636,-0.0008,-0.1165,-1.106,1.8108,1.0,0.5,0.6666666666666666
R_20NYXw8gg7XGpjj,SK-A-1403,11,ai,8,2.5,-2.1561,6.0,yes,2.0,-2.0,2.0,0.5,-0.3874347530096192,-1.3874347530096192,0.6125652469903808,low,0.7143,-0.3275,-1.3275,0.6725,low,2.125,3.2519,25-34 years old,Male,"No, I am not colourblind",228,100,True,27,yes,yes,yes,yes,,high_sem_high_perc,Q1,high,high,69,22,13,5.281,17.539,0.3497,2.1119,1.3107,1.5574,1.1351,1.66,0.7811,1.8108,1.0,0.5,0.6666666666666666
R_20NYXw8gg7XGpjj,SK-A-2320 A,12,human,10,4.5,11.8439,8.0,yes,2.0,-2.0,2.0,0.5,-0.3874347530096192,-1.3874347530096192,0.6125652469903808,low,0.7143,-0.3275,-1.3275,0.6725,low,2.125,3.2519,25-34 years old,Male,"No, I am not colourblind",228,100,True,27,yes,yes,yes,yes,,high_sem_low_perc,Q3,high,low,47,24,14,4.652,11.926,-0.0356,0.9968,1.6212,1.8808,-0.0569,1.4996,0.4324,1.8108,1.0,0.5,0.6666666666666666
R_20NYXw8gg7XGpjj,SK-A-87,13,none,1,-4.5,11.8439,6.0,yes,5.0,5.0,2.0,0.5,-0.3874347530096192,-1.3874347530096192,0.6125652469903808,low,0.7143,-0.3275,-1.3275,0.6725,low,2.125,3.2519,25-34 years old,Male,"No, I am not colourblind",228,100,True,27,yes,yes,yes,yes,,low_sem_low_perc,Q4,low,low,16,9,4,1.284,3.991,-2.099,-0.5744,-0.7071,-1.3537,-1.742,-0.8784,0.5278,1.8108,1.0,0.5,0.6666666666666666
R_20NYXw8gg7XGpjj,SK-A-261,14,human,1,-4.5,11.8439,9.0,yes,8.0,8.0,2.0,0.5,-0.3874347530096192,-1.3874347530096192,0.6125652469903808,low,0.7143,-0.3275,-1.3275,0.6725,low,2.125,3.2519,25-34 years old,Male,"No, I am not colourblind",228,100,True,27,yes,yes,yes,yes,,low_sem_low_perc,Q4,low,low,9,8,7,4.292,16.828,-0.2562,-0.9292,-0.8623,-0.3834,0.9841,-0.725,0.1278,1.8108,1.0,0.5,0.6666666666666666
R_20NYXw8gg7XGpjj,SK-A-1713,15,human,8,2.5,-2.1561,4.0,yes,4.0,-4.0,2.0,0.5,-0.3874347530096192,-1.3874347530096192,0.6125652469903808,low,0.7143,-0.3275,-1.3275,0.6725,low,2.125,3.2519,25-34 years old,Male,"No, I am not colourblind",228,100,True,27,yes,yes,yes,yes,,low_sem_low_perc,Q4,low,low,15,13,10,2.989,8.961,-1.0545,-0.6251,-0.0862,0.587,-0.6866,-0.0414,-0.1003,1.8108,1.0,0.5,0.6666666666666666
R_20NYXw8gg7XGpjj,SK-C-153,16,none,9,3.5,3.8439,7.0,yes,2.0,-2.0,2.0,0.5,-0.3874347530096192,-1.3874347530096192,0.6125652469903808,low,0.7143,-0.3275,-1.3275,0.6725,low,2.125,3.2519,25-34 years old,Male,"No, I am not colourblind",228,100,True,27,yes,yes,yes,yes,,low_sem_high_perc,Q2,low,high,14,12,8,6.72,23.164,1.2313,-0.6758,-0.2415,-0.0599,2.3297,-0.3257,0.2978,1.8108,1.0,0.5,0.6666666666666666
R_20NYXw8gg7XGpjj,SK-A-298,17,human,7,1.5,-6.1561,5.0,yes,2.0,-2.0,2.0,0.5,-0.3874347530096192,-1.3874347530096192,0.6125652469903808,low,0.7143,-0.3275,-1.3275,0.6725,low,2.125,3.2519,25-34 years old,Male,"No, I am not colourblind",228,100,True,27,yes,yes,yes,yes,,high_sem_low_perc,Q3,high,low,22,19,12,3.588,8.258,-0.6875,-0.2703,0.8451,1.2339,-0.8359,0.6029,0.4922,1.8108,1.0,0.5,0.6666666666666666
R_20NYXw8gg7XGpjj,SK-A-62,18,none,10,4.5,11.8439,6.0,yes,4.0,-4.0,2.0,0.5,-0.3874347530096192,-1.3874347530096192,0.6125652469903808,low,0.7143,-0.3275,-1.3275,0.6725,low,2.125,3.2519,25-34 years old,Male,"No, I am not colourblind",228,100,True,27,yes,yes,yes,yes,,low_sem_low_perc,Q4,low,low,6,4,4,4.61,10.563,-0.0614,-1.0813,-1.4832,-1.3537,-0.3464,-1.3061,-1.366,1.8108,1.0,0.5,0.6666666666666666
R_20NYXw8gg7XGpjj,SK-A-1684,19,human,6,0.5,-8.1561,6.0,yes,0.0,0.0,2.0,0.5,-0.3874347530096192,-1.3874347530096192,0.6125652469903808,low,0.7143,-0.3275,-1.3275,0.6725,low,2.125,3.2519,25-34 years old,Male,"No, I am not colourblind",228,100,True,27,yes,yes,yes,yes,,low_sem_low_perc,Q4,low,low,7,6,5,1.478,7.119,-1.9802,-1.0306,-1.1728,-1.0303,-1.0777,-1.0779,1.5061,1.8108,1.0,0.5,0.6666666666666666
R_20NYXw8gg7XGpjj,SK-A-4717,20,none,3,-2.5,-2.1561,8.0,yes,5.0,5.0,2.0,0.5,-0.3874347530096192,-1.3874347530096192,0.6125652469903808,low,0.7143,-0.3275,-1.3275,0.6725,low,2.125,3.2519,25-34 years old,Male,"No, I am not colourblind",228,100,True,27,yes,yes,yes,yes,,low_sem_high_perc,Q2,low,high,12,10,9,6.171,17.158,0.895,-0.7772,-0.5519,0.2636,1.0542,-0.3552,-0.0167,1.8108,1.0,0.5,0.6666666666666666
R_20NYXw8gg7XGpjj,SK-A-1574,21,none,5,-0.5,-8.1561,7.0,yes,2.0,2.0,2.0,0.5,-0.3874347530096192,-1.3874347530096192,0.6125652469903808,low,0.7143,-0.3275,-1.3275,0.6725,low,2.125,3.2519,25-34 years old,Male,"No, I am not colourblind",228,100,True,27,yes,yes,yes,yes,,high_sem_high_perc,Q1,high,high,41,19,10,6.451,10.977,1.0665,0.6927,0.8451,0.587,-0.2584,0.7083,-1.9879,1.8108,1.0,0.5,0.6666666666666666
R_20NYXw8gg7XGpjj,SK-A-110,22,none,10,4.5,11.8439,8.0,yes,2.0,-2.0,2.0,0.5,-0.3874347530096192,-1.3874347530096192,0.6125652469903808,low,0.7143,-0.3275,-1.3275,0.6725,low,2.125,3.2519,25-34 years old,Male,"No, I am not colourblind",228,100,True,27,yes,yes,yes,yes,,low_sem_high_perc,Q2,low,high,9,7,5,5.104,15.147,0.2413,-0.9292,-1.0175,-1.0303,0.6271,-0.9923,0.0078,1.8108,1.0,0.5,0.6666666666666666
R_20NYXw8gg7XGpjj,SK-C-95,23,none,7,1.5,-6.1561,4.0,yes,3.0,-3.0,2.0,0.5,-0.3874347530096192,-1.3874347530096192,0.6125652469903808,low,0.7143,-0.3275,-1.3275,0.6725,low,2.125,3.2519,25-34 years old,Male,"No, I am not colourblind",228,100,True,27,yes,yes,yes,yes,,low_sem_high_perc,Q2,low,high,12,10,6,5.078,11.141,0.2254,-0.7772,-0.5519,-0.7068,-0.2236,-0.6786,0.0208,1.8108,1.0,0.5,0.6666666666666666
R_20NYXw8gg7XGpjj,SK-A-2110,24,ai,5,-0.5,-8.1561,5.0,yes,0.0,0.0,2.0,0.5,-0.3874347530096192,-1.3874347530096192,0.6125652469903808,low,0.7143,-0.3275,-1.3275,0.6725,low,2.125,3.2519,25-34 years old,Male,"No, I am not colourblind",228,100,True,27,yes,yes,yes,yes,,high_sem_low_perc,Q3,high,low,29,17,13,4.449,10.91,-0.16,0.0845,0.5346,1.5574,-0.2727,0.7255,0.9709,1.8108,1.0,0.5,0.6666666666666666
R_20NYXw8gg7XGpjj,SK-A-1906,25,human,10,4.5,11.8439,3.0,yes,7.0,-7.0,2.0,0.5,-0.3874347530096192,-1.3874347530096192,0.6125652469903808,low,0.7143,-0.3275,-1.3275,0.6725,low,2.125,3.2519,25-34 years old,Male,"No, I am not colourblind",228,100,True,27,yes,yes,yes,yes,,high_sem_low_perc,Q3,high,low,43,16,11,4.708,19.343,-0.0013,0.7941,0.3794,0.9105,1.5182,0.6947,0.4853,1.8108,1.0,0.5,0.6666666666666666
R_20NYXw8gg7XGpjj,SK-A-232,26,ai,9,3.5,3.8439,4.0,yes,5.0,-5.0,2.0,0.5,-0.3874347530096192,-1.3874347530096192,0.6125652469903808,low,0.7143,-0.3275,-1.3275,0.6725,low,2.125,3.2519,25-34 years old,Male,"No, I am not colourblind",228,100,True,27,yes,yes,yes,yes,,high_sem_low_perc,Q3,high,low,76,16,8,2.204,6.579,-1.5354,2.4667,0.3794,-0.0599,-1.1924,0.9287,0.1549,1.8108,1.0,0.5,0.6666666666666666
R_20NYXw8gg7XGpjj,SK-C-243,27,none,3,-2.5,-2.1561,8.0,yes,5.0,5.0,2.0,0.5,-0.3874347530096192,-1.3874347530096192,0.6125652469903808,low,0.7143,-0.3275,-1.3275,0.6725,low,2.125,3.2519,25-34 years old,Male,"No, I am not colourblind",228,100,True,27,yes,yes,yes,yes,,low_sem_low_perc,Q4,low,low,14,12,6,4.052,8.426,-0.4032,-0.6758,-0.2415,-0.7068,-0.8002,-0.5414,0.1632,1.8108,1.0,0.5,0.6666666666666666
R_26AzAeKSS20I82l,SK-A-1940,1,ai,2,-3.5,3.8439,5.0,yes,3.0,3.0,1.0,0.3333333333333333,-0.7183686045386691,-1.7183686045386692,0.2816313954613308,low,0.2857,-1.2129,-2.2129,-0.2129,low,1.0,0.9481,55-64 years old,Male,"No, I am not colourblind",545,100,True,27,yes,yes,yes,yes,,high_sem_high_perc,Q1,high,high,39,23,10,7.148,15.116,1.4935,0.5913,1.466,0.587,0.6205,0.8814,-0.3461,-1.3003,0.0,0.0,0.3333333333333333
R_26AzAeKSS20I82l,SK-A-2110,2,human,5,-0.5,-8.1561,6.0,yes,1.0,1.0,1.0,0.3333333333333333,-0.7183686045386691,-1.7183686045386692,0.2816313954613308,low,0.2857,-1.2129,-2.2129,-0.2129,low,1.0,0.9481,55-64 years old,Male,"No, I am not colourblind",545,100,True,27,yes,yes,yes,yes,,high_sem_low_perc,Q3,high,low,29,17,13,4.449,10.91,-0.16,0.0845,0.5346,1.5574,-0.2727,0.7255,0.9709,-1.3003,0.0,0.0,0.3333333333333333
R_26AzAeKSS20I82l,SK-A-1684,3,human,6,0.5,-8.1561,5.0,yes,1.0,-1.0,1.0,0.3333333333333333,-0.7183686045386691,-1.7183686045386692,0.2816313954613308,low,0.2857,-1.2129,-2.2129,-0.2129,low,1.0,0.9481,55-64 years old,Male,"No, I am not colourblind",545,100,True,27,yes,yes,yes,yes,,low_sem_low_perc,Q4,low,low,7,6,5,1.478,7.119,-1.9802,-1.0306,-1.1728,-1.0303,-1.0777,-1.0779,1.5061,-1.3003,0.0,0.0,0.3333333333333333
R_26AzAeKSS20I82l,SK-C-153,4,ai,8,2.5,-2.1561,7.0,yes,1.0,-1.0,1.0,0.3333333333333333,-0.7183686045386691,-1.7183686045386692,0.2816313954613308,low,0.2857,-1.2129,-2.2129,-0.2129,low,1.0,0.9481,55-64 years old,Male,"No, I am not colourblind",545,100,True,27,yes,yes,yes,yes,,low_sem_high_perc,Q2,low,high,14,12,8,6.72,23.164,1.2313,-0.6758,-0.2415,-0.0599,2.3297,-0.3257,0.2978,-1.3003,0.0,0.0,0.3333333333333333
R_26AzAeKSS20I82l,SK-A-1298,5,ai,6,0.5,-8.1561,4.0,yes,2.0,-2.0,1.0,0.3333333333333333,-0.7183686045386691,-1.7183686045386692,0.2816313954613308,low,0.2857,-1.2129,-2.2129,-0.2129,low,1.0,0.9481,55-64 years old,Male,"No, I am not colourblind",545,100,True,27,yes,yes,yes,yes,,low_sem_high_perc,Q2,low,high,13,4,3,6.345,12.638,1.0016,-0.7265,-1.4832,-1.6772,0.0943,-1.2956,-1.1122,-1.3003,0.0,0.0,0.3333333333333333
R_26AzAeKSS20I82l,SK-A-3297,6,none,5,-0.5,-8.1561,5.0,yes,0.0,0.0,1.0,0.3333333333333333,-0.7183686045386691,-1.7183686045386692,0.2816313954613308,low,0.2857,-1.2129,-2.2129,-0.2129,low,1.0,0.9481,55-64 years old,Male,"No, I am not colourblind",545,100,True,27,yes,yes,yes,yes,,low_sem_low_perc,Q4,low,low,17,10,7,4.118,13.599,-0.3628,-0.5237,-0.5519,-0.3834,0.2984,-0.4863,-0.4879,-1.3003,0.0,0.0,0.3333333333333333
R_26AzAeKSS20I82l,SK-A-232,7,human,4,-1.5,-6.1561,2.0,yes,2.0,-2.0,1.0,0.3333333333333333,-0.7183686045386691,-1.7183686045386692,0.2816313954613308,low,0.2857,-1.2129,-2.2129,-0.2129,low,1.0,0.9481,55-64 years old,Male,"No, I am not colourblind",545,100,True,27,yes,yes,yes,yes,,high_sem_low_perc,Q3,high,low,76,16,8,2.204,6.579,-1.5354,2.4667,0.3794,-0.0599,-1.1924,0.9287,0.1549,-1.3003,0.0,0.0,0.3333333333333333
R_26AzAeKSS20I82l,SK-A-1756,8,ai,2,-3.5,3.8439,6.0,yes,4.0,4.0,1.0,0.3333333333333333,-0.7183686045386691,-1.7183686045386692,0.2816313954613308,low,0.2857,-1.2129,-2.2129,-0.2129,low,1.0,0.9481,55-64 years old,Male,"No, I am not colourblind",545,100,True,27,yes,yes,yes,yes,,high_sem_high_perc,Q1,high,high,20,12,9,5.001,12.19,0.1782,-0.3717,-0.2415,0.2636,-0.0008,-0.1165,-1.106,-1.3003,0.0,0.0,0.3333333333333333
R_26AzAeKSS20I82l,SK-A-1713,9,ai,1,-4.5,11.8439,3.0,yes,2.0,2.0,1.0,0.3333333333333333,-0.7183686045386691,-1.7183686045386692,0.2816313954613308,low,0.2857,-1.2129,-2.2129,-0.2129,low,1.0,0.9481,55-64 years old,Male,"No, I am not colourblind",545,100,True,27,yes,yes,yes,yes,,low_sem_low_perc,Q4,low,low,15,13,10,2.989,8.961,-1.0545,-0.6251,-0.0862,0.587,-0.6866,-0.0414,-0.1003,-1.3003,0.0,0.0,0.3333333333333333
R_26AzAeKSS20I82l,SK-A-2320 B,10,none,7,1.5,-6.1561,2.0,yes,5.0,-5.0,1.0,0.3333333333333333,-0.7183686045386691,-1.7183686045386692,0.2816313954613308,low,0.2857,-1.2129,-2.2129,-0.2129,low,1.0,0.9481,55-64 years old,Male,"No, I am not colourblind",545,100,True,27,yes,yes,yes,yes,,low_sem_high_perc,Q2,low,high,11,7,4,4.974,8.222,0.1616,-0.8279,-1.0175,-1.3537,-0.8435,-1.0664,0.3704,-1.3003,0.0,0.0,0.3333333333333333
R_26AzAeKSS20I82l,SK-C-243,11,none,7,1.5,-6.1561,4.0,yes,3.0,-3.0,1.0,0.3333333333333333,-0.7183686045386691,-1.7183686045386692,0.2816313954613308,low,0.2857,-1.2129,-2.2129,-0.2129,low,1.0,0.9481,55-64 years old,Male,"No, I am not colourblind",545,100,True,27,yes,yes,yes,yes,,low_sem_low_perc,Q4,low,low,14,12,6,4.052,8.426,-0.4032,-0.6758,-0.2415,-0.7068,-0.8002,-0.5414,0.1632,-1.3003,0.0,0.0,0.3333333333333333
R_26AzAeKSS20I82l,SK-A-1906,12,human,9,3.5,3.8439,6.0,yes,3.0,-3.0,1.0,0.3333333333333333,-0.7183686045386691,-1.7183686045386692,0.2816313954613308,low,0.2857,-1.2129,-2.2129,-0.2129,low,1.0,0.9481,55-64 years old,Male,"No, I am not colourblind",545,100,True,27,yes,yes,yes,yes,,high_sem_low_perc,Q3,high,low,43,16,11,4.708,19.343,-0.0013,0.7941,0.3794,0.9105,1.5182,0.6947,0.4853,-1.3003,0.0,0.0,0.3333333333333333
R_26AzAeKSS20I82l,SK-A-4717,13,none,5,-0.5,-8.1561,3.0,yes,2.0,-2.0,1.0,0.3333333333333333,-0.7183686045386691,-1.7183686045386692,0.2816313954613308,low,0.2857,-1.2129,-2.2129,-0.2129,low,1.0,0.9481,55-64 years old,Male,"No, I am not colourblind",545,100,True,27,yes,yes,yes,yes,,low_sem_high_perc,Q2,low,high,12,10,9,6.171,17.158,0.895,-0.7772,-0.5519,0.2636,1.0542,-0.3552,-0.0167,-1.3003,0.0,0.0,0.3333333333333333
R_26AzAeKSS20I82l,SK-C-95,14,human,10,4.5,11.8439,2.0,yes,8.0,-8.0,1.0,0.3333333333333333,-0.7183686045386691,-1.7183686045386692,0.2816313954613308,low,0.2857,-1.2129,-2.2129,-0.2129,low,1.0,0.9481,55-64 years old,Male,"No, I am not colourblind",545,100,True,27,yes,yes,yes,yes,,low_sem_high_perc,Q2,low,high,12,10,6,5.078,11.141,0.2254,-0.7772,-0.5519,-0.7068,-0.2236,-0.6786,0.0208,-1.3003,0.0,0.0,0.3333333333333333
R_26AzAeKSS20I82l,SK-A-62,15,ai,3,-2.5,-2.1561,2.0,yes,1.0,-1.0,1.0,0.3333333333333333,-0.7183686045386691,-1.7183686045386692,0.2816313954613308,low,0.2857,-1.2129,-2.2129,-0.2129,low,1.0,0.9481,55-64 years old,Male,"No, I am not colourblind",545,100,True,27,yes,yes,yes,yes,,low_sem_low_perc,Q4,low,low,6,4,4,4.61,10.563,-0.0614,-1.0813,-1.4832,-1.3537,-0.3464,-1.3061,-1.366,-1.3003,0.0,0.0,0.3333333333333333
R_26AzAeKSS20I82l,SK-A-298,16,human,6,0.5,-8.1561,3.0,yes,3.0,-3.0,1.0,0.3333333333333333,-0.7183686045386691,-1.7183686045386692,0.2816313954613308,low,0.2857,-1.2129,-2.2129,-0.2129,low,1.0,0.9481,55-64 years old,Male,"No, I am not colourblind",545,100,True,27,yes,yes,yes,yes,,high_sem_low_perc,Q3,high,low,22,19,12,3.588,8.258,-0.6875,-0.2703,0.8451,1.2339,-0.8359,0.6029,0.4922,-1.3003,0.0,0.0,0.3333333333333333
R_26AzAeKSS20I82l,SK-A-4469,17,ai,3,-2.5,-2.1561,5.0,yes,2.0,2.0,1.0,0.3333333333333333,-0.7183686045386691,-1.7183686045386692,0.2816313954613308,low,0.2857,-1.2129,-2.2129,-0.2129,low,1.0,0.9481,55-64 years old,Male,"No, I am not colourblind",545,100,True,27,yes,yes,yes,yes,,high_sem_high_perc,Q1,high,high,31,11,6,6.128,21.628,0.8686,0.1858,-0.3967,-0.7068,2.0035,-0.3059,-0.9165,-1.3003,0.0,0.0,0.3333333333333333
R_26AzAeKSS20I82l,SK-A-110,18,human,1,-4.5,11.8439,3.0,yes,2.0,2.0,1.0,0.3333333333333333,-0.7183686045386691,-1.7183686045386692,0.2816313954613308,low,0.2857,-1.2129,-2.2129,-0.2129,low,1.0,0.9481,55-64 years old,Male,"No, I am not colourblind",545,100,True,27,yes,yes,yes,yes,,low_sem_high_perc,Q2,low,high,9,7,5,5.104,15.147,0.2413,-0.9292,-1.0175,-1.0303,0.6271,-0.9923,0.0078,-1.3003,0.0,0.0,0.3333333333333333
R_26AzAeKSS20I82l,SK-C-1215,19,ai,7,1.5,-6.1561,2.0,yes,5.0,-5.0,1.0,0.3333333333333333,-0.7183686045386691,-1.7183686045386692,0.2816313954613308,low,0.2857,-1.2129,-2.2129,-0.2129,low,1.0,0.9481,55-64 years old,Male,"No, I am not colourblind",545,100,True,27,yes,yes,yes,yes,,high_sem_high_perc,Q1,high,high,24,14,8,5.533,8.134,0.5041,-0.169,0.069,-0.0599,-0.8622,-0.0533,-0.0772,-1.3003,0.0,0.0,0.3333333333333333
R_26AzAeKSS20I82l,SK-A-3023,20,ai,1,-4.5,11.8439,1.0,yes,0.0,0.0,1.0,0.3333333333333333,-0.7183686045386691,-1.7183686045386692,0.2816313954613308,low,0.2857,-1.2129,-2.2129,-0.2129,low,1.0,0.9481,55-64 years old,Male,"No, I am not colourblind",545,100,True,27,yes,yes,yes,yes,,high_sem_low_perc,Q3,high,low,24,9,6,2.609,6.171,-1.2873,-0.169,-0.7071,-0.7068,-1.2791,-0.5276,-0.4284,-1.3003,0.0,0.0,0.3333333333333333
R_26AzAeKSS20I82l,SK-A-87,21,human,2,-3.5,3.8439,1.0,yes,1.0,-1.0,1.0,0.3333333333333333,-0.7183686045386691,-1.7183686045386692,0.2816313954613308,low,0.2857,-1.2129,-2.2129,-0.2129,low,1.0,0.9481,55-64 years old,Male,"No, I am not colourblind",545,100,True,27,yes,yes,yes,yes,,low_sem_low_perc,Q4,low,low,16,9,4,1.284,3.991,-2.099,-0.5744,-0.7071,-1.3537,-1.742,-0.8784,0.5278,-1.3003,0.0,0.0,0.3333333333333333
R_26AzAeKSS20I82l,SK-A-1403,22,none,4,-1.5,-6.1561,4.0,yes,0.0,0.0,1.0,0.3333333333333333,-0.7183686045386691,-1.7183686045386692,0.2816313954613308,low,0.2857,-1.2129,-2.2129,-0.2129,low,1.0,0.9481,55-64 years old,Male,"No, I am not colourblind",545,100,True,27,yes,yes,yes,yes,,high_sem_high_perc,Q1,high,high,69,22,13,5.281,17.539,0.3497,2.1119,1.3107,1.5574,1.1351,1.66,0.7811,-1.3003,0.0,0.0,0.3333333333333333
R_26AzAeKSS20I82l,SK-A-261,23,none,3,-2.5,-2.1561,2.0,yes,1.0,-1.0,1.0,0.3333333333333333,-0.7183686045386691,-1.7183686045386692,0.2816313954613308,low,0.2857,-1.2129,-2.2129,-0.2129,low,1.0,0.9481,55-64 years old,Male,"No, I am not colourblind",545,100,True,27,yes,yes,yes,yes,,low_sem_low_perc,Q4,low,low,9,8,7,4.292,16.828,-0.2562,-0.9292,-0.8623,-0.3834,0.9841,-0.725,0.1278,-1.3003,0.0,0.0,0.3333333333333333
R_26AzAeKSS20I82l,SK-A-864,24,human,9,3.5,3.8439,2.0,yes,7.0,-7.0,1.0,0.3333333333333333,-0.7183686045386691,-1.7183686045386692,0.2816313954613308,low,0.2857,-1.2129,-2.2129,-0.2129,low,1.0,0.9481,55-64 years old,Male,"No, I am not colourblind",545,100,True,27,yes,yes,yes,yes,,high_sem_high_perc,Q1,high,high,66,28,11,8.181,13.079,2.1264,1.9598,2.242,0.9105,0.188,1.7041,1.4922,-1.3003,0.0,0.0,0.3333333333333333
R_26AzAeKSS20I82l,SK-A-388,25,none,10,4.5,11.8439,6.0,yes,4.0,-4.0,1.0,0.3333333333333333,-0.7183686045386691,-1.7183686045386692,0.2816313954613308,low,0.2857,-1.2129,-2.2129,-0.2129,low,1.0,0.9481,55-64 years old,Male,"No, I am not colourblind",545,100,True,27,yes,yes,yes,yes,,high_sem_low_perc,Q3,high,low,52,24,12,4.026,10.43,-0.4191,1.2502,1.6212,1.2339,-0.3746,1.3684,0.1145,-1.3003,0.0,0.0,0.3333333333333333
R_26AzAeKSS20I82l,SK-A-2320 A,26,none,3,-2.5,-2.1561,4.0,yes,1.0,1.0,1.0,0.3333333333333333,-0.7183686045386691,-1.7183686045386692,0.2816313954613308,low,0.2857,-1.2129,-2.2129,-0.2129,low,1.0,0.9481,55-64 years old,Male,"No, I am not colourblind",545,100,True,27,yes,yes,yes,yes,,high_sem_low_perc,Q3,high,low,47,24,14,4.652,11.926,-0.0356,0.9968,1.6212,1.8808,-0.0569,1.4996,0.4324,-1.3003,0.0,0.0,0.3333333333333333
R_26AzAeKSS20I82l,SK-A-1574,27,none,8,2.5,-2.1561,3.0,yes,5.0,-5.0,1.0,0.3333333333333333,-0.7183686045386691,-1.7183686045386692,0.2816313954613308,low,0.2857,-1.2129,-2.2129,-0.2129,low,1.0,0.9481,55-64 years old,Male,"No, I am not colourblind",545,100,True,27,yes,yes,yes,yes,,high_sem_high_perc,Q1,high,high,41,19,10,6.451,10.977,1.0665,0.6927,0.8451,0.587,-0.2584,0.7083,-1.9879,-1.3003,0.0,0.0,0.3333333333333333
R_2MJPiYM1N28GaNu,SK-A-4717,1,ai,2,-3.5,3.8439,5.0,yes,3.0,3.0,1.0,0.5,-0.3874347530096192,-1.3874347530096192,0.6125652469903808,low,0.5714,-0.6227,-1.6227,0.3773,low,1.75,2.484,35-44 years old,Female,"No, I am not colourblind",487,100,True,27,yes,yes,yes,yes,,low_sem_high_perc,Q2,low,high,12,10,9,6.171,17.158,0.895,-0.7772,-0.5519,0.2636,1.0542,-0.3552,-0.0167,-0.1892,0.0,0.5,0.6666666666666666
R_2MJPiYM1N28GaNu,SK-A-87,2,ai,8,2.5,-2.1561,4.0,yes,4.0,-4.0,1.0,0.5,-0.3874347530096192,-1.3874347530096192,0.6125652469903808,low,0.5714,-0.6227,-1.6227,0.3773,low,1.75,2.484,35-44 years old,Female,"No, I am not colourblind",487,100,True,27,yes,yes,yes,yes,,low_sem_low_perc,Q4,low,low,16,9,4,1.284,3.991,-2.099,-0.5744,-0.7071,-1.3537,-1.742,-0.8784,0.5278,-0.1892,0.0,0.5,0.6666666666666666
R_2MJPiYM1N28GaNu,SK-A-62,3,none,10,4.5,11.8439,4.0,yes,6.0,-6.0,1.0,0.5,-0.3874347530096192,-1.3874347530096192,0.6125652469903808,low,0.5714,-0.6227,-1.6227,0.3773,low,1.75,2.484,35-44 years old,Female,"No, I am not colourblind",487,100,True,27,yes,yes,yes,yes,,low_sem_low_perc,Q4,low,low,6,4,4,4.61,10.563,-0.0614,-1.0813,-1.4832,-1.3537,-0.3464,-1.3061,-1.366,-0.1892,0.0,0.5,0.6666666666666666
R_2MJPiYM1N28GaNu,SK-A-1906,4,human,8,2.5,-2.1561,5.0,yes,3.0,-3.0,1.0,0.5,-0.3874347530096192,-1.3874347530096192,0.6125652469903808,low,0.5714,-0.6227,-1.6227,0.3773,low,1.75,2.484,35-44 years old,Female,"No, I am not colourblind",487,100,True,27,yes,yes,yes,yes,,high_sem_low_perc,Q3,high,low,43,16,11,4.708,19.343,-0.0013,0.7941,0.3794,0.9105,1.5182,0.6947,0.4853,-0.1892,0.0,0.5,0.6666666666666666
R_2MJPiYM1N28GaNu,SK-C-243,5,human,8,2.5,-2.1561,7.0,yes,1.0,-1.0,1.0,0.5,-0.3874347530096192,-1.3874347530096192,0.6125652469903808,low,0.5714,-0.6227,-1.6227,0.3773,low,1.75,2.484,35-44 years old,Female,"No, I am not colourblind",487,100,True,27,yes,yes,yes,yes,,low_sem_low_perc,Q4,low,low,14,12,6,4.052,8.426,-0.4032,-0.6758,-0.2415,-0.7068,-0.8002,-0.5414,0.1632,-0.1892,0.0,0.5,0.6666666666666666
R_2MJPiYM1N28GaNu,SK-A-1756,6,none,6,0.5,-8.1561,2.0,yes,4.0,-4.0,1.0,0.5,-0.3874347530096192,-1.3874347530096192,0.6125652469903808,low,0.5714,-0.6227,-1.6227,0.3773,low,1.75,2.484,35-44 years old,Female,"No, I am not colourblind",487,100,True,27,yes,yes,yes,yes,,high_sem_high_perc,Q1,high,high,20,12,9,5.001,12.19,0.1782,-0.3717,-0.2415,0.2636,-0.0008,-0.1165,-1.106,-0.1892,0.0,0.5,0.6666666666666666
R_2MJPiYM1N28GaNu,SK-A-1403,7,human,7,1.5,-6.1561,6.0,yes,1.0,-1.0,1.0,0.5,-0.3874347530096192,-1.3874347530096192,0.6125652469903808,low,0.5714,-0.6227,-1.6227,0.3773,low,1.75,2.484,35-44 years old,Female,"No, I am not colourblind",487,100,True,27,yes,yes,yes,yes,,high_sem_high_perc,Q1,high,high,69,22,13,5.281,17.539,0.3497,2.1119,1.3107,1.5574,1.1351,1.66,0.7811,-0.1892,0.0,0.5,0.6666666666666666
R_2MJPiYM1N28GaNu,SK-A-2320 B,8,ai,9,3.5,3.8439,5.0,yes,4.0,-4.0,1.0,0.5,-0.3874347530096192,-1.3874347530096192,0.6125652469903808,low,0.5714,-0.6227,-1.6227,0.3773,low,1.75,2.484,35-44 years old,Female,"No, I am not colourblind",487,100,True,27,yes,yes,yes,yes,,low_sem_high_perc,Q2,low,high,11,7,4,4.974,8.222,0.1616,-0.8279,-1.0175,-1.3537,-0.8435,-1.0664,0.3704,-0.1892,0.0,0.5,0.6666666666666666
R_2MJPiYM1N28GaNu,SK-A-3023,9,ai,5,-0.5,-8.1561,6.0,yes,1.0,1.0,1.0,0.5,-0.3874347530096192,-1.3874347530096192,0.6125652469903808,low,0.5714,-0.6227,-1.6227,0.3773,low,1.75,2.484,35-44 years old,Female,"No, I am not colourblind",487,100,True,27,yes,yes,yes,yes,,high_sem_low_perc,Q3,high,low,24,9,6,2.609,6.171,-1.2873,-0.169,-0.7071,-0.7068,-1.2791,-0.5276,-0.4284,-0.1892,0.0,0.5,0.6666666666666666
R_2MJPiYM1N28GaNu,SK-A-864,10,human,2,-3.5,3.8439,8.0,yes,6.0,6.0,1.0,0.5,-0.3874347530096192,-1.3874347530096192,0.6125652469903808,low,0.5714,-0.6227,-1.6227,0.3773,low,1.75,2.484,35-44 years old,Female,"No, I am not colourblind",487,100,True,27,yes,yes,yes,yes,,high_sem_high_perc,Q1,high,high,66,28,11,8.181,13.079,2.1264,1.9598,2.242,0.9105,0.188,1.7041,1.4922,-0.1892,0.0,0.5,0.6666666666666666
R_2MJPiYM1N28GaNu,SK-A-1298,11,none,3,-2.5,-2.1561,3.0,yes,0.0,0.0,1.0,0.5,-0.3874347530096192,-1.3874347530096192,0.6125652469903808,low,0.5714,-0.6227,-1.6227,0.3773,low,1.75,2.484,35-44 years old,Female,"No, I am not colourblind",487,100,True,27,yes,yes,yes,yes,,low_sem_high_perc,Q2,low,high,13,4,3,6.345,12.638,1.0016,-0.7265,-1.4832,-1.6772,0.0943,-1.2956,-1.1122,-0.1892,0.0,0.5,0.6666666666666666
R_2MJPiYM1N28GaNu,SK-A-1574,12,none,8,2.5,-2.1561,1.0,yes,7.0,-7.0,1.0,0.5,-0.3874347530096192,-1.3874347530096192,0.6125652469903808,low,0.5714,-0.6227,-1.6227,0.3773,low,1.75,2.484,35-44 years old,Female,"No, I am not colourblind",487,100,True,27,yes,yes,yes,yes,,high_sem_high_perc,Q1,high,high,41,19,10,6.451,10.977,1.0665,0.6927,0.8451,0.587,-0.2584,0.7083,-1.9879,-0.1892,0.0,0.5,0.6666666666666666
R_2MJPiYM1N28GaNu,SK-A-2320 A,13,human,9,3.5,3.8439,6.0,yes,3.0,-3.0,1.0,0.5,-0.3874347530096192,-1.3874347530096192,0.6125652469903808,low,0.5714,-0.6227,-1.6227,0.3773,low,1.75,2.484,35-44 years old,Female,"No, I am not colourblind",487,100,True,27,yes,yes,yes,yes,,high_sem_low_perc,Q3,high,low,47,24,14,4.652,11.926,-0.0356,0.9968,1.6212,1.8808,-0.0569,1.4996,0.4324,-0.1892,0.0,0.5,0.6666666666666666
R_2MJPiYM1N28GaNu,SK-A-110,14,human,2,-3.5,3.8439,6.0,yes,4.0,4.0,1.0,0.5,-0.3874347530096192,-1.3874347530096192,0.6125652469903808,low,0.5714,-0.6227,-1.6227,0.3773,low,1.75,2.484,35-44 years old,Female,"No, I am not colourblind",487,100,True,27,yes,yes,yes,yes,,low_sem_high_perc,Q2,low,high,9,7,5,5.104,15.147,0.2413,-0.9292,-1.0175,-1.0303,0.6271,-0.9923,0.0078,-0.1892,0.0,0.5,0.6666666666666666
R_2MJPiYM1N28GaNu,SK-A-2110,15,none,6,0.5,-8.1561,8.0,yes,2.0,2.0,1.0,0.5,-0.3874347530096192,-1.3874347530096192,0.6125652469903808,low,0.5714,-0.6227,-1.6227,0.3773,low,1.75,2.484,35-44 years old,Female,"No, I am not colourblind",487,100,True,27,yes,yes,yes,yes,,high_sem_low_perc,Q3,high,low,29,17,13,4.449,10.91,-0.16,0.0845,0.5346,1.5574,-0.2727,0.7255,0.9709,-0.1892,0.0,0.5,0.6666666666666666
R_2MJPiYM1N28GaNu,SK-A-261,16,none,7,1.5,-6.1561,6.0,yes,1.0,-1.0,1.0,0.5,-0.3874347530096192,-1.3874347530096192,0.6125652469903808,low,0.5714,-0.6227,-1.6227,0.3773,low,1.75,2.484,35-44 years old,Female,"No, I am not colourblind",487,100,True,27,yes,yes,yes,yes,,low_sem_low_perc,Q4,low,low,9,8,7,4.292,16.828,-0.2562,-0.9292,-0.8623,-0.3834,0.9841,-0.725,0.1278,-0.1892,0.0,0.5,0.6666666666666666
R_2MJPiYM1N28GaNu,SK-C-1215,17,ai,4,-1.5,-6.1561,1.0,yes,3.0,-3.0,1.0,0.5,-0.3874347530096192,-1.3874347530096192,0.6125652469903808,low,0.5714,-0.6227,-1.6227,0.3773,low,1.75,2.484,35-44 years old,Female,"No, I am not colourblind",487,100,True,27,yes,yes,yes,yes,,high_sem_high_perc,Q1,high,high,24,14,8,5.533,8.134,0.5041,-0.169,0.069,-0.0599,-0.8622,-0.0533,-0.0772,-0.1892,0.0,0.5,0.6666666666666666
R_2MJPiYM1N28GaNu,SK-A-4469,18,human,3,-2.5,-2.1561,1.0,yes,2.0,-2.0,1.0,0.5,-0.3874347530096192,-1.3874347530096192,0.6125652469903808,low,0.5714,-0.6227,-1.6227,0.3773,low,1.75,2.484,35-44 years old,Female,"No, I am not colourblind",487,100,True,27,yes,yes,yes,yes,,high_sem_high_perc,Q1,high,high,31,11,6,6.128,21.628,0.8686,0.1858,-0.3967,-0.7068,2.0035,-0.3059,-0.9165,-0.1892,0.0,0.5,0.6666666666666666
R_2MJPiYM1N28GaNu,SK-A-1713,19,human,7,1.5,-6.1561,6.0,yes,1.0,-1.0,1.0,0.5,-0.3874347530096192,-1.3874347530096192,0.6125652469903808,low,0.5714,-0.6227,-1.6227,0.3773,low,1.75,2.484,35-44 years old,Female,"No, I am not colourblind",487,100,True,27,yes,yes,yes,yes,,low_sem_low_perc,Q4,low,low,15,13,10,2.989,8.961,-1.0545,-0.6251,-0.0862,0.587,-0.6866,-0.0414,-0.1003,-0.1892,0.0,0.5,0.6666666666666666
R_2MJPiYM1N28GaNu,SK-A-3297,20,human,7,1.5,-6.1561,5.0,yes,2.0,-2.0,1.0,0.5,-0.3874347530096192,-1.3874347530096192,0.6125652469903808,low,0.5714,-0.6227,-1.6227,0.3773,low,1.75,2.484,35-44 years old,Female,"No, I am not colourblind",487,100,True,27,yes,yes,yes,yes,,low_sem_low_perc,Q4,low,low,17,10,7,4.118,13.599,-0.3628,-0.5237,-0.5519,-0.3834,0.2984,-0.4863,-0.4879,-0.1892,0.0,0.5,0.6666666666666666
R_2MJPiYM1N28GaNu,SK-A-388,21,ai,4,-1.5,-6.1561,7.0,yes,3.0,3.0,1.0,0.5,-0.3874347530096192,-1.3874347530096192,0.6125652469903808,low,0.5714,-0.6227,-1.6227,0.3773,low,1.75,2.484,35-44 years old,Female,"No, I am not colourblind",487,100,True,27,yes,yes,yes,yes,,high_sem_low_perc,Q3,high,low,52,24,12,4.026,10.43,-0.4191,1.2502,1.6212,1.2339,-0.3746,1.3684,0.1145,-0.1892,0.0,0.5,0.6666666666666666
R_2MJPiYM1N28GaNu,SK-A-298,22,none,7,1.5,-6.1561,8.0,yes,1.0,1.0,1.0,0.5,-0.3874347530096192,-1.3874347530096192,0.6125652469903808,low,0.5714,-0.6227,-1.6227,0.3773,low,1.75,2.484,35-44 years old,Female,"No, I am not colourblind",487,100,True,27,yes,yes,yes,yes,,high_sem_low_perc,Q3,high,low,22,19,12,3.588,8.258,-0.6875,-0.2703,0.8451,1.2339,-0.8359,0.6029,0.4922,-0.1892,0.0,0.5,0.6666666666666666
R_2MJPiYM1N28GaNu,SK-A-1684,23,ai,5,-0.5,-8.1561,7.0,yes,2.0,2.0,1.0,0.5,-0.3874347530096192,-1.3874347530096192,0.6125652469903808,low,0.5714,-0.6227,-1.6227,0.3773,low,1.75,2.484,35-44 years old,Female,"No, I am not colourblind",487,100,True,27,yes,yes,yes,yes,,low_sem_low_perc,Q4,low,low,7,6,5,1.478,7.119,-1.9802,-1.0306,-1.1728,-1.0303,-1.0777,-1.0779,1.5061,-0.1892,0.0,0.5,0.6666666666666666
R_2MJPiYM1N28GaNu,SK-C-95,24,none,10,4.5,11.8439,6.0,yes,4.0,-4.0,1.0,0.5,-0.3874347530096192,-1.3874347530096192,0.6125652469903808,low,0.5714,-0.6227,-1.6227,0.3773,low,1.75,2.484,35-44 years old,Female,"No, I am not colourblind",487,100,True,27,yes,yes,yes,yes,,low_sem_high_perc,Q2,low,high,12,10,6,5.078,11.141,0.2254,-0.7772,-0.5519,-0.7068,-0.2236,-0.6786,0.0208,-0.1892,0.0,0.5,0.6666666666666666
R_2MJPiYM1N28GaNu,SK-A-1940,25,ai,1,-4.5,11.8439,5.0,yes,4.0,4.0,1.0,0.5,-0.3874347530096192,-1.3874347530096192,0.6125652469903808,low,0.5714,-0.6227,-1.6227,0.3773,low,1.75,2.484,35-44 years old,Female,"No, I am not colourblind",487,100,True,27,yes,yes,yes,yes,,high_sem_high_perc,Q1,high,high,39,23,10,7.148,15.116,1.4935,0.5913,1.466,0.587,0.6205,0.8814,-0.3461,-0.1892,0.0,0.5,0.6666666666666666
R_2MJPiYM1N28GaNu,SK-A-232,26,ai,4,-1.5,-6.1561,6.0,yes,2.0,2.0,1.0,0.5,-0.3874347530096192,-1.3874347530096192,0.6125652469903808,low,0.5714,-0.6227,-1.6227,0.3773,low,1.75,2.484,35-44 years old,Female,"No, I am not colourblind",487,100,True,27,yes,yes,yes,yes,,high_sem_low_perc,Q3,high,low,76,16,8,2.204,6.579,-1.5354,2.4667,0.3794,-0.0599,-1.1924,0.9287,0.1549,-0.1892,0.0,0.5,0.6666666666666666
R_2MJPiYM1N28GaNu,SK-C-153,27,none,9,3.5,3.8439,5.0,yes,4.0,-4.0,1.0,0.5,-0.3874347530096192,-1.3874347530096192,0.6125652469903808,low,0.5714,-0.6227,-1.6227,0.3773,low,1.75,2.484,35-44 years old,Female,"No, I am not colourblind",487,100,True,27,yes,yes,yes,yes,,low_sem_high_perc,Q2,low,high,14,12,8,6.72,23.164,1.2313,-0.6758,-0.2415,-0.0599,2.3297,-0.3257,0.2978,-0.1892,0.0,0.5,0.6666666666666666
R_7KUfpbQLOHzWn3p,SK-C-1215,1,ai,6,0.5,-8.1561,1.0,yes,5.0,-5.0,1.0,0.1666666666666666,-1.049302456067719,-2.049302456067719,-0.0493024560677191,low,0.4286,-0.9177,-1.9177,0.0823,low,0.375,-0.3318,25-34 years old,Female,"No, I am not colourblind",278,100,True,27,yes,yes,yes,yes,,high_sem_high_perc,Q1,high,high,24,14,8,5.533,8.134,0.5041,-0.169,0.069,-0.0599,-0.8622,-0.0533,-0.0772,-0.7447,0.0,0.0,0.3333333333333333
R_7KUfpbQLOHzWn3p,SK-A-4469,2,ai,5,-0.5,-8.1561,1.0,yes,4.0,-4.0,1.0,0.1666666666666666,-1.049302456067719,-2.049302456067719,-0.0493024560677191,low,0.4286,-0.9177,-1.9177,0.0823,low,0.375,-0.3318,25-34 years old,Female,"No, I am not colourblind",278,100,True,27,yes,yes,yes,yes,,high_sem_high_perc,Q1,high,high,31,11,6,6.128,21.628,0.8686,0.1858,-0.3967,-0.7068,2.0035,-0.3059,-0.9165,-0.7447,0.0,0.0,0.3333333333333333
R_7KUfpbQLOHzWn3p,SK-A-1940,3,ai,1,-4.5,11.8439,1.0,yes,0.0,0.0,1.0,0.1666666666666666,-1.049302456067719,-2.049302456067719,-0.0493024560677191,low,0.4286,-0.9177,-1.9177,0.0823,low,0.375,-0.3318,25-34 years old,Female,"No, I am not colourblind",278,100,True,27,yes,yes,yes,yes,,high_sem_high_perc,Q1,high,high,39,23,10,7.148,15.116,1.4935,0.5913,1.466,0.587,0.6205,0.8814,-0.3461,-0.7447,0.0,0.0,0.3333333333333333
R_7KUfpbQLOHzWn3p,SK-A-1756,4,human,10,4.5,11.8439,2.0,yes,8.0,-8.0,1.0,0.1666666666666666,-1.049302456067719,-2.049302456067719,-0.0493024560677191,low,0.4286,-0.9177,-1.9177,0.0823,low,0.375,-0.3318,25-34 years old,Female,"No, I am not colourblind",278,100,True,27,yes,yes,yes,yes,,high_sem_high_perc,Q1,high,high,20,12,9,5.001,12.19,0.1782,-0.3717,-0.2415,0.2636,-0.0008,-0.1165,-1.106,-0.7447,0.0,0.0,0.3333333333333333
R_7KUfpbQLOHzWn3p,SK-A-1574,5,none,2,-3.5,3.8439,1.0,yes,1.0,-1.0,1.0,0.1666666666666666,-1.049302456067719,-2.049302456067719,-0.0493024560677191,low,0.4286,-0.9177,-1.9177,0.0823,low,0.375,-0.3318,25-34 years old,Female,"No, I am not colourblind",278,100,True,27,yes,yes,yes,yes,,high_sem_high_perc,Q1,high,high,41,19,10,6.451,10.977,1.0665,0.6927,0.8451,0.587,-0.2584,0.7083,-1.9879,-0.7447,0.0,0.0,0.3333333333333333
R_7KUfpbQLOHzWn3p,SK-A-1684,6,none,7,1.5,-6.1561,6.0,yes,1.0,-1.0,1.0,0.1666666666666666,-1.049302456067719,-2.049302456067719,-0.0493024560677191,low,0.4286,-0.9177,-1.9177,0.0823,low,0.375,-0.3318,25-34 years old,Female,"No, I am not colourblind",278,100,True,27,yes,yes,yes,yes,,low_sem_low_perc,Q4,low,low,7,6,5,1.478,7.119,-1.9802,-1.0306,-1.1728,-1.0303,-1.0777,-1.0779,1.5061,-0.7447,0.0,0.0,0.3333333333333333
R_7KUfpbQLOHzWn3p,SK-A-2320 A,7,none,2,-3.5,3.8439,3.0,yes,1.0,1.0,1.0,0.1666666666666666,-1.049302456067719,-2.049302456067719,-0.0493024560677191,low,0.4286,-0.9177,-1.9177,0.0823,low,0.375,-0.3318,25-34 years old,Female,"No, I am not colourblind",278,100,True,27,yes,yes,yes,yes,,high_sem_low_perc,Q3,high,low,47,24,14,4.652,11.926,-0.0356,0.9968,1.6212,1.8808,-0.0569,1.4996,0.4324,-0.7447,0.0,0.0,0.3333333333333333
R_7KUfpbQLOHzWn3p,SK-A-1298,8,ai,2,-3.5,3.8439,1.0,yes,1.0,-1.0,1.0,0.1666666666666666,-1.049302456067719,-2.049302456067719,-0.0493024560677191,low,0.4286,-0.9177,-1.9177,0.0823,low,0.375,-0.3318,25-34 years old,Female,"No, I am not colourblind",278,100,True,27,yes,yes,yes,yes,,low_sem_high_perc,Q2,low,high,13,4,3,6.345,12.638,1.0016,-0.7265,-1.4832,-1.6772,0.0943,-1.2956,-1.1122,-0.7447,0.0,0.0,0.3333333333333333
R_7KUfpbQLOHzWn3p,SK-A-388,9,human,3,-2.5,-2.1561,2.0,yes,1.0,-1.0,1.0,0.1666666666666666,-1.049302456067719,-2.049302456067719,-0.0493024560677191,low,0.4286,-0.9177,-1.9177,0.0823,low,0.375,-0.3318,25-34 years old,Female,"No, I am not colourblind",278,100,True,27,yes,yes,yes,yes,,high_sem_low_perc,Q3,high,low,52,24,12,4.026,10.43,-0.4191,1.2502,1.6212,1.2339,-0.3746,1.3684,0.1145,-0.7447,0.0,0.0,0.3333333333333333
R_7KUfpbQLOHzWn3p,SK-C-95,10,none,5,-0.5,-8.1561,5.0,yes,0.0,0.0,1.0,0.1666666666666666,-1.049302456067719,-2.049302456067719,-0.0493024560677191,low,0.4286,-0.9177,-1.9177,0.0823,low,0.375,-0.3318,25-34 years old,Female,"No, I am not colourblind",278,100,True,27,yes,yes,yes,yes,,low_sem_high_perc,Q2,low,high,12,10,6,5.078,11.141,0.2254,-0.7772,-0.5519,-0.7068,-0.2236,-0.6786,0.0208,-0.7447,0.0,0.0,0.3333333333333333
R_7KUfpbQLOHzWn3p,SK-A-110,11,human,8,2.5,-2.1561,4.0,yes,4.0,-4.0,1.0,0.1666666666666666,-1.049302456067719,-2.049302456067719,-0.0493024560677191,low,0.4286,-0.9177,-1.9177,0.0823,low,0.375,-0.3318,25-34 years old,Female,"No, I am not colourblind",278,100,True,27,yes,yes,yes,yes,,low_sem_high_perc,Q2,low,high,9,7,5,5.104,15.147,0.2413,-0.9292,-1.0175,-1.0303,0.6271,-0.9923,0.0078,-0.7447,0.0,0.0,0.3333333333333333
R_7KUfpbQLOHzWn3p,SK-A-87,12,ai,4,-1.5,-6.1561,1.0,yes,3.0,-3.0,1.0,0.1666666666666666,-1.049302456067719,-2.049302456067719,-0.0493024560677191,low,0.4286,-0.9177,-1.9177,0.0823,low,0.375,-0.3318,25-34 years old,Female,"No, I am not colourblind",278,100,True,27,yes,yes,yes,yes,,low_sem_low_perc,Q4,low,low,16,9,4,1.284,3.991,-2.099,-0.5744,-0.7071,-1.3537,-1.742,-0.8784,0.5278,-0.7447,0.0,0.0,0.3333333333333333
R_7KUfpbQLOHzWn3p,SK-C-153,13,ai,5,-0.5,-8.1561,6.0,yes,1.0,1.0,1.0,0.1666666666666666,-1.049302456067719,-2.049302456067719,-0.0493024560677191,low,0.4286,-0.9177,-1.9177,0.0823,low,0.375,-0.3318,25-34 years old,Female,"No, I am not colourblind",278,100,True,27,yes,yes,yes,yes,,low_sem_high_perc,Q2,low,high,14,12,8,6.72,23.164,1.2313,-0.6758,-0.2415,-0.0599,2.3297,-0.3257,0.2978,-0.7447,0.0,0.0,0.3333333333333333
R_7KUfpbQLOHzWn3p,SK-A-261,14,ai,2,-3.5,3.8439,2.0,yes,0.0,0.0,1.0,0.1666666666666666,-1.049302456067719,-2.049302456067719,-0.0493024560677191,low,0.4286,-0.9177,-1.9177,0.0823,low,0.375,-0.3318,25-34 years old,Female,"No, I am not colourblind",278,100,True,27,yes,yes,yes,yes,,low_sem_low_perc,Q4,low,low,9,8,7,4.292,16.828,-0.2562,-0.9292,-0.8623,-0.3834,0.9841,-0.725,0.1278,-0.7447,0.0,0.0,0.3333333333333333
R_7KUfpbQLOHzWn3p,SK-A-298,15,none,5,-0.5,-8.1561,2.0,yes,3.0,-3.0,1.0,0.1666666666666666,-1.049302456067719,-2.049302456067719,-0.0493024560677191,low,0.4286,-0.9177,-1.9177,0.0823,low,0.375,-0.3318,25-34 years old,Female,"No, I am not colourblind",278,100,True,27,yes,yes,yes,yes,,high_sem_low_perc,Q3,high,low,22,19,12,3.588,8.258,-0.6875,-0.2703,0.8451,1.2339,-0.8359,0.6029,0.4922,-0.7447,0.0,0.0,0.3333333333333333
R_7KUfpbQLOHzWn3p,SK-A-1713,16,human,6,0.5,-8.1561,2.0,yes,4.0,-4.0,1.0,0.1666666666666666,-1.049302456067719,-2.049302456067719,-0.0493024560677191,low,0.4286,-0.9177,-1.9177,0.0823,low,0.375,-0.3318,25-34 years old,Female,"No, I am not colourblind",278,100,True,27,yes,yes,yes,yes,,low_sem_low_perc,Q4,low,low,15,13,10,2.989,8.961,-1.0545,-0.6251,-0.0862,0.587,-0.6866,-0.0414,-0.1003,-0.7447,0.0,0.0,0.3333333333333333
R_7KUfpbQLOHzWn3p,SK-A-62,17,none,4,-1.5,-6.1561,5.0,yes,1.0,1.0,1.0,0.1666666666666666,-1.049302456067719,-2.049302456067719,-0.0493024560677191,low,0.4286,-0.9177,-1.9177,0.0823,low,0.375,-0.3318,25-34 years old,Female,"No, I am not colourblind",278,100,True,27,yes,yes,yes,yes,,low_sem_low_perc,Q4,low,low,6,4,4,4.61,10.563,-0.0614,-1.0813,-1.4832,-1.3537,-0.3464,-1.3061,-1.366,-0.7447,0.0,0.0,0.3333333333333333
R_7KUfpbQLOHzWn3p,SK-A-864,18,none,1,-4.5,11.8439,7.0,yes,6.0,6.0,1.0,0.1666666666666666,-1.049302456067719,-2.049302456067719,-0.0493024560677191,low,0.4286,-0.9177,-1.9177,0.0823,low,0.375,-0.3318,25-34 years old,Female,"No, I am not colourblind",278,100,True,27,yes,yes,yes,yes,,high_sem_high_perc,Q1,high,high,66,28,11,8.181,13.079,2.1264,1.9598,2.242,0.9105,0.188,1.7041,1.4922,-0.7447,0.0,0.0,0.3333333333333333
R_7KUfpbQLOHzWn3p,SK-A-1906,19,human,9,3.5,3.8439,8.0,yes,1.0,-1.0,1.0,0.1666666666666666,-1.049302456067719,-2.049302456067719,-0.0493024560677191,low,0.4286,-0.9177,-1.9177,0.0823,low,0.375,-0.3318,25-34 years old,Female,"No, I am not colourblind",278,100,True,27,yes,yes,yes,yes,,high_sem_low_perc,Q3,high,low,43,16,11,4.708,19.343,-0.0013,0.7941,0.3794,0.9105,1.5182,0.6947,0.4853,-0.7447,0.0,0.0,0.3333333333333333
R_7KUfpbQLOHzWn3p,SK-A-3023,20,human,10,4.5,11.8439,1.0,yes,9.0,-9.0,1.0,0.1666666666666666,-1.049302456067719,-2.049302456067719,-0.0493024560677191,low,0.4286,-0.9177,-1.9177,0.0823,low,0.375,-0.3318,25-34 years old,Female,"No, I am not colourblind",278,100,True,27,yes,yes,yes,yes,,high_sem_low_perc,Q3,high,low,24,9,6,2.609,6.171,-1.2873,-0.169,-0.7071,-0.7068,-1.2791,-0.5276,-0.4284,-0.7447,0.0,0.0,0.3333333333333333
R_7KUfpbQLOHzWn3p,SK-A-1403,21,none,8,2.5,-2.1561,7.0,yes,1.0,-1.0,1.0,0.1666666666666666,-1.049302456067719,-2.049302456067719,-0.0493024560677191,low,0.4286,-0.9177,-1.9177,0.0823,low,0.375,-0.3318,25-34 years old,Female,"No, I am not colourblind",278,100,True,27,yes,yes,yes,yes,,high_sem_high_perc,Q1,high,high,69,22,13,5.281,17.539,0.3497,2.1119,1.3107,1.5574,1.1351,1.66,0.7811,-0.7447,0.0,0.0,0.3333333333333333
R_7KUfpbQLOHzWn3p,SK-A-232,22,ai,5,-0.5,-8.1561,1.0,yes,4.0,-4.0,1.0,0.1666666666666666,-1.049302456067719,-2.049302456067719,-0.0493024560677191,low,0.4286,-0.9177,-1.9177,0.0823,low,0.375,-0.3318,25-34 years old,Female,"No, I am not colourblind",278,100,True,27,yes,yes,yes,yes,,high_sem_low_perc,Q3,high,low,76,16,8,2.204,6.579,-1.5354,2.4667,0.3794,-0.0599,-1.1924,0.9287,0.1549,-0.7447,0.0,0.0,0.3333333333333333
R_7KUfpbQLOHzWn3p,SK-A-2320 B,23,human,4,-1.5,-6.1561,2.0,yes,2.0,-2.0,1.0,0.1666666666666666,-1.049302456067719,-2.049302456067719,-0.0493024560677191,low,0.4286,-0.9177,-1.9177,0.0823,low,0.375,-0.3318,25-34 years old,Female,"No, I am not colourblind",278,100,True,27,yes,yes,yes,yes,,low_sem_high_perc,Q2,low,high,11,7,4,4.974,8.222,0.1616,-0.8279,-1.0175,-1.3537,-0.8435,-1.0664,0.3704,-0.7447,0.0,0.0,0.3333333333333333
R_7KUfpbQLOHzWn3p,SK-A-2110,24,human,5,-0.5,-8.1561,2.0,yes,3.0,-3.0,1.0,0.1666666666666666,-1.049302456067719,-2.049302456067719,-0.0493024560677191,low,0.4286,-0.9177,-1.9177,0.0823,low,0.375,-0.3318,25-34 years old,Female,"No, I am not colourblind",278,100,True,27,yes,yes,yes,yes,,high_sem_low_perc,Q3,high,low,29,17,13,4.449,10.91,-0.16,0.0845,0.5346,1.5574,-0.2727,0.7255,0.9709,-0.7447,0.0,0.0,0.3333333333333333
R_7KUfpbQLOHzWn3p,SK-C-243,25,ai,7,1.5,-6.1561,5.0,yes,2.0,-2.0,1.0,0.1666666666666666,-1.049302456067719,-2.049302456067719,-0.0493024560677191,low,0.4286,-0.9177,-1.9177,0.0823,low,0.375,-0.3318,25-34 years old,Female,"No, I am not colourblind",278,100,True,27,yes,yes,yes,yes,,low_sem_low_perc,Q4,low,low,14,12,6,4.052,8.426,-0.4032,-0.6758,-0.2415,-0.7068,-0.8002,-0.5414,0.1632,-0.7447,0.0,0.0,0.3333333333333333
R_7KUfpbQLOHzWn3p,SK-A-4717,26,human,7,1.5,-6.1561,3.0,yes,4.0,-4.0,1.0,0.1666666666666666,-1.049302456067719,-2.049302456067719,-0.0493024560677191,low,0.4286,-0.9177,-1.9177,0.0823,low,0.375,-0.3318,25-34 years old,Female,"No, I am not colourblind",278,100,True,27,yes,yes,yes,yes,,low_sem_high_perc,Q2,low,high,12,10,9,6.171,17.158,0.895,-0.7772,-0.5519,0.2636,1.0542,-0.3552,-0.0167,-0.7447,0.0,0.0,0.3333333333333333
R_7KUfpbQLOHzWn3p,SK-A-3297,27,none,8,2.5,-2.1561,2.0,yes,6.0,-6.0,1.0,0.1666666666666666,-1.049302456067719,-2.049302456067719,-0.0493024560677191,low,0.4286,-0.9177,-1.9177,0.0823,low,0.375,-0.3318,25-34 years old,Female,"No, I am not colourblind",278,100,True,27,yes,yes,yes,yes,,low_sem_low_perc,Q4,low,low,17,10,7,4.118,13.599,-0.3628,-0.5237,-0.5519,-0.3834,0.2984,-0.4863,-0.4879,-0.7447,0.0,0.0,0.3333333333333333
R_8znkpeWchHpe0mZ,SK-A-298,1,human,4,-1.5,-6.1561,6.0,yes,2.0,2.0,5.0,0.5,-0.3874347530096192,-1.3874347530096192,0.6125652469903808,low,1.0,0.2627,-0.7373,1.2627,high,,,25-34 years old,Male,"No, I am not colourblind",507,80,False,27,yes,yes,no,yes,,high_sem_low_perc,Q3,high,low,22,19,12,3.588,8.258,-0.6875,-0.2703,0.8451,1.2339,-0.8359,0.6029,0.4922,0.0331,1.0,0.5,0.6666666666666666
R_8znkpeWchHpe0mZ,SK-A-1684,2,none,8,2.5,-2.1561,9.0,yes,1.0,1.0,5.0,0.5,-0.3874347530096192,-1.3874347530096192,0.6125652469903808,low,1.0,0.2627,-0.7373,1.2627,high,,,25-34 years old,Male,"No, I am not colourblind",507,80,False,27,yes,yes,no,yes,,low_sem_low_perc,Q4,low,low,7,6,5,1.478,7.119,-1.9802,-1.0306,-1.1728,-1.0303,-1.0777,-1.0779,1.5061,0.0331,1.0,0.5,0.6666666666666666
R_8znkpeWchHpe0mZ,SK-C-1215,3,none,1,-4.5,11.8439,6.0,yes,5.0,5.0,5.0,0.5,-0.3874347530096192,-1.3874347530096192,0.6125652469903808,low,1.0,0.2627,-0.7373,1.2627,high,,,25-34 years old,Male,"No, I am not colourblind",507,80,False,27,yes,yes,no,yes,,high_sem_high_perc,Q1,high,high,24,14,8,5.533,8.134,0.5041,-0.169,0.069,-0.0599,-0.8622,-0.0533,-0.0772,0.0331,1.0,0.5,0.6666666666666666
R_8znkpeWchHpe0mZ,SK-A-110,4,none,7,1.5,-6.1561,4.0,yes,3.0,-3.0,5.0,0.5,-0.3874347530096192,-1.3874347530096192,0.6125652469903808,low,1.0,0.2627,-0.7373,1.2627,high,,,25-34 years old,Male,"No, I am not colourblind",507,80,False,27,yes,yes,no,yes,,low_sem_high_perc,Q2,low,high,9,7,5,5.104,15.147,0.2413,-0.9292,-1.0175,-1.0303,0.6271,-0.9923,0.0078,0.0331,1.0,0.5,0.6666666666666666
R_8znkpeWchHpe0mZ,SK-A-4469,5,human,9,3.5,3.8439,3.0,yes,6.0,-6.0,5.0,0.5,-0.3874347530096192,-1.3874347530096192,0.6125652469903808,low,1.0,0.2627,-0.7373,1.2627,high,,,25-34 years old,Male,"No, I am not colourblind",507,80,False,27,yes,yes,no,yes,,high_sem_high_perc,Q1,high,high,31,11,6,6.128,21.628,0.8686,0.1858,-0.3967,-0.7068,2.0035,-0.3059,-0.9165,0.0331,1.0,0.5,0.6666666666666666
R_8znkpeWchHpe0mZ,SK-A-261,6,human,5,-0.5,-8.1561,3.0,yes,2.0,-2.0,5.0,0.5,-0.3874347530096192,-1.3874347530096192,0.6125652469903808,low,1.0,0.2627,-0.7373,1.2627,high,,,25-34 years old,Male,"No, I am not colourblind",507,80,False,27,yes,yes,no,yes,,low_sem_low_perc,Q4,low,low,9,8,7,4.292,16.828,-0.2562,-0.9292,-0.8623,-0.3834,0.9841,-0.725,0.1278,0.0331,1.0,0.5,0.6666666666666666
R_8znkpeWchHpe0mZ,SK-C-243,7,ai,8,2.5,-2.1561,5.0,yes,3.0,-3.0,5.0,0.5,-0.3874347530096192,-1.3874347530096192,0.6125652469903808,low,1.0,0.2627,-0.7373,1.2627,high,,,25-34 years old,Male,"No, I am not colourblind",507,80,False,27,yes,yes,no,yes,,low_sem_low_perc,Q4,low,low,14,12,6,4.052,8.426,-0.4032,-0.6758,-0.2415,-0.7068,-0.8002,-0.5414,0.1632,0.0331,1.0,0.5,0.6666666666666666
R_8znkpeWchHpe0mZ,SK-A-1574,8,none,10,4.5,11.8439,4.0,yes,6.0,-6.0,5.0,0.5,-0.3874347530096192,-1.3874347530096192,0.6125652469903808,low,1.0,0.2627,-0.7373,1.2627,high,,,25-34 years old,Male,"No, I am not colourblind",507,80,False,27,yes,yes,no,yes,,high_sem_high_perc,Q1,high,high,41,19,10,6.451,10.977,1.0665,0.6927,0.8451,0.587,-0.2584,0.7083,-1.9879,0.0331,1.0,0.5,0.6666666666666666
R_8znkpeWchHpe0mZ,SK-A-1906,9,human,3,-2.5,-2.1561,6.0,yes,3.0,3.0,5.0,0.5,-0.3874347530096192,-1.3874347530096192,0.6125652469903808,low,1.0,0.2627,-0.7373,1.2627,high,,,25-34 years old,Male,"No, I am not colourblind",507,80,False,27,yes,yes,no,yes,,high_sem_low_perc,Q3,high,low,43,16,11,4.708,19.343,-0.0013,0.7941,0.3794,0.9105,1.5182,0.6947,0.4853,0.0331,1.0,0.5,0.6666666666666666
R_8znkpeWchHpe0mZ,SK-A-3297,10,human,3,-2.5,-2.1561,6.0,yes,3.0,3.0,5.0,0.5,-0.3874347530096192,-1.3874347530096192,0.6125652469903808,low,1.0,0.2627,-0.7373,1.2627,high,,,25-34 years old,Male,"No, I am not colourblind",507,80,False,27,yes,yes,no,yes,,low_sem_low_perc,Q4,low,low,17,10,7,4.118,13.599,-0.3628,-0.5237,-0.5519,-0.3834,0.2984,-0.4863,-0.4879,0.0331,1.0,0.5,0.6666666666666666
R_8znkpeWchHpe0mZ,SK-C-153,11,none,1,-4.5,11.8439,6.0,yes,5.0,5.0,5.0,0.5,-0.3874347530096192,-1.3874347530096192,0.6125652469903808,low,1.0,0.2627,-0.7373,1.2627,high,,,25-34 years old,Male,"No, I am not colourblind",507,80,False,27,yes,yes,no,yes,,low_sem_high_perc,Q2,low,high,14,12,8,6.72,23.164,1.2313,-0.6758,-0.2415,-0.0599,2.3297,-0.3257,0.2978,0.0331,1.0,0.5,0.6666666666666666
R_8znkpeWchHpe0mZ,SK-A-1403,12,human,1,-4.5,11.8439,2.0,yes,1.0,1.0,5.0,0.5,-0.3874347530096192,-1.3874347530096192,0.6125652469903808,low,1.0,0.2627,-0.7373,1.2627,high,,,25-34 years old,Male,"No, I am not colourblind",507,80,False,27,yes,yes,no,yes,,high_sem_high_perc,Q1,high,high,69,22,13,5.281,17.539,0.3497,2.1119,1.3107,1.5574,1.1351,1.66,0.7811,0.0331,1.0,0.5,0.6666666666666666
R_8znkpeWchHpe0mZ,SK-A-864,13,ai,2,-3.5,3.8439,4.0,yes,2.0,2.0,5.0,0.5,-0.3874347530096192,-1.3874347530096192,0.6125652469903808,low,1.0,0.2627,-0.7373,1.2627,high,,,25-34 years old,Male,"No, I am not colourblind",507,80,False,27,yes,yes,no,yes,,high_sem_high_perc,Q1,high,high,66,28,11,8.181,13.079,2.1264,1.9598,2.242,0.9105,0.188,1.7041,1.4922,0.0331,1.0,0.5,0.6666666666666666
R_8znkpeWchHpe0mZ,SK-A-2320 A,14,ai,10,4.5,11.8439,4.0,yes,6.0,-6.0,5.0,0.5,-0.3874347530096192,-1.3874347530096192,0.6125652469903808,low,1.0,0.2627,-0.7373,1.2627,high,,,25-34 years old,Male,"No, I am not colourblind",507,80,False,27,yes,yes,no,yes,,high_sem_low_perc,Q3,high,low,47,24,14,4.652,11.926,-0.0356,0.9968,1.6212,1.8808,-0.0569,1.4996,0.4324,0.0331,1.0,0.5,0.6666666666666666
R_8znkpeWchHpe0mZ,SK-A-4717,15,ai,2,-3.5,3.8439,3.0,yes,1.0,1.0,5.0,0.5,-0.3874347530096192,-1.3874347530096192,0.6125652469903808,low,1.0,0.2627,-0.7373,1.2627,high,,,25-34 years old,Male,"No, I am not colourblind",507,80,False,27,yes,yes,no,yes,,low_sem_high_perc,Q2,low,high,12,10,9,6.171,17.158,0.895,-0.7772,-0.5519,0.2636,1.0542,-0.3552,-0.0167,0.0331,1.0,0.5,0.6666666666666666
R_8znkpeWchHpe0mZ,SK-A-388,16,none,4,-1.5,-6.1561,3.0,yes,1.0,-1.0,5.0,0.5,-0.3874347530096192,-1.3874347530096192,0.6125652469903808,low,1.0,0.2627,-0.7373,1.2627,high,,,25-34 years old,Male,"No, I am not colourblind",507,80,False,27,yes,yes,no,yes,,high_sem_low_perc,Q3,high,low,52,24,12,4.026,10.43,-0.4191,1.2502,1.6212,1.2339,-0.3746,1.3684,0.1145,0.0331,1.0,0.5,0.6666666666666666
R_8znkpeWchHpe0mZ,SK-A-1298,17,none,5,-0.5,-8.1561,5.0,yes,0.0,0.0,5.0,0.5,-0.3874347530096192,-1.3874347530096192,0.6125652469903808,low,1.0,0.2627,-0.7373,1.2627,high,,,25-34 years old,Male,"No, I am not colourblind",507,80,False,27,yes,yes,no,yes,,low_sem_high_perc,Q2,low,high,13,4,3,6.345,12.638,1.0016,-0.7265,-1.4832,-1.6772,0.0943,-1.2956,-1.1122,0.0331,1.0,0.5,0.6666666666666666
R_8znkpeWchHpe0mZ,SK-A-2320 B,18,ai,3,-2.5,-2.1561,4.0,yes,1.0,1.0,5.0,0.5,-0.3874347530096192,-1.3874347530096192,0.6125652469903808,low,1.0,0.2627,-0.7373,1.2627,high,,,25-34 years old,Male,"No, I am not colourblind",507,80,False,27,yes,yes,no,yes,,low_sem_high_perc,Q2,low,high,11,7,4,4.974,8.222,0.1616,-0.8279,-1.0175,-1.3537,-0.8435,-1.0664,0.3704,0.0331,1.0,0.5,0.6666666666666666
R_8znkpeWchHpe0mZ,SK-A-232,19,ai,8,2.5,-2.1561,7.0,yes,1.0,-1.0,5.0,0.5,-0.3874347530096192,-1.3874347530096192,0.6125652469903808,low,1.0,0.2627,-0.7373,1.2627,high,,,25-34 years old,Male,"No, I am not colourblind",507,80,False,27,yes,yes,no,yes,,high_sem_low_perc,Q3,high,low,76,16,8,2.204,6.579,-1.5354,2.4667,0.3794,-0.0599,-1.1924,0.9287,0.1549,0.0331,1.0,0.5,0.6666666666666666
R_8znkpeWchHpe0mZ,SK-A-1940,20,ai,6,0.5,-8.1561,3.0,yes,3.0,-3.0,5.0,0.5,-0.3874347530096192,-1.3874347530096192,0.6125652469903808,low,1.0,0.2627,-0.7373,1.2627,high,,,25-34 years old,Male,"No, I am not colourblind",507,80,False,27,yes,yes,no,yes,,high_sem_high_perc,Q1,high,high,39,23,10,7.148,15.116,1.4935,0.5913,1.466,0.587,0.6205,0.8814,-0.3461,0.0331,1.0,0.5,0.6666666666666666
R_8znkpeWchHpe0mZ,SK-C-95,21,none,2,-3.5,3.8439,3.0,yes,1.0,1.0,5.0,0.5,-0.3874347530096192,-1.3874347530096192,0.6125652469903808,low,1.0,0.2627,-0.7373,1.2627,high,,,25-34 years old,Male,"No, I am not colourblind",507,80,False,27,yes,yes,no,yes,,low_sem_high_perc,Q2,low,high,12,10,6,5.078,11.141,0.2254,-0.7772,-0.5519,-0.7068,-0.2236,-0.6786,0.0208,0.0331,1.0,0.5,0.6666666666666666
R_8znkpeWchHpe0mZ,SK-A-2110,22,human,1,-4.5,11.8439,9.0,yes,8.0,8.0,5.0,0.5,-0.3874347530096192,-1.3874347530096192,0.6125652469903808,low,1.0,0.2627,-0.7373,1.2627,high,,,25-34 years old,Male,"No, I am not colourblind",507,80,False,27,yes,yes,no,yes,,high_sem_low_perc,Q3,high,low,29,17,13,4.449,10.91,-0.16,0.0845,0.5346,1.5574,-0.2727,0.7255,0.9709,0.0331,1.0,0.5,0.6666666666666666
R_8znkpeWchHpe0mZ,SK-A-1756,23,none,9,3.5,3.8439,5.0,yes,4.0,-4.0,5.0,0.5,-0.3874347530096192,-1.3874347530096192,0.6125652469903808,low,1.0,0.2627,-0.7373,1.2627,high,,,25-34 years old,Male,"No, I am not colourblind",507,80,False,27,yes,yes,no,yes,,high_sem_high_perc,Q1,high,high,20,12,9,5.001,12.19,0.1782,-0.3717,-0.2415,0.2636,-0.0008,-0.1165,-1.106,0.0331,1.0,0.5,0.6666666666666666
R_8znkpeWchHpe0mZ,SK-A-87,24,human,9,3.5,3.8439,6.0,yes,3.0,-3.0,5.0,0.5,-0.3874347530096192,-1.3874347530096192,0.6125652469903808,low,1.0,0.2627,-0.7373,1.2627,high,,,25-34 years old,Male,"No, I am not colourblind",507,80,False,27,yes,yes,no,yes,,low_sem_low_perc,Q4,low,low,16,9,4,1.284,3.991,-2.099,-0.5744,-0.7071,-1.3537,-1.742,-0.8784,0.5278,0.0331,1.0,0.5,0.6666666666666666
R_8znkpeWchHpe0mZ,SK-A-62,25,human,3,-2.5,-2.1561,3.0,yes,0.0,0.0,5.0,0.5,-0.3874347530096192,-1.3874347530096192,0.6125652469903808,low,1.0,0.2627,-0.7373,1.2627,high,,,25-34 years old,Male,"No, I am not colourblind",507,80,False,27,yes,yes,no,yes,,low_sem_low_perc,Q4,low,low,6,4,4,4.61,10.563,-0.0614,-1.0813,-1.4832,-1.3537,-0.3464,-1.3061,-1.366,0.0331,1.0,0.5,0.6666666666666666
R_8znkpeWchHpe0mZ,SK-A-3023,26,ai,10,4.5,11.8439,4.0,yes,6.0,-6.0,5.0,0.5,-0.3874347530096192,-1.3874347530096192,0.6125652469903808,low,1.0,0.2627,-0.7373,1.2627,high,,,25-34 years old,Male,"No, I am not colourblind",507,80,False,27,yes,yes,no,yes,,high_sem_low_perc,Q3,high,low,24,9,6,2.609,6.171,-1.2873,-0.169,-0.7071,-0.7068,-1.2791,-0.5276,-0.4284,0.0331,1.0,0.5,0.6666666666666666
R_8znkpeWchHpe0mZ,SK-A-1713,27,ai,5,-0.5,-8.1561,6.0,yes,1.0,1.0,5.0,0.5,-0.3874347530096192,-1.3874347530096192,0.6125652469903808,low,1.0,0.2627,-0.7373,1.2627,high,,,25-34 years old,Male,"No, I am not colourblind",507,80,False,27,yes,yes,no,yes,,low_sem_low_perc,Q4,low,low,15,13,10,2.989,8.961,-1.0545,-0.6251,-0.0862,0.587,-0.6866,-0.0414,-0.1003,0.0331,1.0,0.5,0.6666666666666666
R_22PiLxjHOlbfGFH,SK-A-261,1,human,9,3.5,3.8439,6.0,yes,3.0,-3.0,1.0,,,,,,,,,,,,,25-34 years old,Female,"No, I am not colourblind",835,70,False,27,yes,no,no,yes,,low_sem_low_perc,Q4,low,low,9,8,7,4.292,16.828,-0.2562,-0.9292,-0.8623,-0.3834,0.9841,-0.725,0.1278,-1.5225,,,
R_22PiLxjHOlbfGFH,SK-A-388,2,none,9,3.5,3.8439,2.0,yes,7.0,-7.0,1.0,,,,,,,,,,,,,25-34 years old,Female,"No, I am not colourblind",835,70,False,27,yes,no,no,yes,,high_sem_low_perc,Q3,high,low,52,24,12,4.026,10.43,-0.4191,1.2502,1.6212,1.2339,-0.3746,1.3684,0.1145,-1.5225,,,
R_22PiLxjHOlbfGFH,SK-A-1403,3,ai,6,0.5,-8.1561,5.0,yes,1.0,-1.0,1.0,,,,,,,,,,,,,25-34 years old,Female,"No, I am not colourblind",835,70,False,27,yes,no,no,yes,,high_sem_high_perc,Q1,high,high,69,22,13,5.281,17.539,0.3497,2.1119,1.3107,1.5574,1.1351,1.66,0.7811,-1.5225,,,
R_22PiLxjHOlbfGFH,SK-C-153,4,ai,1,-4.5,11.8439,1.0,yes,0.0,0.0,1.0,,,,,,,,,,,,,25-34 years old,Female,"No, I am not colourblind",835,70,False,27,yes,no,no,yes,,low_sem_high_perc,Q2,low,high,14,12,8,6.72,23.164,1.2313,-0.6758,-0.2415,-0.0599,2.3297,-0.3257,0.2978,-1.5225,,,
R_22PiLxjHOlbfGFH,SK-A-2320 B,5,none,5,-0.5,-8.1561,7.0,yes,2.0,2.0,1.0,,,,,,,,,,,,,25-34 years old,Female,"No, I am not colourblind",835,70,False,27,yes,no,no,yes,,low_sem_high_perc,Q2,low,high,11,7,4,4.974,8.222,0.1616,-0.8279,-1.0175,-1.3537,-0.8435,-1.0664,0.3704,-1.5225,,,
R_22PiLxjHOlbfGFH,SK-C-95,6,none,3,-2.5,-2.1561,3.0,yes,0.0,0.0,1.0,,,,,,,,,,,,,25-34 years old,Female,"No, I am not colourblind",835,70,False,27,yes,no,no,yes,,low_sem_high_perc,Q2,low,high,12,10,6,5.078,11.141,0.2254,-0.7772,-0.5519,-0.7068,-0.2236,-0.6786,0.0208,-1.5225,,,
R_22PiLxjHOlbfGFH,SK-A-1684,7,human,4,-1.5,-6.1561,2.0,yes,2.0,-2.0,1.0,,,,,,,,,,,,,25-34 years old,Female,"No, I am not colourblind",835,70,False,27,yes,no,no,yes,,low_sem_low_perc,Q4,low,low,7,6,5,1.478,7.119,-1.9802,-1.0306,-1.1728,-1.0303,-1.0777,-1.0779,1.5061,-1.5225,,,
R_22PiLxjHOlbfGFH,SK-A-864,8,ai,10,4.5,11.8439,9.0,yes,1.0,-1.0,1.0,,,,,,,,,,,,,25-34 years old,Female,"No, I am not colourblind",835,70,False,27,yes,no,no,yes,,high_sem_high_perc,Q1,high,high,66,28,11,8.181,13.079,2.1264,1.9598,2.242,0.9105,0.188,1.7041,1.4922,-1.5225,,,
R_22PiLxjHOlbfGFH,SK-A-298,9,none,9,3.5,3.8439,6.0,yes,3.0,-3.0,1.0,,,,,,,,,,,,,25-34 years old,Female,"No, I am not colourblind",835,70,False,27,yes,no,no,yes,,high_sem_low_perc,Q3,high,low,22,19,12,3.588,8.258,-0.6875,-0.2703,0.8451,1.2339,-0.8359,0.6029,0.4922,-1.5225,,,
R_22PiLxjHOlbfGFH,SK-A-4717,10,none,10,4.5,11.8439,1.0,yes,9.0,-9.0,1.0,,,,,,,,,,,,,25-34 years old,Female,"No, I am not colourblind",835,70,False,27,yes,no,no,yes,,low_sem_high_perc,Q2,low,high,12,10,9,6.171,17.158,0.895,-0.7772,-0.5519,0.2636,1.0542,-0.3552,-0.0167,-1.5225,,,
R_22PiLxjHOlbfGFH,SK-A-87,11,human,9,3.5,3.8439,4.0,yes,5.0,-5.0,1.0,,,,,,,,,,,,,25-34 years old,Female,"No, I am not colourblind",835,70,False,27,yes,no,no,yes,,low_sem_low_perc,Q4,low,low,16,9,4,1.284,3.991,-2.099,-0.5744,-0.7071,-1.3537,-1.742,-0.8784,0.5278,-1.5225,,,
R_22PiLxjHOlbfGFH,SK-A-2320 A,12,ai,8,2.5,-2.1561,6.0,yes,2.0,-2.0,1.0,,,,,,,,,,,,,25-34 years old,Female,"No, I am not colourblind",835,70,False,27,yes,no,no,yes,,high_sem_low_perc,Q3,high,low,47,24,14,4.652,11.926,-0.0356,0.9968,1.6212,1.8808,-0.0569,1.4996,0.4324,-1.5225,,,
R_22PiLxjHOlbfGFH,SK-A-1940,13,ai,5,-0.5,-8.1561,2.0,yes,3.0,-3.0,1.0,,,,,,,,,,,,,25-34 years old,Female,"No, I am not colourblind",835,70,False,27,yes,no,no,yes,,high_sem_high_perc,Q1,high,high,39,23,10,7.148,15.116,1.4935,0.5913,1.466,0.587,0.6205,0.8814,-0.3461,-1.5225,,,
R_22PiLxjHOlbfGFH,SK-A-110,14,ai,7,1.5,-6.1561,4.0,yes,3.0,-3.0,1.0,,,,,,,,,,,,,25-34 years old,Female,"No, I am not colourblind",835,70,False,27,yes,no,no,yes,,low_sem_high_perc,Q2,low,high,9,7,5,5.104,15.147,0.2413,-0.9292,-1.0175,-1.0303,0.6271,-0.9923,0.0078,-1.5225,,,
R_22PiLxjHOlbfGFH,SK-A-1298,15,ai,2,-3.5,3.8439,2.0,yes,0.0,0.0,1.0,,,,,,,,,,,,,25-34 years old,Female,"No, I am not colourblind",835,70,False,27,yes,no,no,yes,,low_sem_high_perc,Q2,low,high,13,4,3,6.345,12.638,1.0016,-0.7265,-1.4832,-1.6772,0.0943,-1.2956,-1.1122,-1.5225,,,
R_22PiLxjHOlbfGFH,SK-C-1215,16,human,6,0.5,-8.1561,6.0,yes,0.0,0.0,1.0,,,,,,,,,,,,,25-34 years old,Female,"No, I am not colourblind",835,70,False,27,yes,no,no,yes,,high_sem_high_perc,Q1,high,high,24,14,8,5.533,8.134,0.5041,-0.169,0.069,-0.0599,-0.8622,-0.0533,-0.0772,-1.5225,,,
R_22PiLxjHOlbfGFH,SK-A-1906,17,human,9,3.5,3.8439,5.0,yes,4.0,-4.0,1.0,,,,,,,,,,,,,25-34 years old,Female,"No, I am not colourblind",835,70,False,27,yes,no,no,yes,,high_sem_low_perc,Q3,high,low,43,16,11,4.708,19.343,-0.0013,0.7941,0.3794,0.9105,1.5182,0.6947,0.4853,-1.5225,,,
R_22PiLxjHOlbfGFH,SK-A-3023,18,none,3,-2.5,-2.1561,4.0,yes,1.0,1.0,1.0,,,,,,,,,,,,,25-34 years old,Female,"No, I am not colourblind",835,70,False,27,yes,no,no,yes,,high_sem_low_perc,Q3,high,low,24,9,6,2.609,6.171,-1.2873,-0.169,-0.7071,-0.7068,-1.2791,-0.5276,-0.4284,-1.5225,,,
R_22PiLxjHOlbfGFH,SK-A-1574,19,none,10,4.5,11.8439,2.0,yes,8.0,-8.0,1.0,,,,,,,,,,,,,25-34 years old,Female,"No, I am not colourblind",835,70,False,27,yes,no,no,yes,,high_sem_high_perc,Q1,high,high,41,19,10,6.451,10.977,1.0665,0.6927,0.8451,0.587,-0.2584,0.7083,-1.9879,-1.5225,,,
R_22PiLxjHOlbfGFH,SK-A-3297,20,none,1,-4.5,11.8439,1.0,yes,0.0,0.0,1.0,,,,,,,,,,,,,25-34 years old,Female,"No, I am not colourblind",835,70,False,27,yes,no,no,yes,,low_sem_low_perc,Q4,low,low,17,10,7,4.118,13.599,-0.3628,-0.5237,-0.5519,-0.3834,0.2984,-0.4863,-0.4879,-1.5225,,,
R_22PiLxjHOlbfGFH,SK-A-232,21,human,4,-1.5,-6.1561,6.0,yes,2.0,2.0,1.0,,,,,,,,,,,,,25-34 years old,Female,"No, I am not colourblind",835,70,False,27,yes,no,no,yes,,high_sem_low_perc,Q3,high,low,76,16,8,2.204,6.579,-1.5354,2.4667,0.3794,-0.0599,-1.1924,0.9287,0.1549,-1.5225,,,
R_22PiLxjHOlbfGFH,SK-A-4469,22,none,10,4.5,11.8439,5.0,yes,5.0,-5.0,1.0,,,,,,,,,,,,,25-34 years old,Female,"No, I am not colourblind",835,70,False,27,yes,no,no,yes,,high_sem_high_perc,Q1,high,high,31,11,6,6.128,21.628,0.8686,0.1858,-0.3967,-0.7068,2.0035,-0.3059,-0.9165,-1.5225,,,
R_22PiLxjHOlbfGFH,SK-A-1756,23,ai,3,-2.5,-2.1561,2.0,yes,1.0,-1.0,1.0,,,,,,,,,,,,,25-34 years old,Female,"No, I am not colourblind",835,70,False,27,yes,no,no,yes,,high_sem_high_perc,Q1,high,high,20,12,9,5.001,12.19,0.1782,-0.3717,-0.2415,0.2636,-0.0008,-0.1165,-1.106,-1.5225,,,
R_22PiLxjHOlbfGFH,SK-A-2110,24,human,1,-4.5,11.8439,7.0,yes,6.0,6.0,1.0,,,,,,,,,,,,,25-34 years old,Female,"No, I am not colourblind",835,70,False,27,yes,no,no,yes,,high_sem_low_perc,Q3,high,low,29,17,13,4.449,10.91,-0.16,0.0845,0.5346,1.5574,-0.2727,0.7255,0.9709,-1.5225,,,
R_22PiLxjHOlbfGFH,SK-A-1713,25,human,7,1.5,-6.1561,4.0,yes,3.0,-3.0,1.0,,,,,,,,,,,,,25-34 years old,Female,"No, I am not colourblind",835,70,False,27,yes,no,no,yes,,low_sem_low_perc,Q4,low,low,15,13,10,2.989,8.961,-1.0545,-0.6251,-0.0862,0.587,-0.6866,-0.0414,-0.1003,-1.5225,,,
R_22PiLxjHOlbfGFH,SK-A-62,26,human,2,-3.5,3.8439,2.0,yes,0.0,0.0,1.0,,,,,,,,,,,,,25-34 years old,Female,"No, I am not colourblind",835,70,False,27,yes,no,no,yes,,low_sem_low_perc,Q4,low,low,6,4,4,4.61,10.563,-0.0614,-1.0813,-1.4832,-1.3537,-0.3464,-1.3061,-1.366,-1.5225,,,
R_22PiLxjHOlbfGFH,SK-C-243,27,ai,10,4.5,11.8439,6.0,yes,4.0,-4.0,1.0,,,,,,,,,,,,,25-34 years old,Female,"No, I am not colourblind",835,70,False,27,yes,no,no,yes,,low_sem_low_perc,Q4,low,low,14,12,6,4.052,8.426,-0.4032,-0.6758,-0.2415,-0.7068,-0.8002,-0.5414,0.1632,-1.5225,,,
R_2fjwkioK9TGguOj,SK-A-2320 A,1,ai,9,3.5,3.8439,7.0,yes,2.0,-2.0,1.0,2.1666666666666665,2.921903762280879,1.9219037622808788,3.921903762280879,high,2.0,2.3286,1.3286,3.3286,high,0.5,-0.0758,18-24 years old,Male,"No, I am not colourblind",407,90,False,27,yes,yes,yes,yes,,high_sem_low_perc,Q3,high,low,47,24,14,4.652,11.926,-0.0356,0.9968,1.6212,1.8808,-0.0569,1.4996,0.4324,1.8108,1.0,0.5,1.0
R_2fjwkioK9TGguOj,SK-A-1756,2,human,1,-4.5,11.8439,4.0,yes,3.0,3.0,1.0,2.1666666666666665,2.921903762280879,1.9219037622808788,3.921903762280879,high,2.0,2.3286,1.3286,3.3286,high,0.5,-0.0758,18-24 years old,Male,"No, I am not colourblind",407,90,False,27,yes,yes,yes,yes,,high_sem_high_perc,Q1,high,high,20,12,9,5.001,12.19,0.1782,-0.3717,-0.2415,0.2636,-0.0008,-0.1165,-1.106,1.8108,1.0,0.5,1.0
R_2fjwkioK9TGguOj,SK-A-3023,3,ai,1,-4.5,11.8439,6.0,yes,5.0,5.0,1.0,2.1666666666666665,2.921903762280879,1.9219037622808788,3.921903762280879,high,2.0,2.3286,1.3286,3.3286,high,0.5,-0.0758,18-24 years old,Male,"No, I am not colourblind",407,90,False,27,yes,yes,yes,yes,,high_sem_low_perc,Q3,high,low,24,9,6,2.609,6.171,-1.2873,-0.169,-0.7071,-0.7068,-1.2791,-0.5276,-0.4284,1.8108,1.0,0.5,1.0
R_2fjwkioK9TGguOj,SK-C-243,4,human,2,-3.5,3.8439,6.0,yes,4.0,4.0,1.0,2.1666666666666665,2.921903762280879,1.9219037622808788,3.921903762280879,high,2.0,2.3286,1.3286,3.3286,high,0.5,-0.0758,18-24 years old,Male,"No, I am not colourblind",407,90,False,27,yes,yes,yes,yes,,low_sem_low_perc,Q4,low,low,14,12,6,4.052,8.426,-0.4032,-0.6758,-0.2415,-0.7068,-0.8002,-0.5414,0.1632,1.8108,1.0,0.5,1.0
R_2fjwkioK9TGguOj,SK-A-1403,5,none,1,-4.5,11.8439,5.0,yes,4.0,4.0,1.0,2.1666666666666665,2.921903762280879,1.9219037622808788,3.921903762280879,high,2.0,2.3286,1.3286,3.3286,high,0.5,-0.0758,18-24 years old,Male,"No, I am not colourblind",407,90,False,27,yes,yes,yes,yes,,high_sem_high_perc,Q1,high,high,69,22,13,5.281,17.539,0.3497,2.1119,1.3107,1.5574,1.1351,1.66,0.7811,1.8108,1.0,0.5,1.0
R_2fjwkioK9TGguOj,SK-A-110,6,human,1,-4.5,11.8439,4.0,yes,3.0,3.0,1.0,2.1666666666666665,2.921903762280879,1.9219037622808788,3.921903762280879,high,2.0,2.3286,1.3286,3.3286,high,0.5,-0.0758,18-24 years old,Male,"No, I am not colourblind",407,90,False,27,yes,yes,yes,yes,,low_sem_high_perc,Q2,low,high,9,7,5,5.104,15.147,0.2413,-0.9292,-1.0175,-1.0303,0.6271,-0.9923,0.0078,1.8108,1.0,0.5,1.0
R_2fjwkioK9TGguOj,SK-A-2110,7,ai,9,3.5,3.8439,8.0,yes,1.0,-1.0,1.0,2.1666666666666665,2.921903762280879,1.9219037622808788,3.921903762280879,high,2.0,2.3286,1.3286,3.3286,high,0.5,-0.0758,18-24 years old,Male,"No, I am not colourblind",407,90,False,27,yes,yes,yes,yes,,high_sem_low_perc,Q3,high,low,29,17,13,4.449,10.91,-0.16,0.0845,0.5346,1.5574,-0.2727,0.7255,0.9709,1.8108,1.0,0.5,1.0
R_2fjwkioK9TGguOj,SK-A-4469,8,none,6,0.5,-8.1561,4.0,yes,2.0,-2.0,1.0,2.1666666666666665,2.921903762280879,1.9219037622808788,3.921903762280879,high,2.0,2.3286,1.3286,3.3286,high,0.5,-0.0758,18-24 years old,Male,"No, I am not colourblind",407,90,False,27,yes,yes,yes,yes,,high_sem_high_perc,Q1,high,high,31,11,6,6.128,21.628,0.8686,0.1858,-0.3967,-0.7068,2.0035,-0.3059,-0.9165,1.8108,1.0,0.5,1.0
R_2fjwkioK9TGguOj,SK-C-1215,9,human,3,-2.5,-2.1561,5.0,yes,2.0,2.0,1.0,2.1666666666666665,2.921903762280879,1.9219037622808788,3.921903762280879,high,2.0,2.3286,1.3286,3.3286,high,0.5,-0.0758,18-24 years old,Male,"No, I am not colourblind",407,90,False,27,yes,yes,yes,yes,,high_sem_high_perc,Q1,high,high,24,14,8,5.533,8.134,0.5041,-0.169,0.069,-0.0599,-0.8622,-0.0533,-0.0772,1.8108,1.0,0.5,1.0
R_2fjwkioK9TGguOj,SK-A-232,10,none,8,2.5,-2.1561,7.0,yes,1.0,-1.0,1.0,2.1666666666666665,2.921903762280879,1.9219037622808788,3.921903762280879,high,2.0,2.3286,1.3286,3.3286,high,0.5,-0.0758,18-24 years old,Male,"No, I am not colourblind",407,90,False,27,yes,yes,yes,yes,,high_sem_low_perc,Q3,high,low,76,16,8,2.204,6.579,-1.5354,2.4667,0.3794,-0.0599,-1.1924,0.9287,0.1549,1.8108,1.0,0.5,1.0
R_2fjwkioK9TGguOj,SK-A-1940,11,none,10,4.5,11.8439,6.0,yes,4.0,-4.0,1.0,2.1666666666666665,2.921903762280879,1.9219037622808788,3.921903762280879,high,2.0,2.3286,1.3286,3.3286,high,0.5,-0.0758,18-24 years old,Male,"No, I am not colourblind",407,90,False,27,yes,yes,yes,yes,,high_sem_high_perc,Q1,high,high,39,23,10,7.148,15.116,1.4935,0.5913,1.466,0.587,0.6205,0.8814,-0.3461,1.8108,1.0,0.5,1.0
R_2fjwkioK9TGguOj,SK-A-1906,12,ai,9,3.5,3.8439,6.0,yes,3.0,-3.0,1.0,2.1666666666666665,2.921903762280879,1.9219037622808788,3.921903762280879,high,2.0,2.3286,1.3286,3.3286,high,0.5,-0.0758,18-24 years old,Male,"No, I am not colourblind",407,90,False,27,yes,yes,yes,yes,,high_sem_low_perc,Q3,high,low,43,16,11,4.708,19.343,-0.0013,0.7941,0.3794,0.9105,1.5182,0.6947,0.4853,1.8108,1.0,0.5,1.0
R_2fjwkioK9TGguOj,SK-C-95,13,none,7,1.5,-6.1561,8.0,yes,1.0,1.0,1.0,2.1666666666666665,2.921903762280879,1.9219037622808788,3.921903762280879,high,2.0,2.3286,1.3286,3.3286,high,0.5,-0.0758,18-24 years old,Male,"No, I am not colourblind",407,90,False,27,yes,yes,yes,yes,,low_sem_high_perc,Q2,low,high,12,10,6,5.078,11.141,0.2254,-0.7772,-0.5519,-0.7068,-0.2236,-0.6786,0.0208,1.8108,1.0,0.5,1.0
R_2fjwkioK9TGguOj,SK-A-2320 B,14,none,10,4.5,11.8439,7.0,yes,3.0,-3.0,1.0,2.1666666666666665,2.921903762280879,1.9219037622808788,3.921903762280879,high,2.0,2.3286,1.3286,3.3286,high,0.5,-0.0758,18-24 years old,Male,"No, I am not colourblind",407,90,False,27,yes,yes,yes,yes,,low_sem_high_perc,Q2,low,high,11,7,4,4.974,8.222,0.1616,-0.8279,-1.0175,-1.3537,-0.8435,-1.0664,0.3704,1.8108,1.0,0.5,1.0
R_2fjwkioK9TGguOj,SK-A-87,15,human,5,-0.5,-8.1561,7.0,yes,2.0,2.0,1.0,2.1666666666666665,2.921903762280879,1.9219037622808788,3.921903762280879,high,2.0,2.3286,1.3286,3.3286,high,0.5,-0.0758,18-24 years old,Male,"No, I am not colourblind",407,90,False,27,yes,yes,yes,yes,,low_sem_low_perc,Q4,low,low,16,9,4,1.284,3.991,-2.099,-0.5744,-0.7071,-1.3537,-1.742,-0.8784,0.5278,1.8108,1.0,0.5,1.0
R_2fjwkioK9TGguOj,SK-A-3297,16,ai,3,-2.5,-2.1561,7.0,yes,4.0,4.0,1.0,2.1666666666666665,2.921903762280879,1.9219037622808788,3.921903762280879,high,2.0,2.3286,1.3286,3.3286,high,0.5,-0.0758,18-24 years old,Male,"No, I am not colourblind",407,90,False,27,yes,yes,yes,yes,,low_sem_low_perc,Q4,low,low,17,10,7,4.118,13.599,-0.3628,-0.5237,-0.5519,-0.3834,0.2984,-0.4863,-0.4879,1.8108,1.0,0.5,1.0
R_2fjwkioK9TGguOj,SK-A-1574,17,ai,4,-1.5,-6.1561,3.0,yes,1.0,-1.0,1.0,2.1666666666666665,2.921903762280879,1.9219037622808788,3.921903762280879,high,2.0,2.3286,1.3286,3.3286,high,0.5,-0.0758,18-24 years old,Male,"No, I am not colourblind",407,90,False,27,yes,yes,yes,yes,,high_sem_high_perc,Q1,high,high,41,19,10,6.451,10.977,1.0665,0.6927,0.8451,0.587,-0.2584,0.7083,-1.9879,1.8108,1.0,0.5,1.0
R_2fjwkioK9TGguOj,SK-A-1713,18,ai,1,-4.5,11.8439,4.0,yes,3.0,3.0,1.0,2.1666666666666665,2.921903762280879,1.9219037622808788,3.921903762280879,high,2.0,2.3286,1.3286,3.3286,high,0.5,-0.0758,18-24 years old,Male,"No, I am not colourblind",407,90,False,27,yes,yes,yes,yes,,low_sem_low_perc,Q4,low,low,15,13,10,2.989,8.961,-1.0545,-0.6251,-0.0862,0.587,-0.6866,-0.0414,-0.1003,1.8108,1.0,0.5,1.0
R_2fjwkioK9TGguOj,SK-A-1298,19,human,2,-3.5,3.8439,5.0,yes,3.0,3.0,1.0,2.1666666666666665,2.921903762280879,1.9219037622808788,3.921903762280879,high,2.0,2.3286,1.3286,3.3286,high,0.5,-0.0758,18-24 years old,Male,"No, I am not colourblind",407,90,False,27,yes,yes,yes,yes,,low_sem_high_perc,Q2,low,high,13,4,3,6.345,12.638,1.0016,-0.7265,-1.4832,-1.6772,0.0943,-1.2956,-1.1122,1.8108,1.0,0.5,1.0
R_2fjwkioK9TGguOj,SK-A-388,20,ai,4,-1.5,-6.1561,7.0,yes,3.0,3.0,1.0,2.1666666666666665,2.921903762280879,1.9219037622808788,3.921903762280879,high,2.0,2.3286,1.3286,3.3286,high,0.5,-0.0758,18-24 years old,Male,"No, I am not colourblind",407,90,False,27,yes,yes,yes,yes,,high_sem_low_perc,Q3,high,low,52,24,12,4.026,10.43,-0.4191,1.2502,1.6212,1.2339,-0.3746,1.3684,0.1145,1.8108,1.0,0.5,1.0
R_2fjwkioK9TGguOj,SK-A-1684,21,human,7,1.5,-6.1561,8.0,yes,1.0,1.0,1.0,2.1666666666666665,2.921903762280879,1.9219037622808788,3.921903762280879,high,2.0,2.3286,1.3286,3.3286,high,0.5,-0.0758,18-24 years old,Male,"No, I am not colourblind",407,90,False,27,yes,yes,yes,yes,,low_sem_low_perc,Q4,low,low,7,6,5,1.478,7.119,-1.9802,-1.0306,-1.1728,-1.0303,-1.0777,-1.0779,1.5061,1.8108,1.0,0.5,1.0
R_2fjwkioK9TGguOj,SK-A-864,22,none,10,4.5,11.8439,9.0,yes,1.0,-1.0,1.0,2.1666666666666665,2.921903762280879,1.9219037622808788,3.921903762280879,high,2.0,2.3286,1.3286,3.3286,high,0.5,-0.0758,18-24 years old,Male,"No, I am not colourblind",407,90,False,27,yes,yes,yes,yes,,high_sem_high_perc,Q1,high,high,66,28,11,8.181,13.079,2.1264,1.9598,2.242,0.9105,0.188,1.7041,1.4922,1.8108,1.0,0.5,1.0
R_2fjwkioK9TGguOj,SK-A-298,23,human,9,3.5,3.8439,8.0,yes,1.0,-1.0,1.0,2.1666666666666665,2.921903762280879,1.9219037622808788,3.921903762280879,high,2.0,2.3286,1.3286,3.3286,high,0.5,-0.0758,18-24 years old,Male,"No, I am not colourblind",407,90,False,27,yes,yes,yes,yes,,high_sem_low_perc,Q3,high,low,22,19,12,3.588,8.258,-0.6875,-0.2703,0.8451,1.2339,-0.8359,0.6029,0.4922,1.8108,1.0,0.5,1.0
R_2fjwkioK9TGguOj,SK-A-62,24,none,1,-4.5,11.8439,6.0,yes,5.0,5.0,1.0,2.1666666666666665,2.921903762280879,1.9219037622808788,3.921903762280879,high,2.0,2.3286,1.3286,3.3286,high,0.5,-0.0758,18-24 years old,Male,"No, I am not colourblind",407,90,False,27,yes,yes,yes,yes,,low_sem_low_perc,Q4,low,low,6,4,4,4.61,10.563,-0.0614,-1.0813,-1.4832,-1.3537,-0.3464,-1.3061,-1.366,1.8108,1.0,0.5,1.0
R_2fjwkioK9TGguOj,SK-A-261,25,none,2,-3.5,3.8439,9.0,yes,7.0,7.0,1.0,2.1666666666666665,2.921903762280879,1.9219037622808788,3.921903762280879,high,2.0,2.3286,1.3286,3.3286,high,0.5,-0.0758,18-24 years old,Male,"No, I am not colourblind",407,90,False,27,yes,yes,yes,yes,,low_sem_low_perc,Q4,low,low,9,8,7,4.292,16.828,-0.2562,-0.9292,-0.8623,-0.3834,0.9841,-0.725,0.1278,1.8108,1.0,0.5,1.0
R_2fjwkioK9TGguOj,SK-C-153,26,human,4,-1.5,-6.1561,9.0,yes,5.0,5.0,1.0,2.1666666666666665,2.921903762280879,1.9219037622808788,3.921903762280879,high,2.0,2.3286,1.3286,3.3286,high,0.5,-0.0758,18-24 years old,Male,"No, I am not colourblind",407,90,False,27,yes,yes,yes,yes,,low_sem_high_perc,Q2,low,high,14,12,8,6.72,23.164,1.2313,-0.6758,-0.2415,-0.0599,2.3297,-0.3257,0.2978,1.8108,1.0,0.5,1.0
R_2fjwkioK9TGguOj,SK-A-4717,27,ai,5,-0.5,-8.1561,7.0,yes,2.0,2.0,1.0,2.1666666666666665,2.921903762280879,1.9219037622808788,3.921903762280879,high,2.0,2.3286,1.3286,3.3286,high,0.5,-0.0758,18-24 years old,Male,"No, I am not colourblind",407,90,False,27,yes,yes,yes,yes,,low_sem_high_perc,Q2,low,high,12,10,9,6.171,17.158,0.895,-0.7772,-0.5519,0.2636,1.0542,-0.3552,-0.0167,1.8108,1.0,0.5,1.0
R_2JCbQmAVII9bqsF,SK-A-261,1,none,8,2.5,-2.1561,8.0,yes,0.0,0.0,1.0,0.3333333333333333,-0.7183686045386691,-1.7183686045386692,0.2816313954613308,low,0.5714,-0.6227,-1.6227,0.3773,low,0.375,-0.3318,25-34 years old,Male,"No, I am not colourblind",521,90,False,27,yes,yes,yes,yes,,low_sem_low_perc,Q4,low,low,9,8,7,4.292,16.828,-0.2562,-0.9292,-0.8623,-0.3834,0.9841,-0.725,0.1278,1.5886,1.0,0.5,0.6666666666666666
R_2JCbQmAVII9bqsF,SK-A-87,2,none,7,1.5,-6.1561,7.0,yes,0.0,0.0,1.0,0.3333333333333333,-0.7183686045386691,-1.7183686045386692,0.2816313954613308,low,0.5714,-0.6227,-1.6227,0.3773,low,0.375,-0.3318,25-34 years old,Male,"No, I am not colourblind",521,90,False,27,yes,yes,yes,yes,,low_sem_low_perc,Q4,low,low,16,9,4,1.284,3.991,-2.099,-0.5744,-0.7071,-1.3537,-1.742,-0.8784,0.5278,1.5886,1.0,0.5,0.6666666666666666
R_2JCbQmAVII9bqsF,SK-A-4469,3,human,6,0.5,-8.1561,4.0,yes,2.0,-2.0,1.0,0.3333333333333333,-0.7183686045386691,-1.7183686045386692,0.2816313954613308,low,0.5714,-0.6227,-1.6227,0.3773,low,0.375,-0.3318,25-34 years old,Male,"No, I am not colourblind",521,90,False,27,yes,yes,yes,yes,,high_sem_high_perc,Q1,high,high,31,11,6,6.128,21.628,0.8686,0.1858,-0.3967,-0.7068,2.0035,-0.3059,-0.9165,1.5886,1.0,0.5,0.6666666666666666
R_2JCbQmAVII9bqsF,SK-A-1940,4,human,1,-4.5,11.8439,4.0,yes,3.0,3.0,1.0,0.3333333333333333,-0.7183686045386691,-1.7183686045386692,0.2816313954613308,low,0.5714,-0.6227,-1.6227,0.3773,low,0.375,-0.3318,25-34 years old,Male,"No, I am not colourblind",521,90,False,27,yes,yes,yes,yes,,high_sem_high_perc,Q1,high,high,39,23,10,7.148,15.116,1.4935,0.5913,1.466,0.587,0.6205,0.8814,-0.3461,1.5886,1.0,0.5,0.6666666666666666
R_2JCbQmAVII9bqsF,SK-C-153,5,ai,6,0.5,-8.1561,7.0,yes,1.0,1.0,1.0,0.3333333333333333,-0.7183686045386691,-1.7183686045386692,0.2816313954613308,low,0.5714,-0.6227,-1.6227,0.3773,low,0.375,-0.3318,25-34 years old,Male,"No, I am not colourblind",521,90,False,27,yes,yes,yes,yes,,low_sem_high_perc,Q2,low,high,14,12,8,6.72,23.164,1.2313,-0.6758,-0.2415,-0.0599,2.3297,-0.3257,0.2978,1.5886,1.0,0.5,0.6666666666666666
R_2JCbQmAVII9bqsF,SK-A-1713,6,human,2,-3.5,3.8439,5.0,yes,3.0,3.0,1.0,0.3333333333333333,-0.7183686045386691,-1.7183686045386692,0.2816313954613308,low,0.5714,-0.6227,-1.6227,0.3773,low,0.375,-0.3318,25-34 years old,Male,"No, I am not colourblind",521,90,False,27,yes,yes,yes,yes,,low_sem_low_perc,Q4,low,low,15,13,10,2.989,8.961,-1.0545,-0.6251,-0.0862,0.587,-0.6866,-0.0414,-0.1003,1.5886,1.0,0.5,0.6666666666666666
R_2JCbQmAVII9bqsF,SK-A-3297,7,human,10,4.5,11.8439,3.0,yes,7.0,-7.0,1.0,0.3333333333333333,-0.7183686045386691,-1.7183686045386692,0.2816313954613308,low,0.5714,-0.6227,-1.6227,0.3773,low,0.375,-0.3318,25-34 years old,Male,"No, I am not colourblind",521,90,False,27,yes,yes,yes,yes,,low_sem_low_perc,Q4,low,low,17,10,7,4.118,13.599,-0.3628,-0.5237,-0.5519,-0.3834,0.2984,-0.4863,-0.4879,1.5886,1.0,0.5,0.6666666666666666
R_2JCbQmAVII9bqsF,SK-C-95,8,none,4,-1.5,-6.1561,3.0,yes,1.0,-1.0,1.0,0.3333333333333333,-0.7183686045386691,-1.7183686045386692,0.2816313954613308,low,0.5714,-0.6227,-1.6227,0.3773,low,0.375,-0.3318,25-34 years old,Male,"No, I am not colourblind",521,90,False,27,yes,yes,yes,yes,,low_sem_high_perc,Q2,low,high,12,10,6,5.078,11.141,0.2254,-0.7772,-0.5519,-0.7068,-0.2236,-0.6786,0.0208,1.5886,1.0,0.5,0.6666666666666666
R_2JCbQmAVII9bqsF,SK-A-1403,9,none,1,-4.5,11.8439,7.0,yes,6.0,6.0,1.0,0.3333333333333333,-0.7183686045386691,-1.7183686045386692,0.2816313954613308,low,0.5714,-0.6227,-1.6227,0.3773,low,0.375,-0.3318,25-34 years old,Male,"No, I am not colourblind",521,90,False,27,yes,yes,yes,yes,,high_sem_high_perc,Q1,high,high,69,22,13,5.281,17.539,0.3497,2.1119,1.3107,1.5574,1.1351,1.66,0.7811,1.5886,1.0,0.5,0.6666666666666666
R_2JCbQmAVII9bqsF,SK-A-1756,10,ai,4,-1.5,-6.1561,5.0,yes,1.0,1.0,1.0,0.3333333333333333,-0.7183686045386691,-1.7183686045386692,0.2816313954613308,low,0.5714,-0.6227,-1.6227,0.3773,low,0.375,-0.3318,25-34 years old,Male,"No, I am not colourblind",521,90,False,27,yes,yes,yes,yes,,high_sem_high_perc,Q1,high,high,20,12,9,5.001,12.19,0.1782,-0.3717,-0.2415,0.2636,-0.0008,-0.1165,-1.106,1.5886,1.0,0.5,0.6666666666666666
R_2JCbQmAVII9bqsF,SK-A-110,11,none,9,3.5,3.8439,4.0,yes,5.0,-5.0,1.0,0.3333333333333333,-0.7183686045386691,-1.7183686045386692,0.2816313954613308,low,0.5714,-0.6227,-1.6227,0.3773,low,0.375,-0.3318,25-34 years old,Male,"No, I am not colourblind",521,90,False,27,yes,yes,yes,yes,,low_sem_high_perc,Q2,low,high,9,7,5,5.104,15.147,0.2413,-0.9292,-1.0175,-1.0303,0.6271,-0.9923,0.0078,1.5886,1.0,0.5,0.6666666666666666
R_2JCbQmAVII9bqsF,SK-A-1906,12,none,6,0.5,-8.1561,8.0,yes,2.0,2.0,1.0,0.3333333333333333,-0.7183686045386691,-1.7183686045386692,0.2816313954613308,low,0.5714,-0.6227,-1.6227,0.3773,low,0.375,-0.3318,25-34 years old,Male,"No, I am not colourblind",521,90,False,27,yes,yes,yes,yes,,high_sem_low_perc,Q3,high,low,43,16,11,4.708,19.343,-0.0013,0.7941,0.3794,0.9105,1.5182,0.6947,0.4853,1.5886,1.0,0.5,0.6666666666666666
R_2JCbQmAVII9bqsF,SK-A-3023,13,human,3,-2.5,-2.1561,7.0,yes,4.0,4.0,1.0,0.3333333333333333,-0.7183686045386691,-1.7183686045386692,0.2816313954613308,low,0.5714,-0.6227,-1.6227,0.3773,low,0.375,-0.3318,25-34 years old,Male,"No, I am not colourblind",521,90,False,27,yes,yes,yes,yes,,high_sem_low_perc,Q3,high,low,24,9,6,2.609,6.171,-1.2873,-0.169,-0.7071,-0.7068,-1.2791,-0.5276,-0.4284,1.5886,1.0,0.5,0.6666666666666666
R_2JCbQmAVII9bqsF,SK-A-2110,14,ai,1,-4.5,11.8439,8.0,yes,7.0,7.0,1.0,0.3333333333333333,-0.7183686045386691,-1.7183686045386692,0.2816313954613308,low,0.5714,-0.6227,-1.6227,0.3773,low,0.375,-0.3318,25-34 years old,Male,"No, I am not colourblind",521,90,False,27,yes,yes,yes,yes,,high_sem_low_perc,Q3,high,low,29,17,13,4.449,10.91,-0.16,0.0845,0.5346,1.5574,-0.2727,0.7255,0.9709,1.5886,1.0,0.5,0.6666666666666666
R_2JCbQmAVII9bqsF,SK-C-243,15,ai,1,-4.5,11.8439,3.0,yes,2.0,2.0,1.0,0.3333333333333333,-0.7183686045386691,-1.7183686045386692,0.2816313954613308,low,0.5714,-0.6227,-1.6227,0.3773,low,0.375,-0.3318,25-34 years old,Male,"No, I am not colourblind",521,90,False,27,yes,yes,yes,yes,,low_sem_low_perc,Q4,low,low,14,12,6,4.052,8.426,-0.4032,-0.6758,-0.2415,-0.7068,-0.8002,-0.5414,0.1632,1.5886,1.0,0.5,0.6666666666666666
R_2JCbQmAVII9bqsF,SK-A-2320 A,16,ai,6,0.5,-8.1561,6.0,yes,0.0,0.0,1.0,0.3333333333333333,-0.7183686045386691,-1.7183686045386692,0.2816313954613308,low,0.5714,-0.6227,-1.6227,0.3773,low,0.375,-0.3318,25-34 years old,Male,"No, I am not colourblind",521,90,False,27,yes,yes,yes,yes,,high_sem_low_perc,Q3,high,low,47,24,14,4.652,11.926,-0.0356,0.9968,1.6212,1.8808,-0.0569,1.4996,0.4324,1.5886,1.0,0.5,0.6666666666666666
R_2JCbQmAVII9bqsF,SK-A-864,17,none,1,-4.5,11.8439,9.0,yes,8.0,8.0,1.0,0.3333333333333333,-0.7183686045386691,-1.7183686045386692,0.2816313954613308,low,0.5714,-0.6227,-1.6227,0.3773,low,0.375,-0.3318,25-34 years old,Male,"No, I am not colourblind",521,90,False,27,yes,yes,yes,yes,,high_sem_high_perc,Q1,high,high,66,28,11,8.181,13.079,2.1264,1.9598,2.242,0.9105,0.188,1.7041,1.4922,1.5886,1.0,0.5,0.6666666666666666
R_2JCbQmAVII9bqsF,SK-A-4717,18,none,8,2.5,-2.1561,6.0,yes,2.0,-2.0,1.0,0.3333333333333333,-0.7183686045386691,-1.7183686045386692,0.2816313954613308,low,0.5714,-0.6227,-1.6227,0.3773,low,0.375,-0.3318,25-34 years old,Male,"No, I am not colourblind",521,90,False,27,yes,yes,yes,yes,,low_sem_high_perc,Q2,low,high,12,10,9,6.171,17.158,0.895,-0.7772,-0.5519,0.2636,1.0542,-0.3552,-0.0167,1.5886,1.0,0.5,0.6666666666666666
R_2JCbQmAVII9bqsF,SK-A-232,19,ai,8,2.5,-2.1561,7.0,yes,1.0,-1.0,1.0,0.3333333333333333,-0.7183686045386691,-1.7183686045386692,0.2816313954613308,low,0.5714,-0.6227,-1.6227,0.3773,low,0.375,-0.3318,25-34 years old,Male,"No, I am not colourblind",521,90,False,27,yes,yes,yes,yes,,high_sem_low_perc,Q3,high,low,76,16,8,2.204,6.579,-1.5354,2.4667,0.3794,-0.0599,-1.1924,0.9287,0.1549,1.5886,1.0,0.5,0.6666666666666666
R_2JCbQmAVII9bqsF,SK-A-388,20,ai,5,-0.5,-8.1561,7.0,yes,2.0,2.0,1.0,0.3333333333333333,-0.7183686045386691,-1.7183686045386692,0.2816313954613308,low,0.5714,-0.6227,-1.6227,0.3773,low,0.375,-0.3318,25-34 years old,Male,"No, I am not colourblind",521,90,False,27,yes,yes,yes,yes,,high_sem_low_perc,Q3,high,low,52,24,12,4.026,10.43,-0.4191,1.2502,1.6212,1.2339,-0.3746,1.3684,0.1145,1.5886,1.0,0.5,0.6666666666666666
R_2JCbQmAVII9bqsF,SK-A-1298,21,human,5,-0.5,-8.1561,4.0,yes,1.0,-1.0,1.0,0.3333333333333333,-0.7183686045386691,-1.7183686045386692,0.2816313954613308,low,0.5714,-0.6227,-1.6227,0.3773,low,0.375,-0.3318,25-34 years old,Male,"No, I am not colourblind",521,90,False,27,yes,yes,yes,yes,,low_sem_high_perc,Q2,low,high,13,4,3,6.345,12.638,1.0016,-0.7265,-1.4832,-1.6772,0.0943,-1.2956,-1.1122,1.5886,1.0,0.5,0.6666666666666666
R_2JCbQmAVII9bqsF,SK-A-2320 B,22,ai,4,-1.5,-6.1561,8.0,yes,4.0,4.0,1.0,0.3333333333333333,-0.7183686045386691,-1.7183686045386692,0.2816313954613308,low,0.5714,-0.6227,-1.6227,0.3773,low,0.375,-0.3318,25-34 years old,Male,"No, I am not colourblind",521,90,False,27,yes,yes,yes,yes,,low_sem_high_perc,Q2,low,high,11,7,4,4.974,8.222,0.1616,-0.8279,-1.0175,-1.3537,-0.8435,-1.0664,0.3704,1.5886,1.0,0.5,0.6666666666666666
R_2JCbQmAVII9bqsF,SK-C-1215,23,human,5,-0.5,-8.1561,6.0,yes,1.0,1.0,1.0,0.3333333333333333,-0.7183686045386691,-1.7183686045386692,0.2816313954613308,low,0.5714,-0.6227,-1.6227,0.3773,low,0.375,-0.3318,25-34 years old,Male,"No, I am not colourblind",521,90,False,27,yes,yes,yes,yes,,high_sem_high_perc,Q1,high,high,24,14,8,5.533,8.134,0.5041,-0.169,0.069,-0.0599,-0.8622,-0.0533,-0.0772,1.5886,1.0,0.5,0.6666666666666666
R_2JCbQmAVII9bqsF,SK-A-298,24,human,9,3.5,3.8439,6.0,yes,3.0,-3.0,1.0,0.3333333333333333,-0.7183686045386691,-1.7183686045386692,0.2816313954613308,low,0.5714,-0.6227,-1.6227,0.3773,low,0.375,-0.3318,25-34 years old,Male,"No, I am not colourblind",521,90,False,27,yes,yes,yes,yes,,high_sem_low_perc,Q3,high,low,22,19,12,3.588,8.258,-0.6875,-0.2703,0.8451,1.2339,-0.8359,0.6029,0.4922,1.5886,1.0,0.5,0.6666666666666666
R_2JCbQmAVII9bqsF,SK-A-1684,25,none,8,2.5,-2.1561,7.0,yes,1.0,-1.0,1.0,0.3333333333333333,-0.7183686045386691,-1.7183686045386692,0.2816313954613308,low,0.5714,-0.6227,-1.6227,0.3773,low,0.375,-0.3318,25-34 years old,Male,"No, I am not colourblind",521,90,False,27,yes,yes,yes,yes,,low_sem_low_perc,Q4,low,low,7,6,5,1.478,7.119,-1.9802,-1.0306,-1.1728,-1.0303,-1.0777,-1.0779,1.5061,1.5886,1.0,0.5,0.6666666666666666
R_2JCbQmAVII9bqsF,SK-A-1574,26,ai,4,-1.5,-6.1561,5.0,yes,1.0,1.0,1.0,0.3333333333333333,-0.7183686045386691,-1.7183686045386692,0.2816313954613308,low,0.5714,-0.6227,-1.6227,0.3773,low,0.375,-0.3318,25-34 years old,Male,"No, I am not colourblind",521,90,False,27,yes,yes,yes,yes,,high_sem_high_perc,Q1,high,high,41,19,10,6.451,10.977,1.0665,0.6927,0.8451,0.587,-0.2584,0.7083,-1.9879,1.5886,1.0,0.5,0.6666666666666666
R_2JCbQmAVII9bqsF,SK-A-62,27,human,2,-3.5,3.8439,3.0,yes,1.0,1.0,1.0,0.3333333333333333,-0.7183686045386691,-1.7183686045386692,0.2816313954613308,low,0.5714,-0.6227,-1.6227,0.3773,low,0.375,-0.3318,25-34 years old,Male,"No, I am not colourblind",521,90,False,27,yes,yes,yes,yes,,low_sem_low_perc,Q4,low,low,6,4,4,4.61,10.563,-0.0614,-1.0813,-1.4832,-1.3537,-0.3464,-1.3061,-1.366,1.5886,1.0,0.5,0.6666666666666666
R_84BpUxlwMqyuFce,SK-A-1713,1,human,3,-2.5,-2.1561,6.0,yes,3.0,3.0,,,,,,,,,,,,,,45-54 years old,Male,"No, I am not colourblind",61,50,False,3,no,no,no,no,,low_sem_low_perc,Q4,low,low,15,13,10,2.989,8.961,-1.0545,-0.6251,-0.0862,0.587,-0.6866,-0.0414,-0.1003,,,,
R_84BpUxlwMqyuFce,SK-A-1574,2,none,1,-4.5,11.8439,2.0,yes,1.0,1.0,,,,,,,,,,,,,,45-54 years old,Male,"No, I am not colourblind",61,50,False,3,no,no,no,no,,high_sem_high_perc,Q1,high,high,41,19,10,6.451,10.977,1.0665,0.6927,0.8451,0.587,-0.2584,0.7083,-1.9879,,,,
R_84BpUxlwMqyuFce,SK-A-1684,3,human,5,-0.5,-8.1561,4.0,yes,1.0,-1.0,,,,,,,,,,,,,,45-54 years old,Male,"No, I am not colourblind",61,50,False,3,no,no,no,no,,low_sem_low_perc,Q4,low,low,7,6,5,1.478,7.119,-1.9802,-1.0306,-1.1728,-1.0303,-1.0777,-1.0779,1.5061,,,,
R_84BpUxlwMqyuFce,SK-A-864,4,human,9,3.5,3.8439,,no,,,,,,,,,,,,,,,,45-54 years old,Male,"No, I am not colourblind",61,50,False,3,no,no,no,no,,high_sem_high_perc,Q1,high,high,66,28,11,8.181,13.079,2.1264,1.9598,2.242,0.9105,0.188,1.7041,1.4922,,,,
R_9j7IV8vQLzCxNtW,SK-C-1215,1,ai,2,-3.5,3.8439,3.0,yes,1.0,1.0,,,,,,,,,,,,,,35-44 years old,Non-binary / third gender,"No, I am not colourblind",124,50,False,9,no,no,no,no,,high_sem_high_perc,Q1,high,high,24,14,8,5.533,8.134,0.5041,-0.169,0.069,-0.0599,-0.8622,-0.0533,-0.0772,,,,
R_9j7IV8vQLzCxNtW,SK-A-1906,2,none,2,-3.5,3.8439,4.0,yes,2.0,2.0,,,,,,,,,,,,,,35-44 years old,Non-binary / third gender,"No, I am not colourblind",124,50,False,9,no,no,no,no,,high_sem_low_perc,Q3,high,low,43,16,11,4.708,19.343,-0.0013,0.7941,0.3794,0.9105,1.5182,0.6947,0.4853,,,,
R_9j7IV8vQLzCxNtW,SK-A-110,3,human,10,4.5,11.8439,6.0,yes,4.0,-4.0,,,,,,,,,,,,,,35-44 years old,Non-binary / third gender,"No, I am not colourblind",124,50,False,9,no,no,no,no,,low_sem_high_perc,Q2,low,high,9,7,5,5.104,15.147,0.2413,-0.9292,-1.0175,-1.0303,0.6271,-0.9923,0.0078,,,,
R_9j7IV8vQLzCxNtW,SK-A-4717,4,human,8,2.5,-2.1561,3.0,yes,5.0,-5.0,,,,,,,,,,,,,,35-44 years old,Non-binary / third gender,"No, I am not colourblind",124,50,False,9,no,no,no,no,,low_sem_high_perc,Q2,low,high,12,10,9,6.171,17.158,0.895,-0.7772,-0.5519,0.2636,1.0542,-0.3552,-0.0167,,,,
R_9j7IV8vQLzCxNtW,SK-A-62,5,none,2,-3.5,3.8439,7.0,yes,5.0,5.0,,,,,,,,,,,,,,35-44 years old,Non-binary / third gender,"No, I am not colourblind",124,50,False,9,no,no,no,no,,low_sem_low_perc,Q4,low,low,6,4,4,4.61,10.563,-0.0614,-1.0813,-1.4832,-1.3537,-0.3464,-1.3061,-1.366,,,,
R_9j7IV8vQLzCxNtW,SK-C-243,6,none,6,0.5,-8.1561,8.0,yes,2.0,2.0,,,,,,,,,,,,,,35-44 years old,Non-binary / third gender,"No, I am not colourblind",124,50,False,9,no,no,no,no,,low_sem_low_perc,Q4,low,low,14,12,6,4.052,8.426,-0.4032,-0.6758,-0.2415,-0.7068,-0.8002,-0.5414,0.1632,,,,
R_9j7IV8vQLzCxNtW,SK-A-2110,7,ai,9,3.5,3.8439,7.0,yes,2.0,-2.0,,,,,,,,,,,,,,35-44 years old,Non-binary / third gender,"No, I am not colourblind",124,50,False,9,no,no,no,no,,high_sem_low_perc,Q3,high,low,29,17,13,4.449,10.91,-0.16,0.0845,0.5346,1.5574,-0.2727,0.7255,0.9709,,,,
R_9j7IV8vQLzCxNtW,SK-A-1403,8,ai,4,-1.5,-6.1561,7.0,yes,3.0,3.0,,,,,,,,,,,,,,35-44 years old,Non-binary / third gender,"No, I am not colourblind",124,50,False,9,no,no,no,no,,high_sem_high_perc,Q1,high,high,69,22,13,5.281,17.539,0.3497,2.1119,1.3107,1.5574,1.1351,1.66,0.7811,,,,
R_9j7IV8vQLzCxNtW,SK-A-87,9,none,8,2.5,-2.1561,9.0,yes,1.0,1.0,,,,,,,,,,,,,,35-44 years old,Non-binary / third gender,"No, I am not colourblind",124,50,False,9,no,no,no,no,,low_sem_low_perc,Q4,low,low,16,9,4,1.284,3.991,-2.099,-0.5744,-0.7071,-1.3537,-1.742,-0.8784,0.5278,,,,
R_9j7IV8vQLzCxNtW,SK-A-1684,10,none,8,2.5,-2.1561,,no,,,,,,,,,,,,,,,,35-44 years old,Non-binary / third gender,"No, I am not colourblind",124,50,False,9,no,no,no,no,,low_sem_low_perc,Q4,low,low,7,6,5,1.478,7.119,-1.9802,-1.0306,-1.1728,-1.0303,-1.0777,-1.0779,1.5061,,,,
R_8X88jtPqVNgQ8wN,SK-A-4469,1,none,1,-4.5,11.8439,5.0,yes,4.0,4.0,1.0,1.5,1.5981683561646798,0.5981683561646798,2.59816835616468,high,1.4286,1.1481,0.1481,2.1481,high,0.0,-1.0998,25-34 years old,Female,"No, I am not colourblind",418,90,False,27,yes,yes,yes,yes,,high_sem_high_perc,Q1,high,high,31,11,6,6.128,21.628,0.8686,0.1858,-0.3967,-0.7068,2.0035,-0.3059,-0.9165,-0.6336,1.0,1.0,1.3333333333333333
R_8X88jtPqVNgQ8wN,SK-A-1574,2,none,8,2.5,-2.1561,3.0,yes,5.0,-5.0,1.0,1.5,1.5981683561646798,0.5981683561646798,2.59816835616468,high,1.4286,1.1481,0.1481,2.1481,high,0.0,-1.0998,25-34 years old,Female,"No, I am not colourblind",418,90,False,27,yes,yes,yes,yes,,high_sem_high_perc,Q1,high,high,41,19,10,6.451,10.977,1.0665,0.6927,0.8451,0.587,-0.2584,0.7083,-1.9879,-0.6336,1.0,1.0,1.3333333333333333
R_8X88jtPqVNgQ8wN,SK-A-1298,3,ai,5,-0.5,-8.1561,4.0,yes,1.0,-1.0,1.0,1.5,1.5981683561646798,0.5981683561646798,2.59816835616468,high,1.4286,1.1481,0.1481,2.1481,high,0.0,-1.0998,25-34 years old,Female,"No, I am not colourblind",418,90,False,27,yes,yes,yes,yes,,low_sem_high_perc,Q2,low,high,13,4,3,6.345,12.638,1.0016,-0.7265,-1.4832,-1.6772,0.0943,-1.2956,-1.1122,-0.6336,1.0,1.0,1.3333333333333333
R_8X88jtPqVNgQ8wN,SK-C-153,4,none,1,-4.5,11.8439,1.0,yes,0.0,0.0,1.0,1.5,1.5981683561646798,0.5981683561646798,2.59816835616468,high,1.4286,1.1481,0.1481,2.1481,high,0.0,-1.0998,25-34 years old,Female,"No, I am not colourblind",418,90,False,27,yes,yes,yes,yes,,low_sem_high_perc,Q2,low,high,14,12,8,6.72,23.164,1.2313,-0.6758,-0.2415,-0.0599,2.3297,-0.3257,0.2978,-0.6336,1.0,1.0,1.3333333333333333
R_8X88jtPqVNgQ8wN,SK-A-87,5,human,9,3.5,3.8439,8.0,yes,1.0,-1.0,1.0,1.5,1.5981683561646798,0.5981683561646798,2.59816835616468,high,1.4286,1.1481,0.1481,2.1481,high,0.0,-1.0998,25-34 years old,Female,"No, I am not colourblind",418,90,False,27,yes,yes,yes,yes,,low_sem_low_perc,Q4,low,low,16,9,4,1.284,3.991,-2.099,-0.5744,-0.7071,-1.3537,-1.742,-0.8784,0.5278,-0.6336,1.0,1.0,1.3333333333333333
R_8X88jtPqVNgQ8wN,SK-A-2320 B,6,ai,9,3.5,3.8439,8.0,yes,1.0,-1.0,1.0,1.5,1.5981683561646798,0.5981683561646798,2.59816835616468,high,1.4286,1.1481,0.1481,2.1481,high,0.0,-1.0998,25-34 years old,Female,"No, I am not colourblind",418,90,False,27,yes,yes,yes,yes,,low_sem_high_perc,Q2,low,high,11,7,4,4.974,8.222,0.1616,-0.8279,-1.0175,-1.3537,-0.8435,-1.0664,0.3704,-0.6336,1.0,1.0,1.3333333333333333
R_8X88jtPqVNgQ8wN,SK-A-1684,7,ai,6,0.5,-8.1561,5.0,yes,1.0,-1.0,1.0,1.5,1.5981683561646798,0.5981683561646798,2.59816835616468,high,1.4286,1.1481,0.1481,2.1481,high,0.0,-1.0998,25-34 years old,Female,"No, I am not colourblind",418,90,False,27,yes,yes,yes,yes,,low_sem_low_perc,Q4,low,low,7,6,5,1.478,7.119,-1.9802,-1.0306,-1.1728,-1.0303,-1.0777,-1.0779,1.5061,-0.6336,1.0,1.0,1.3333333333333333
R_8X88jtPqVNgQ8wN,SK-A-864,8,human,7,1.5,-6.1561,9.0,yes,2.0,2.0,1.0,1.5,1.5981683561646798,0.5981683561646798,2.59816835616468,high,1.4286,1.1481,0.1481,2.1481,high,0.0,-1.0998,25-34 years old,Female,"No, I am not colourblind",418,90,False,27,yes,yes,yes,yes,,high_sem_high_perc,Q1,high,high,66,28,11,8.181,13.079,2.1264,1.9598,2.242,0.9105,0.188,1.7041,1.4922,-0.6336,1.0,1.0,1.3333333333333333
R_8X88jtPqVNgQ8wN,SK-A-1713,9,human,7,1.5,-6.1561,6.0,yes,1.0,-1.0,1.0,1.5,1.5981683561646798,0.5981683561646798,2.59816835616468,high,1.4286,1.1481,0.1481,2.1481,high,0.0,-1.0998,25-34 years old,Female,"No, I am not colourblind",418,90,False,27,yes,yes,yes,yes,,low_sem_low_perc,Q4,low,low,15,13,10,2.989,8.961,-1.0545,-0.6251,-0.0862,0.587,-0.6866,-0.0414,-0.1003,-0.6336,1.0,1.0,1.3333333333333333
R_8X88jtPqVNgQ8wN,SK-A-232,10,ai,9,3.5,3.8439,8.0,yes,1.0,-1.0,1.0,1.5,1.5981683561646798,0.5981683561646798,2.59816835616468,high,1.4286,1.1481,0.1481,2.1481,high,0.0,-1.0998,25-34 years old,Female,"No, I am not colourblind",418,90,False,27,yes,yes,yes,yes,,high_sem_low_perc,Q3,high,low,76,16,8,2.204,6.579,-1.5354,2.4667,0.3794,-0.0599,-1.1924,0.9287,0.1549,-0.6336,1.0,1.0,1.3333333333333333
R_8X88jtPqVNgQ8wN,SK-A-261,11,human,10,4.5,11.8439,7.0,yes,3.0,-3.0,1.0,1.5,1.5981683561646798,0.5981683561646798,2.59816835616468,high,1.4286,1.1481,0.1481,2.1481,high,0.0,-1.0998,25-34 years old,Female,"No, I am not colourblind",418,90,False,27,yes,yes,yes,yes,,low_sem_low_perc,Q4,low,low,9,8,7,4.292,16.828,-0.2562,-0.9292,-0.8623,-0.3834,0.9841,-0.725,0.1278,-0.6336,1.0,1.0,1.3333333333333333
R_8X88jtPqVNgQ8wN,SK-A-3023,12,ai,4,-1.5,-6.1561,4.0,yes,0.0,0.0,1.0,1.5,1.5981683561646798,0.5981683561646798,2.59816835616468,high,1.4286,1.1481,0.1481,2.1481,high,0.0,-1.0998,25-34 years old,Female,"No, I am not colourblind",418,90,False,27,yes,yes,yes,yes,,high_sem_low_perc,Q3,high,low,24,9,6,2.609,6.171,-1.2873,-0.169,-0.7071,-0.7068,-1.2791,-0.5276,-0.4284,-0.6336,1.0,1.0,1.3333333333333333
R_8X88jtPqVNgQ8wN,SK-C-95,13,none,7,1.5,-6.1561,5.0,yes,2.0,-2.0,1.0,1.5,1.5981683561646798,0.5981683561646798,2.59816835616468,high,1.4286,1.1481,0.1481,2.1481,high,0.0,-1.0998,25-34 years old,Female,"No, I am not colourblind",418,90,False,27,yes,yes,yes,yes,,low_sem_high_perc,Q2,low,high,12,10,6,5.078,11.141,0.2254,-0.7772,-0.5519,-0.7068,-0.2236,-0.6786,0.0208,-0.6336,1.0,1.0,1.3333333333333333
R_8X88jtPqVNgQ8wN,SK-A-2110,14,none,3,-2.5,-2.1561,7.0,yes,4.0,4.0,1.0,1.5,1.5981683561646798,0.5981683561646798,2.59816835616468,high,1.4286,1.1481,0.1481,2.1481,high,0.0,-1.0998,25-34 years old,Female,"No, I am not colourblind",418,90,False,27,yes,yes,yes,yes,,high_sem_low_perc,Q3,high,low,29,17,13,4.449,10.91,-0.16,0.0845,0.5346,1.5574,-0.2727,0.7255,0.9709,-0.6336,1.0,1.0,1.3333333333333333
R_8X88jtPqVNgQ8wN,SK-A-62,15,ai,7,1.5,-6.1561,2.0,yes,5.0,-5.0,1.0,1.5,1.5981683561646798,0.5981683561646798,2.59816835616468,high,1.4286,1.1481,0.1481,2.1481,high,0.0,-1.0998,25-34 years old,Female,"No, I am not colourblind",418,90,False,27,yes,yes,yes,yes,,low_sem_low_perc,Q4,low,low,6,4,4,4.61,10.563,-0.0614,-1.0813,-1.4832,-1.3537,-0.3464,-1.3061,-1.366,-0.6336,1.0,1.0,1.3333333333333333
R_8X88jtPqVNgQ8wN,SK-A-110,16,none,4,-1.5,-6.1561,3.0,yes,1.0,-1.0,1.0,1.5,1.5981683561646798,0.5981683561646798,2.59816835616468,high,1.4286,1.1481,0.1481,2.1481,high,0.0,-1.0998,25-34 years old,Female,"No, I am not colourblind",418,90,False,27,yes,yes,yes,yes,,low_sem_high_perc,Q2,low,high,9,7,5,5.104,15.147,0.2413,-0.9292,-1.0175,-1.0303,0.6271,-0.9923,0.0078,-0.6336,1.0,1.0,1.3333333333333333
R_8X88jtPqVNgQ8wN,SK-A-298,17,human,1,-4.5,11.8439,5.0,yes,4.0,4.0,1.0,1.5,1.5981683561646798,0.5981683561646798,2.59816835616468,high,1.4286,1.1481,0.1481,2.1481,high,0.0,-1.0998,25-34 years old,Female,"No, I am not colourblind",418,90,False,27,yes,yes,yes,yes,,high_sem_low_perc,Q3,high,low,22,19,12,3.588,8.258,-0.6875,-0.2703,0.8451,1.2339,-0.8359,0.6029,0.4922,-0.6336,1.0,1.0,1.3333333333333333
R_8X88jtPqVNgQ8wN,SK-A-1403,18,none,8,2.5,-2.1561,6.0,yes,2.0,-2.0,1.0,1.5,1.5981683561646798,0.5981683561646798,2.59816835616468,high,1.4286,1.1481,0.1481,2.1481,high,0.0,-1.0998,25-34 years old,Female,"No, I am not colourblind",418,90,False,27,yes,yes,yes,yes,,high_sem_high_perc,Q1,high,high,69,22,13,5.281,17.539,0.3497,2.1119,1.3107,1.5574,1.1351,1.66,0.7811,-0.6336,1.0,1.0,1.3333333333333333
R_8X88jtPqVNgQ8wN,SK-A-4717,19,human,6,0.5,-8.1561,5.0,yes,1.0,-1.0,1.0,1.5,1.5981683561646798,0.5981683561646798,2.59816835616468,high,1.4286,1.1481,0.1481,2.1481,high,0.0,-1.0998,25-34 years old,Female,"No, I am not colourblind",418,90,False,27,yes,yes,yes,yes,,low_sem_high_perc,Q2,low,high,12,10,9,6.171,17.158,0.895,-0.7772,-0.5519,0.2636,1.0542,-0.3552,-0.0167,-0.6336,1.0,1.0,1.3333333333333333
R_8X88jtPqVNgQ8wN,SK-A-2320 A,20,none,5,-0.5,-8.1561,5.0,yes,0.0,0.0,1.0,1.5,1.5981683561646798,0.5981683561646798,2.59816835616468,high,1.4286,1.1481,0.1481,2.1481,high,0.0,-1.0998,25-34 years old,Female,"No, I am not colourblind",418,90,False,27,yes,yes,yes,yes,,high_sem_low_perc,Q3,high,low,47,24,14,4.652,11.926,-0.0356,0.9968,1.6212,1.8808,-0.0569,1.4996,0.4324,-0.6336,1.0,1.0,1.3333333333333333
R_8X88jtPqVNgQ8wN,SK-C-1215,21,human,9,3.5,3.8439,7.0,yes,2.0,-2.0,1.0,1.5,1.5981683561646798,0.5981683561646798,2.59816835616468,high,1.4286,1.1481,0.1481,2.1481,high,0.0,-1.0998,25-34 years old,Female,"No, I am not colourblind",418,90,False,27,yes,yes,yes,yes,,high_sem_high_perc,Q1,high,high,24,14,8,5.533,8.134,0.5041,-0.169,0.069,-0.0599,-0.8622,-0.0533,-0.0772,-0.6336,1.0,1.0,1.3333333333333333
R_8X88jtPqVNgQ8wN,SK-A-388,22,none,10,4.5,11.8439,4.0,yes,6.0,-6.0,1.0,1.5,1.5981683561646798,0.5981683561646798,2.59816835616468,high,1.4286,1.1481,0.1481,2.1481,high,0.0,-1.0998,25-34 years old,Female,"No, I am not colourblind",418,90,False,27,yes,yes,yes,yes,,high_sem_low_perc,Q3,high,low,52,24,12,4.026,10.43,-0.4191,1.2502,1.6212,1.2339,-0.3746,1.3684,0.1145,-0.6336,1.0,1.0,1.3333333333333333
R_8X88jtPqVNgQ8wN,SK-A-1906,23,ai,10,4.5,11.8439,5.0,yes,5.0,-5.0,1.0,1.5,1.5981683561646798,0.5981683561646798,2.59816835616468,high,1.4286,1.1481,0.1481,2.1481,high,0.0,-1.0998,25-34 years old,Female,"No, I am not colourblind",418,90,False,27,yes,yes,yes,yes,,high_sem_low_perc,Q3,high,low,43,16,11,4.708,19.343,-0.0013,0.7941,0.3794,0.9105,1.5182,0.6947,0.4853,-0.6336,1.0,1.0,1.3333333333333333
R_8X88jtPqVNgQ8wN,SK-A-1756,24,ai,9,3.5,3.8439,2.0,yes,7.0,-7.0,1.0,1.5,1.5981683561646798,0.5981683561646798,2.59816835616468,high,1.4286,1.1481,0.1481,2.1481,high,0.0,-1.0998,25-34 years old,Female,"No, I am not colourblind",418,90,False,27,yes,yes,yes,yes,,high_sem_high_perc,Q1,high,high,20,12,9,5.001,12.19,0.1782,-0.3717,-0.2415,0.2636,-0.0008,-0.1165,-1.106,-0.6336,1.0,1.0,1.3333333333333333
R_8X88jtPqVNgQ8wN,SK-C-243,25,human,3,-2.5,-2.1561,3.0,yes,0.0,0.0,1.0,1.5,1.5981683561646798,0.5981683561646798,2.59816835616468,high,1.4286,1.1481,0.1481,2.1481,high,0.0,-1.0998,25-34 years old,Female,"No, I am not colourblind",418,90,False,27,yes,yes,yes,yes,,low_sem_low_perc,Q4,low,low,14,12,6,4.052,8.426,-0.4032,-0.6758,-0.2415,-0.7068,-0.8002,-0.5414,0.1632,-0.6336,1.0,1.0,1.3333333333333333
R_8X88jtPqVNgQ8wN,SK-A-3297,26,ai,8,2.5,-2.1561,3.0,yes,5.0,-5.0,1.0,1.5,1.5981683561646798,0.5981683561646798,2.59816835616468,high,1.4286,1.1481,0.1481,2.1481,high,0.0,-1.0998,25-34 years old,Female,"No, I am not colourblind",418,90,False,27,yes,yes,yes,yes,,low_sem_low_perc,Q4,low,low,17,10,7,4.118,13.599,-0.3628,-0.5237,-0.5519,-0.3834,0.2984,-0.4863,-0.4879,-0.6336,1.0,1.0,1.3333333333333333
R_8X88jtPqVNgQ8wN,SK-A-1940,27,human,8,2.5,-2.1561,4.0,yes,4.0,-4.0,1.0,1.5,1.5981683561646798,0.5981683561646798,2.59816835616468,high,1.4286,1.1481,0.1481,2.1481,high,0.0,-1.0998,25-34 years old,Female,"No, I am not colourblind",418,90,False,27,yes,yes,yes,yes,,high_sem_high_perc,Q1,high,high,39,23,10,7.148,15.116,1.4935,0.5913,1.466,0.587,0.6205,0.8814,-0.3461,-0.6336,1.0,1.0,1.3333333333333333
R_3fMGZyDmRXtuxz6,SK-A-4717,1,human,8,2.5,-2.1561,6.0,yes,2.0,-2.0,1.0,1.0,0.6053668015775303,-0.3946331984224697,1.6053668015775302,high,1.4286,1.1481,0.1481,2.1481,high,0.125,-0.8438,45-54 years old,Female,"No, I am not colourblind",217,90,False,27,yes,yes,yes,yes,,low_sem_high_perc,Q2,low,high,12,10,9,6.171,17.158,0.895,-0.7772,-0.5519,0.2636,1.0542,-0.3552,-0.0167,-0.3003,0.0,2.0,1.6666666666666667
R_3fMGZyDmRXtuxz6,SK-A-2110,2,ai,8,2.5,-2.1561,9.0,yes,1.0,1.0,1.0,1.0,0.6053668015775303,-0.3946331984224697,1.6053668015775302,high,1.4286,1.1481,0.1481,2.1481,high,0.125,-0.8438,45-54 years old,Female,"No, I am not colourblind",217,90,False,27,yes,yes,yes,yes,,high_sem_low_perc,Q3,high,low,29,17,13,4.449,10.91,-0.16,0.0845,0.5346,1.5574,-0.2727,0.7255,0.9709,-0.3003,0.0,2.0,1.6666666666666667
R_3fMGZyDmRXtuxz6,SK-A-864,3,none,4,-1.5,-6.1561,5.0,yes,1.0,1.0,1.0,1.0,0.6053668015775303,-0.3946331984224697,1.6053668015775302,high,1.4286,1.1481,0.1481,2.1481,high,0.125,-0.8438,45-54 years old,Female,"No, I am not colourblind",217,90,False,27,yes,yes,yes,yes,,high_sem_high_perc,Q1,high,high,66,28,11,8.181,13.079,2.1264,1.9598,2.242,0.9105,0.188,1.7041,1.4922,-0.3003,0.0,2.0,1.6666666666666667
R_3fMGZyDmRXtuxz6,SK-C-243,4,ai,5,-0.5,-8.1561,5.0,yes,0.0,0.0,1.0,1.0,0.6053668015775303,-0.3946331984224697,1.6053668015775302,high,1.4286,1.1481,0.1481,2.1481,high,0.125,-0.8438,45-54 years old,Female,"No, I am not colourblind",217,90,False,27,yes,yes,yes,yes,,low_sem_low_perc,Q4,low,low,14,12,6,4.052,8.426,-0.4032,-0.6758,-0.2415,-0.7068,-0.8002,-0.5414,0.1632,-0.3003,0.0,2.0,1.6666666666666667
R_3fMGZyDmRXtuxz6,SK-A-232,5,human,9,3.5,3.8439,7.0,yes,2.0,-2.0,1.0,1.0,0.6053668015775303,-0.3946331984224697,1.6053668015775302,high,1.4286,1.1481,0.1481,2.1481,high,0.125,-0.8438,45-54 years old,Female,"No, I am not colourblind",217,90,False,27,yes,yes,yes,yes,,high_sem_low_perc,Q3,high,low,76,16,8,2.204,6.579,-1.5354,2.4667,0.3794,-0.0599,-1.1924,0.9287,0.1549,-0.3003,0.0,2.0,1.6666666666666667
R_3fMGZyDmRXtuxz6,SK-A-1574,6,ai,5,-0.5,-8.1561,4.0,yes,1.0,-1.0,1.0,1.0,0.6053668015775303,-0.3946331984224697,1.6053668015775302,high,1.4286,1.1481,0.1481,2.1481,high,0.125,-0.8438,45-54 years old,Female,"No, I am not colourblind",217,90,False,27,yes,yes,yes,yes,,high_sem_high_perc,Q1,high,high,41,19,10,6.451,10.977,1.0665,0.6927,0.8451,0.587,-0.2584,0.7083,-1.9879,-0.3003,0.0,2.0,1.6666666666666667
R_3fMGZyDmRXtuxz6,SK-A-1940,7,none,6,0.5,-8.1561,3.0,yes,3.0,-3.0,1.0,1.0,0.6053668015775303,-0.3946331984224697,1.6053668015775302,high,1.4286,1.1481,0.1481,2.1481,high,0.125,-0.8438,45-54 years old,Female,"No, I am not colourblind",217,90,False,27,yes,yes,yes,yes,,high_sem_high_perc,Q1,high,high,39,23,10,7.148,15.116,1.4935,0.5913,1.466,0.587,0.6205,0.8814,-0.3461,-0.3003,0.0,2.0,1.6666666666666667
R_3fMGZyDmRXtuxz6,SK-A-1713,8,none,2,-3.5,3.8439,7.0,yes,5.0,5.0,1.0,1.0,0.6053668015775303,-0.3946331984224697,1.6053668015775302,high,1.4286,1.1481,0.1481,2.1481,high,0.125,-0.8438,45-54 years old,Female,"No, I am not colourblind",217,90,False,27,yes,yes,yes,yes,,low_sem_low_perc,Q4,low,low,15,13,10,2.989,8.961,-1.0545,-0.6251,-0.0862,0.587,-0.6866,-0.0414,-0.1003,-0.3003,0.0,2.0,1.6666666666666667
R_3fMGZyDmRXtuxz6,SK-A-3297,9,ai,3,-2.5,-2.1561,7.0,yes,4.0,4.0,1.0,1.0,0.6053668015775303,-0.3946331984224697,1.6053668015775302,high,1.4286,1.1481,0.1481,2.1481,high,0.125,-0.8438,45-54 years old,Female,"No, I am not colourblind",217,90,False,27,yes,yes,yes,yes,,low_sem_low_perc,Q4,low,low,17,10,7,4.118,13.599,-0.3628,-0.5237,-0.5519,-0.3834,0.2984,-0.4863,-0.4879,-0.3003,0.0,2.0,1.6666666666666667
R_3fMGZyDmRXtuxz6,SK-A-1403,10,human,2,-3.5,3.8439,8.0,yes,6.0,6.0,1.0,1.0,0.6053668015775303,-0.3946331984224697,1.6053668015775302,high,1.4286,1.1481,0.1481,2.1481,high,0.125,-0.8438,45-54 years old,Female,"No, I am not colourblind",217,90,False,27,yes,yes,yes,yes,,high_sem_high_perc,Q1,high,high,69,22,13,5.281,17.539,0.3497,2.1119,1.3107,1.5574,1.1351,1.66,0.7811,-0.3003,0.0,2.0,1.6666666666666667
R_3fMGZyDmRXtuxz6,SK-A-1684,11,human,10,4.5,11.8439,10.0,yes,0.0,0.0,1.0,1.0,0.6053668015775303,-0.3946331984224697,1.6053668015775302,high,1.4286,1.1481,0.1481,2.1481,high,0.125,-0.8438,45-54 years old,Female,"No, I am not colourblind",217,90,False,27,yes,yes,yes,yes,,low_sem_low_perc,Q4,low,low,7,6,5,1.478,7.119,-1.9802,-1.0306,-1.1728,-1.0303,-1.0777,-1.0779,1.5061,-0.3003,0.0,2.0,1.6666666666666667
R_3fMGZyDmRXtuxz6,SK-C-95,12,ai,5,-0.5,-8.1561,8.0,yes,3.0,3.0,1.0,1.0,0.6053668015775303,-0.3946331984224697,1.6053668015775302,high,1.4286,1.1481,0.1481,2.1481,high,0.125,-0.8438,45-54 years old,Female,"No, I am not colourblind",217,90,False,27,yes,yes,yes,yes,,low_sem_high_perc,Q2,low,high,12,10,6,5.078,11.141,0.2254,-0.7772,-0.5519,-0.7068,-0.2236,-0.6786,0.0208,-0.3003,0.0,2.0,1.6666666666666667
R_3fMGZyDmRXtuxz6,SK-A-1756,13,human,7,1.5,-6.1561,3.0,yes,4.0,-4.0,1.0,1.0,0.6053668015775303,-0.3946331984224697,1.6053668015775302,high,1.4286,1.1481,0.1481,2.1481,high,0.125,-0.8438,45-54 years old,Female,"No, I am not colourblind",217,90,False,27,yes,yes,yes,yes,,high_sem_high_perc,Q1,high,high,20,12,9,5.001,12.19,0.1782,-0.3717,-0.2415,0.2636,-0.0008,-0.1165,-1.106,-0.3003,0.0,2.0,1.6666666666666667
R_3fMGZyDmRXtuxz6,SK-A-261,14,human,7,1.5,-6.1561,4.0,yes,3.0,-3.0,1.0,1.0,0.6053668015775303,-0.3946331984224697,1.6053668015775302,high,1.4286,1.1481,0.1481,2.1481,high,0.125,-0.8438,45-54 years old,Female,"No, I am not colourblind",217,90,False,27,yes,yes,yes,yes,,low_sem_low_perc,Q4,low,low,9,8,7,4.292,16.828,-0.2562,-0.9292,-0.8623,-0.3834,0.9841,-0.725,0.1278,-0.3003,0.0,2.0,1.6666666666666667
R_3fMGZyDmRXtuxz6,SK-A-110,15,none,9,3.5,3.8439,4.0,yes,5.0,-5.0,1.0,1.0,0.6053668015775303,-0.3946331984224697,1.6053668015775302,high,1.4286,1.1481,0.1481,2.1481,high,0.125,-0.8438,45-54 years old,Female,"No, I am not colourblind",217,90,False,27,yes,yes,yes,yes,,low_sem_high_perc,Q2,low,high,9,7,5,5.104,15.147,0.2413,-0.9292,-1.0175,-1.0303,0.6271,-0.9923,0.0078,-0.3003,0.0,2.0,1.6666666666666667
R_3fMGZyDmRXtuxz6,SK-A-2320 A,16,human,5,-0.5,-8.1561,7.0,yes,2.0,2.0,1.0,1.0,0.6053668015775303,-0.3946331984224697,1.6053668015775302,high,1.4286,1.1481,0.1481,2.1481,high,0.125,-0.8438,45-54 years old,Female,"No, I am not colourblind",217,90,False,27,yes,yes,yes,yes,,high_sem_low_perc,Q3,high,low,47,24,14,4.652,11.926,-0.0356,0.9968,1.6212,1.8808,-0.0569,1.4996,0.4324,-0.3003,0.0,2.0,1.6666666666666667
R_3fMGZyDmRXtuxz6,SK-A-4469,17,none,5,-0.5,-8.1561,4.0,yes,1.0,-1.0,1.0,1.0,0.6053668015775303,-0.3946331984224697,1.6053668015775302,high,1.4286,1.1481,0.1481,2.1481,high,0.125,-0.8438,45-54 years old,Female,"No, I am not colourblind",217,90,False,27,yes,yes,yes,yes,,high_sem_high_perc,Q1,high,high,31,11,6,6.128,21.628,0.8686,0.1858,-0.3967,-0.7068,2.0035,-0.3059,-0.9165,-0.3003,0.0,2.0,1.6666666666666667
R_3fMGZyDmRXtuxz6,SK-A-388,18,none,5,-0.5,-8.1561,3.0,yes,2.0,-2.0,1.0,1.0,0.6053668015775303,-0.3946331984224697,1.6053668015775302,high,1.4286,1.1481,0.1481,2.1481,high,0.125,-0.8438,45-54 years old,Female,"No, I am not colourblind",217,90,False,27,yes,yes,yes,yes,,high_sem_low_perc,Q3,high,low,52,24,12,4.026,10.43,-0.4191,1.2502,1.6212,1.2339,-0.3746,1.3684,0.1145,-0.3003,0.0,2.0,1.6666666666666667
R_3fMGZyDmRXtuxz6,SK-A-1906,19,ai,10,4.5,11.8439,7.0,yes,3.0,-3.0,1.0,1.0,0.6053668015775303,-0.3946331984224697,1.6053668015775302,high,1.4286,1.1481,0.1481,2.1481,high,0.125,-0.8438,45-54 years old,Female,"No, I am not colourblind",217,90,False,27,yes,yes,yes,yes,,high_sem_low_perc,Q3,high,low,43,16,11,4.708,19.343,-0.0013,0.7941,0.3794,0.9105,1.5182,0.6947,0.4853,-0.3003,0.0,2.0,1.6666666666666667
R_3fMGZyDmRXtuxz6,SK-A-62,20,human,1,-4.5,11.8439,4.0,yes,3.0,3.0,1.0,1.0,0.6053668015775303,-0.3946331984224697,1.6053668015775302,high,1.4286,1.1481,0.1481,2.1481,high,0.125,-0.8438,45-54 years old,Female,"No, I am not colourblind",217,90,False,27,yes,yes,yes,yes,,low_sem_low_perc,Q4,low,low,6,4,4,4.61,10.563,-0.0614,-1.0813,-1.4832,-1.3537,-0.3464,-1.3061,-1.366,-0.3003,0.0,2.0,1.6666666666666667
R_3fMGZyDmRXtuxz6,SK-C-153,21,none,7,1.5,-6.1561,5.0,yes,2.0,-2.0,1.0,1.0,0.6053668015775303,-0.3946331984224697,1.6053668015775302,high,1.4286,1.1481,0.1481,2.1481,high,0.125,-0.8438,45-54 years old,Female,"No, I am not colourblind",217,90,False,27,yes,yes,yes,yes,,low_sem_high_perc,Q2,low,high,14,12,8,6.72,23.164,1.2313,-0.6758,-0.2415,-0.0599,2.3297,-0.3257,0.2978,-0.3003,0.0,2.0,1.6666666666666667
R_3fMGZyDmRXtuxz6,SK-A-298,22,ai,8,2.5,-2.1561,6.0,yes,2.0,-2.0,1.0,1.0,0.6053668015775303,-0.3946331984224697,1.6053668015775302,high,1.4286,1.1481,0.1481,2.1481,high,0.125,-0.8438,45-54 years old,Female,"No, I am not colourblind",217,90,False,27,yes,yes,yes,yes,,high_sem_low_perc,Q3,high,low,22,19,12,3.588,8.258,-0.6875,-0.2703,0.8451,1.2339,-0.8359,0.6029,0.4922,-0.3003,0.0,2.0,1.6666666666666667
R_3fMGZyDmRXtuxz6,SK-A-1298,23,ai,8,2.5,-2.1561,4.0,yes,4.0,-4.0,1.0,1.0,0.6053668015775303,-0.3946331984224697,1.6053668015775302,high,1.4286,1.1481,0.1481,2.1481,high,0.125,-0.8438,45-54 years old,Female,"No, I am not colourblind",217,90,False,27,yes,yes,yes,yes,,low_sem_high_perc,Q2,low,high,13,4,3,6.345,12.638,1.0016,-0.7265,-1.4832,-1.6772,0.0943,-1.2956,-1.1122,-0.3003,0.0,2.0,1.6666666666666667
R_3fMGZyDmRXtuxz6,SK-A-3023,24,human,7,1.5,-6.1561,6.0,yes,1.0,-1.0,1.0,1.0,0.6053668015775303,-0.3946331984224697,1.6053668015775302,high,1.4286,1.1481,0.1481,2.1481,high,0.125,-0.8438,45-54 years old,Female,"No, I am not colourblind",217,90,False,27,yes,yes,yes,yes,,high_sem_low_perc,Q3,high,low,24,9,6,2.609,6.171,-1.2873,-0.169,-0.7071,-0.7068,-1.2791,-0.5276,-0.4284,-0.3003,0.0,2.0,1.6666666666666667
R_3fMGZyDmRXtuxz6,SK-A-2320 B,25,none,8,2.5,-2.1561,7.0,yes,1.0,-1.0,1.0,1.0,0.6053668015775303,-0.3946331984224697,1.6053668015775302,high,1.4286,1.1481,0.1481,2.1481,high,0.125,-0.8438,45-54 years old,Female,"No, I am not colourblind",217,90,False,27,yes,yes,yes,yes,,low_sem_high_perc,Q2,low,high,11,7,4,4.974,8.222,0.1616,-0.8279,-1.0175,-1.3537,-0.8435,-1.0664,0.3704,-0.3003,0.0,2.0,1.6666666666666667
R_3fMGZyDmRXtuxz6,SK-A-87,26,ai,7,1.5,-6.1561,5.0,yes,2.0,-2.0,1.0,1.0,0.6053668015775303,-0.3946331984224697,1.6053668015775302,high,1.4286,1.1481,0.1481,2.1481,high,0.125,-0.8438,45-54 years old,Female,"No, I am not colourblind",217,90,False,27,yes,yes,yes,yes,,low_sem_low_perc,Q4,low,low,16,9,4,1.284,3.991,-2.099,-0.5744,-0.7071,-1.3537,-1.742,-0.8784,0.5278,-0.3003,0.0,2.0,1.6666666666666667
R_3fMGZyDmRXtuxz6,SK-C-1215,27,none,7,1.5,-6.1561,4.0,yes,3.0,-3.0,1.0,1.0,0.6053668015775303,-0.3946331984224697,1.6053668015775302,high,1.4286,1.1481,0.1481,2.1481,high,0.125,-0.8438,45-54 years old,Female,"No, I am not colourblind",217,90,False,27,yes,yes,yes,yes,,high_sem_high_perc,Q1,high,high,24,14,8,5.533,8.134,0.5041,-0.169,0.069,-0.0599,-0.8622,-0.0533,-0.0772,-0.3003,0.0,2.0,1.6666666666666667
R_4Dj3Ffj4k2hGKT0,SK-C-1215,1,none,9,3.5,3.8439,7.0,yes,2.0,-2.0,1.0,0.6666666666666666,-0.0565009014805694,-1.0565009014805695,0.9434990985194304,low,1.1429,0.5579,-0.4421,1.5579,high,0.625,0.1801,18-24 years old,Female,"No, I am not colourblind",303,90,False,27,yes,yes,yes,yes,,high_sem_high_perc,Q1,high,high,24,14,8,5.533,8.134,0.5041,-0.169,0.069,-0.0599,-0.8622,-0.0533,-0.0772,0.4775,0.0,0.5,0.6666666666666666
R_4Dj3Ffj4k2hGKT0,SK-A-1713,2,human,4,-1.5,-6.1561,6.0,yes,2.0,2.0,1.0,0.6666666666666666,-0.0565009014805694,-1.0565009014805695,0.9434990985194304,low,1.1429,0.5579,-0.4421,1.5579,high,0.625,0.1801,18-24 years old,Female,"No, I am not colourblind",303,90,False,27,yes,yes,yes,yes,,low_sem_low_perc,Q4,low,low,15,13,10,2.989,8.961,-1.0545,-0.6251,-0.0862,0.587,-0.6866,-0.0414,-0.1003,0.4775,0.0,0.5,0.6666666666666666
R_4Dj3Ffj4k2hGKT0,SK-A-1684,3,human,10,4.5,11.8439,8.0,yes,2.0,-2.0,1.0,0.6666666666666666,-0.0565009014805694,-1.0565009014805695,0.9434990985194304,low,1.1429,0.5579,-0.4421,1.5579,high,0.625,0.1801,18-24 years old,Female,"No, I am not colourblind",303,90,False,27,yes,yes,yes,yes,,low_sem_low_perc,Q4,low,low,7,6,5,1.478,7.119,-1.9802,-1.0306,-1.1728,-1.0303,-1.0777,-1.0779,1.5061,0.4775,0.0,0.5,0.6666666666666666
R_4Dj3Ffj4k2hGKT0,SK-A-232,4,human,2,-3.5,3.8439,8.0,yes,6.0,6.0,1.0,0.6666666666666666,-0.0565009014805694,-1.0565009014805695,0.9434990985194304,low,1.1429,0.5579,-0.4421,1.5579,high,0.625,0.1801,18-24 years old,Female,"No, I am not colourblind",303,90,False,27,yes,yes,yes,yes,,high_sem_low_perc,Q3,high,low,76,16,8,2.204,6.579,-1.5354,2.4667,0.3794,-0.0599,-1.1924,0.9287,0.1549,0.4775,0.0,0.5,0.6666666666666666
R_4Dj3Ffj4k2hGKT0,SK-A-4717,5,ai,8,2.5,-2.1561,9.0,yes,1.0,1.0,1.0,0.6666666666666666,-0.0565009014805694,-1.0565009014805695,0.9434990985194304,low,1.1429,0.5579,-0.4421,1.5579,high,0.625,0.1801,18-24 years old,Female,"No, I am not colourblind",303,90,False,27,yes,yes,yes,yes,,low_sem_high_perc,Q2,low,high,12,10,9,6.171,17.158,0.895,-0.7772,-0.5519,0.2636,1.0542,-0.3552,-0.0167,0.4775,0.0,0.5,0.6666666666666666
R_4Dj3Ffj4k2hGKT0,SK-A-1940,6,ai,7,1.5,-6.1561,5.0,yes,2.0,-2.0,1.0,0.6666666666666666,-0.0565009014805694,-1.0565009014805695,0.9434990985194304,low,1.1429,0.5579,-0.4421,1.5579,high,0.625,0.1801,18-24 years old,Female,"No, I am not colourblind",303,90,False,27,yes,yes,yes,yes,,high_sem_high_perc,Q1,high,high,39,23,10,7.148,15.116,1.4935,0.5913,1.466,0.587,0.6205,0.8814,-0.3461,0.4775,0.0,0.5,0.6666666666666666
R_4Dj3Ffj4k2hGKT0,SK-A-388,7,none,10,4.5,11.8439,8.0,yes,2.0,-2.0,1.0,0.6666666666666666,-0.0565009014805694,-1.0565009014805695,0.9434990985194304,low,1.1429,0.5579,-0.4421,1.5579,high,0.625,0.1801,18-24 years old,Female,"No, I am not colourblind",303,90,False,27,yes,yes,yes,yes,,high_sem_low_perc,Q3,high,low,52,24,12,4.026,10.43,-0.4191,1.2502,1.6212,1.2339,-0.3746,1.3684,0.1145,0.4775,0.0,0.5,0.6666666666666666
R_4Dj3Ffj4k2hGKT0,SK-A-3297,8,ai,4,-1.5,-6.1561,2.0,yes,2.0,-2.0,1.0,0.6666666666666666,-0.0565009014805694,-1.0565009014805695,0.9434990985194304,low,1.1429,0.5579,-0.4421,1.5579,high,0.625,0.1801,18-24 years old,Female,"No, I am not colourblind",303,90,False,27,yes,yes,yes,yes,,low_sem_low_perc,Q4,low,low,17,10,7,4.118,13.599,-0.3628,-0.5237,-0.5519,-0.3834,0.2984,-0.4863,-0.4879,0.4775,0.0,0.5,0.6666666666666666
R_4Dj3Ffj4k2hGKT0,SK-A-62,9,human,2,-3.5,3.8439,2.0,yes,0.0,0.0,1.0,0.6666666666666666,-0.0565009014805694,-1.0565009014805695,0.9434990985194304,low,1.1429,0.5579,-0.4421,1.5579,high,0.625,0.1801,18-24 years old,Female,"No, I am not colourblind",303,90,False,27,yes,yes,yes,yes,,low_sem_low_perc,Q4,low,low,6,4,4,4.61,10.563,-0.0614,-1.0813,-1.4832,-1.3537,-0.3464,-1.3061,-1.366,0.4775,0.0,0.5,0.6666666666666666
R_4Dj3Ffj4k2hGKT0,SK-C-243,10,none,4,-1.5,-6.1561,5.0,yes,1.0,1.0,1.0,0.6666666666666666,-0.0565009014805694,-1.0565009014805695,0.9434990985194304,low,1.1429,0.5579,-0.4421,1.5579,high,0.625,0.1801,18-24 years old,Female,"No, I am not colourblind",303,90,False,27,yes,yes,yes,yes,,low_sem_low_perc,Q4,low,low,14,12,6,4.052,8.426,-0.4032,-0.6758,-0.2415,-0.7068,-0.8002,-0.5414,0.1632,0.4775,0.0,0.5,0.6666666666666666
R_4Dj3Ffj4k2hGKT0,SK-A-1574,11,none,8,2.5,-2.1561,1.0,yes,7.0,-7.0,1.0,0.6666666666666666,-0.0565009014805694,-1.0565009014805695,0.9434990985194304,low,1.1429,0.5579,-0.4421,1.5579,high,0.625,0.1801,18-24 years old,Female,"No, I am not colourblind",303,90,False,27,yes,yes,yes,yes,,high_sem_high_perc,Q1,high,high,41,19,10,6.451,10.977,1.0665,0.6927,0.8451,0.587,-0.2584,0.7083,-1.9879,0.4775,0.0,0.5,0.6666666666666666
R_4Dj3Ffj4k2hGKT0,SK-A-864,12,human,6,0.5,-8.1561,8.0,yes,2.0,2.0,1.0,0.6666666666666666,-0.0565009014805694,-1.0565009014805695,0.9434990985194304,low,1.1429,0.5579,-0.4421,1.5579,high,0.625,0.1801,18-24 years old,Female,"No, I am not colourblind",303,90,False,27,yes,yes,yes,yes,,high_sem_high_perc,Q1,high,high,66,28,11,8.181,13.079,2.1264,1.9598,2.242,0.9105,0.188,1.7041,1.4922,0.4775,0.0,0.5,0.6666666666666666
R_4Dj3Ffj4k2hGKT0,SK-A-110,13,ai,10,4.5,11.8439,8.0,yes,2.0,-2.0,1.0,0.6666666666666666,-0.0565009014805694,-1.0565009014805695,0.9434990985194304,low,1.1429,0.5579,-0.4421,1.5579,high,0.625,0.1801,18-24 years old,Female,"No, I am not colourblind",303,90,False,27,yes,yes,yes,yes,,low_sem_high_perc,Q2,low,high,9,7,5,5.104,15.147,0.2413,-0.9292,-1.0175,-1.0303,0.6271,-0.9923,0.0078,0.4775,0.0,0.5,0.6666666666666666
R_4Dj3Ffj4k2hGKT0,SK-A-298,14,human,2,-3.5,3.8439,9.0,yes,7.0,7.0,1.0,0.6666666666666666,-0.0565009014805694,-1.0565009014805695,0.9434990985194304,low,1.1429,0.5579,-0.4421,1.5579,high,0.625,0.1801,18-24 years old,Female,"No, I am not colourblind",303,90,False,27,yes,yes,yes,yes,,high_sem_low_perc,Q3,high,low,22,19,12,3.588,8.258,-0.6875,-0.2703,0.8451,1.2339,-0.8359,0.6029,0.4922,0.4775,0.0,0.5,0.6666666666666666
R_4Dj3Ffj4k2hGKT0,SK-A-1756,15,none,2,-3.5,3.8439,2.0,yes,0.0,0.0,1.0,0.6666666666666666,-0.0565009014805694,-1.0565009014805695,0.9434990985194304,low,1.1429,0.5579,-0.4421,1.5579,high,0.625,0.1801,18-24 years old,Female,"No, I am not colourblind",303,90,False,27,yes,yes,yes,yes,,high_sem_high_perc,Q1,high,high,20,12,9,5.001,12.19,0.1782,-0.3717,-0.2415,0.2636,-0.0008,-0.1165,-1.106,0.4775,0.0,0.5,0.6666666666666666
R_4Dj3Ffj4k2hGKT0,SK-A-2110,16,ai,9,3.5,3.8439,10.0,yes,1.0,1.0,1.0,0.6666666666666666,-0.0565009014805694,-1.0565009014805695,0.9434990985194304,low,1.1429,0.5579,-0.4421,1.5579,high,0.625,0.1801,18-24 years old,Female,"No, I am not colourblind",303,90,False,27,yes,yes,yes,yes,,high_sem_low_perc,Q3,high,low,29,17,13,4.449,10.91,-0.16,0.0845,0.5346,1.5574,-0.2727,0.7255,0.9709,0.4775,0.0,0.5,0.6666666666666666
R_4Dj3Ffj4k2hGKT0,SK-A-2320 A,17,none,4,-1.5,-6.1561,8.0,yes,4.0,4.0,1.0,0.6666666666666666,-0.0565009014805694,-1.0565009014805695,0.9434990985194304,low,1.1429,0.5579,-0.4421,1.5579,high,0.625,0.1801,18-24 years old,Female,"No, I am not colourblind",303,90,False,27,yes,yes,yes,yes,,high_sem_low_perc,Q3,high,low,47,24,14,4.652,11.926,-0.0356,0.9968,1.6212,1.8808,-0.0569,1.4996,0.4324,0.4775,0.0,0.5,0.6666666666666666
R_4Dj3Ffj4k2hGKT0,SK-A-1906,18,ai,4,-1.5,-6.1561,3.0,yes,1.0,-1.0,1.0,0.6666666666666666,-0.0565009014805694,-1.0565009014805695,0.9434990985194304,low,1.1429,0.5579,-0.4421,1.5579,high,0.625,0.1801,18-24 years old,Female,"No, I am not colourblind",303,90,False,27,yes,yes,yes,yes,,high_sem_low_perc,Q3,high,low,43,16,11,4.708,19.343,-0.0013,0.7941,0.3794,0.9105,1.5182,0.6947,0.4853,0.4775,0.0,0.5,0.6666666666666666
R_4Dj3Ffj4k2hGKT0,SK-C-153,19,ai,4,-1.5,-6.1561,9.0,yes,5.0,5.0,1.0,0.6666666666666666,-0.0565009014805694,-1.0565009014805695,0.9434990985194304,low,1.1429,0.5579,-0.4421,1.5579,high,0.625,0.1801,18-24 years old,Female,"No, I am not colourblind",303,90,False,27,yes,yes,yes,yes,,low_sem_high_perc,Q2,low,high,14,12,8,6.72,23.164,1.2313,-0.6758,-0.2415,-0.0599,2.3297,-0.3257,0.2978,0.4775,0.0,0.5,0.6666666666666666
R_4Dj3Ffj4k2hGKT0,SK-A-2320 B,20,human,3,-2.5,-2.1561,10.0,yes,7.0,7.0,1.0,0.6666666666666666,-0.0565009014805694,-1.0565009014805695,0.9434990985194304,low,1.1429,0.5579,-0.4421,1.5579,high,0.625,0.1801,18-24 years old,Female,"No, I am not colourblind",303,90,False,27,yes,yes,yes,yes,,low_sem_high_perc,Q2,low,high,11,7,4,4.974,8.222,0.1616,-0.8279,-1.0175,-1.3537,-0.8435,-1.0664,0.3704,0.4775,0.0,0.5,0.6666666666666666
R_4Dj3Ffj4k2hGKT0,SK-A-261,21,ai,2,-3.5,3.8439,10.0,yes,8.0,8.0,1.0,0.6666666666666666,-0.0565009014805694,-1.0565009014805695,0.9434990985194304,low,1.1429,0.5579,-0.4421,1.5579,high,0.625,0.1801,18-24 years old,Female,"No, I am not colourblind",303,90,False,27,yes,yes,yes,yes,,low_sem_low_perc,Q4,low,low,9,8,7,4.292,16.828,-0.2562,-0.9292,-0.8623,-0.3834,0.9841,-0.725,0.1278,0.4775,0.0,0.5,0.6666666666666666
R_4Dj3Ffj4k2hGKT0,SK-A-1298,22,none,8,2.5,-2.1561,3.0,yes,5.0,-5.0,1.0,0.6666666666666666,-0.0565009014805694,-1.0565009014805695,0.9434990985194304,low,1.1429,0.5579,-0.4421,1.5579,high,0.625,0.1801,18-24 years old,Female,"No, I am not colourblind",303,90,False,27,yes,yes,yes,yes,,low_sem_high_perc,Q2,low,high,13,4,3,6.345,12.638,1.0016,-0.7265,-1.4832,-1.6772,0.0943,-1.2956,-1.1122,0.4775,0.0,0.5,0.6666666666666666
R_4Dj3Ffj4k2hGKT0,SK-A-87,23,ai,2,-3.5,3.8439,9.0,yes,7.0,7.0,1.0,0.6666666666666666,-0.0565009014805694,-1.0565009014805695,0.9434990985194304,low,1.1429,0.5579,-0.4421,1.5579,high,0.625,0.1801,18-24 years old,Female,"No, I am not colourblind",303,90,False,27,yes,yes,yes,yes,,low_sem_low_perc,Q4,low,low,16,9,4,1.284,3.991,-2.099,-0.5744,-0.7071,-1.3537,-1.742,-0.8784,0.5278,0.4775,0.0,0.5,0.6666666666666666
R_4Dj3Ffj4k2hGKT0,SK-A-1403,24,human,8,2.5,-2.1561,5.0,yes,3.0,-3.0,1.0,0.6666666666666666,-0.0565009014805694,-1.0565009014805695,0.9434990985194304,low,1.1429,0.5579,-0.4421,1.5579,high,0.625,0.1801,18-24 years old,Female,"No, I am not colourblind",303,90,False,27,yes,yes,yes,yes,,high_sem_high_perc,Q1,high,high,69,22,13,5.281,17.539,0.3497,2.1119,1.3107,1.5574,1.1351,1.66,0.7811,0.4775,0.0,0.5,0.6666666666666666
R_4Dj3Ffj4k2hGKT0,SK-C-95,25,none,9,3.5,3.8439,9.0,yes,0.0,0.0,1.0,0.6666666666666666,-0.0565009014805694,-1.0565009014805695,0.9434990985194304,low,1.1429,0.5579,-0.4421,1.5579,high,0.625,0.1801,18-24 years old,Female,"No, I am not colourblind",303,90,False,27,yes,yes,yes,yes,,low_sem_high_perc,Q2,low,high,12,10,6,5.078,11.141,0.2254,-0.7772,-0.5519,-0.7068,-0.2236,-0.6786,0.0208,0.4775,0.0,0.5,0.6666666666666666
R_4Dj3Ffj4k2hGKT0,SK-A-4469,26,human,3,-2.5,-2.1561,1.0,yes,2.0,-2.0,1.0,0.6666666666666666,-0.0565009014805694,-1.0565009014805695,0.9434990985194304,low,1.1429,0.5579,-0.4421,1.5579,high,0.625,0.1801,18-24 years old,Female,"No, I am not colourblind",303,90,False,27,yes,yes,yes,yes,,high_sem_high_perc,Q1,high,high,31,11,6,6.128,21.628,0.8686,0.1858,-0.3967,-0.7068,2.0035,-0.3059,-0.9165,0.4775,0.0,0.5,0.6666666666666666
R_4Dj3Ffj4k2hGKT0,SK-A-3023,27,none,2,-3.5,3.8439,6.0,yes,4.0,4.0,1.0,0.6666666666666666,-0.0565009014805694,-1.0565009014805695,0.9434990985194304,low,1.1429,0.5579,-0.4421,1.5579,high,0.625,0.1801,18-24 years old,Female,"No, I am not colourblind",303,90,False,27,yes,yes,yes,yes,,high_sem_low_perc,Q3,high,low,24,9,6,2.609,6.171,-1.2873,-0.169,-0.7071,-0.7068,-1.2791,-0.5276,-0.4284,0.4775,0.0,0.5,0.6666666666666666
R_3J2BlZm35O4pNOC,SK-A-2110,1,human,7,1.5,-6.1561,,no,,,,,,,,,,,,,,,,18-24 years old,Female,"No, I am not colourblind",37,50,False,0,no,no,no,no,,high_sem_low_perc,Q3,high,low,29,17,13,4.449,10.91,-0.16,0.0845,0.5346,1.5574,-0.2727,0.7255,0.9709,,,,
R_10khHNSEM3puHPY,SK-A-1298,1,ai,9,3.5,3.8439,7.0,yes,2.0,-2.0,1.0,0.5,-0.3874347530096192,-1.3874347530096192,0.6125652469903808,low,0.5714,-0.6227,-1.6227,0.3773,low,0.25,-0.5878,25-34 years old,Female,"No, I am not colourblind",561,90,False,27,yes,yes,yes,yes,,low_sem_high_perc,Q2,low,high,13,4,3,6.345,12.638,1.0016,-0.7265,-1.4832,-1.6772,0.0943,-1.2956,-1.1122,1.3664,1.0,1.5,1.0
R_10khHNSEM3puHPY,SK-A-2320 A,2,none,8,2.5,-2.1561,6.0,yes,2.0,-2.0,1.0,0.5,-0.3874347530096192,-1.3874347530096192,0.6125652469903808,low,0.5714,-0.6227,-1.6227,0.3773,low,0.25,-0.5878,25-34 years old,Female,"No, I am not colourblind",561,90,False,27,yes,yes,yes,yes,,high_sem_low_perc,Q3,high,low,47,24,14,4.652,11.926,-0.0356,0.9968,1.6212,1.8808,-0.0569,1.4996,0.4324,1.3664,1.0,1.5,1.0
R_10khHNSEM3puHPY,SK-A-2110,3,ai,4,-1.5,-6.1561,5.0,yes,1.0,1.0,1.0,0.5,-0.3874347530096192,-1.3874347530096192,0.6125652469903808,low,0.5714,-0.6227,-1.6227,0.3773,low,0.25,-0.5878,25-34 years old,Female,"No, I am not colourblind",561,90,False,27,yes,yes,yes,yes,,high_sem_low_perc,Q3,high,low,29,17,13,4.449,10.91,-0.16,0.0845,0.5346,1.5574,-0.2727,0.7255,0.9709,1.3664,1.0,1.5,1.0
R_10khHNSEM3puHPY,SK-A-2320 B,4,human,8,2.5,-2.1561,6.0,yes,2.0,-2.0,1.0,0.5,-0.3874347530096192,-1.3874347530096192,0.6125652469903808,low,0.5714,-0.6227,-1.6227,0.3773,low,0.25,-0.5878,25-34 years old,Female,"No, I am not colourblind",561,90,False,27,yes,yes,yes,yes,,low_sem_high_perc,Q2,low,high,11,7,4,4.974,8.222,0.1616,-0.8279,-1.0175,-1.3537,-0.8435,-1.0664,0.3704,1.3664,1.0,1.5,1.0
R_10khHNSEM3puHPY,SK-A-87,5,none,2,-3.5,3.8439,5.0,yes,3.0,3.0,1.0,0.5,-0.3874347530096192,-1.3874347530096192,0.6125652469903808,low,0.5714,-0.6227,-1.6227,0.3773,low,0.25,-0.5878,25-34 years old,Female,"No, I am not colourblind",561,90,False,27,yes,yes,yes,yes,,low_sem_low_perc,Q4,low,low,16,9,4,1.284,3.991,-2.099,-0.5744,-0.7071,-1.3537,-1.742,-0.8784,0.5278,1.3664,1.0,1.5,1.0
R_10khHNSEM3puHPY,SK-A-388,6,human,8,2.5,-2.1561,5.0,yes,3.0,-3.0,1.0,0.5,-0.3874347530096192,-1.3874347530096192,0.6125652469903808,low,0.5714,-0.6227,-1.6227,0.3773,low,0.25,-0.5878,25-34 years old,Female,"No, I am not colourblind",561,90,False,27,yes,yes,yes,yes,,high_sem_low_perc,Q3,high,low,52,24,12,4.026,10.43,-0.4191,1.2502,1.6212,1.2339,-0.3746,1.3684,0.1145,1.3664,1.0,1.5,1.0
R_10khHNSEM3puHPY,SK-A-110,7,human,1,-4.5,11.8439,7.0,yes,6.0,6.0,1.0,0.5,-0.3874347530096192,-1.3874347530096192,0.6125652469903808,low,0.5714,-0.6227,-1.6227,0.3773,low,0.25,-0.5878,25-34 years old,Female,"No, I am not colourblind",561,90,False,27,yes,yes,yes,yes,,low_sem_high_perc,Q2,low,high,9,7,5,5.104,15.147,0.2413,-0.9292,-1.0175,-1.0303,0.6271,-0.9923,0.0078,1.3664,1.0,1.5,1.0
R_10khHNSEM3puHPY,SK-A-1756,8,human,2,-3.5,3.8439,4.0,yes,2.0,2.0,1.0,0.5,-0.3874347530096192,-1.3874347530096192,0.6125652469903808,low,0.5714,-0.6227,-1.6227,0.3773,low,0.25,-0.5878,25-34 years old,Female,"No, I am not colourblind",561,90,False,27,yes,yes,yes,yes,,high_sem_high_perc,Q1,high,high,20,12,9,5.001,12.19,0.1782,-0.3717,-0.2415,0.2636,-0.0008,-0.1165,-1.106,1.3664,1.0,1.5,1.0
R_10khHNSEM3puHPY,SK-A-62,9,none,9,3.5,3.8439,3.0,yes,6.0,-6.0,1.0,0.5,-0.3874347530096192,-1.3874347530096192,0.6125652469903808,low,0.5714,-0.6227,-1.6227,0.3773,low,0.25,-0.5878,25-34 years old,Female,"No, I am not colourblind",561,90,False,27,yes,yes,yes,yes,,low_sem_low_perc,Q4,low,low,6,4,4,4.61,10.563,-0.0614,-1.0813,-1.4832,-1.3537,-0.3464,-1.3061,-1.366,1.3664,1.0,1.5,1.0
R_10khHNSEM3puHPY,SK-C-153,10,ai,10,4.5,11.8439,6.0,yes,4.0,-4.0,1.0,0.5,-0.3874347530096192,-1.3874347530096192,0.6125652469903808,low,0.5714,-0.6227,-1.6227,0.3773,low,0.25,-0.5878,25-34 years old,Female,"No, I am not colourblind",561,90,False,27,yes,yes,yes,yes,,low_sem_high_perc,Q2,low,high,14,12,8,6.72,23.164,1.2313,-0.6758,-0.2415,-0.0599,2.3297,-0.3257,0.2978,1.3664,1.0,1.5,1.0
R_10khHNSEM3puHPY,SK-A-1713,11,none,8,2.5,-2.1561,6.0,yes,2.0,-2.0,1.0,0.5,-0.3874347530096192,-1.3874347530096192,0.6125652469903808,low,0.5714,-0.6227,-1.6227,0.3773,low,0.25,-0.5878,25-34 years old,Female,"No, I am not colourblind",561,90,False,27,yes,yes,yes,yes,,low_sem_low_perc,Q4,low,low,15,13,10,2.989,8.961,-1.0545,-0.6251,-0.0862,0.587,-0.6866,-0.0414,-0.1003,1.3664,1.0,1.5,1.0
R_10khHNSEM3puHPY,SK-A-261,12,human,7,1.5,-6.1561,7.0,yes,0.0,0.0,1.0,0.5,-0.3874347530096192,-1.3874347530096192,0.6125652469903808,low,0.5714,-0.6227,-1.6227,0.3773,low,0.25,-0.5878,25-34 years old,Female,"No, I am not colourblind",561,90,False,27,yes,yes,yes,yes,,low_sem_low_perc,Q4,low,low,9,8,7,4.292,16.828,-0.2562,-0.9292,-0.8623,-0.3834,0.9841,-0.725,0.1278,1.3664,1.0,1.5,1.0
R_10khHNSEM3puHPY,SK-A-864,13,ai,4,-1.5,-6.1561,8.0,yes,4.0,4.0,1.0,0.5,-0.3874347530096192,-1.3874347530096192,0.6125652469903808,low,0.5714,-0.6227,-1.6227,0.3773,low,0.25,-0.5878,25-34 years old,Female,"No, I am not colourblind",561,90,False,27,yes,yes,yes,yes,,high_sem_high_perc,Q1,high,high,66,28,11,8.181,13.079,2.1264,1.9598,2.242,0.9105,0.188,1.7041,1.4922,1.3664,1.0,1.5,1.0
R_10khHNSEM3puHPY,SK-C-95,14,human,2,-3.5,3.8439,7.0,yes,5.0,5.0,1.0,0.5,-0.3874347530096192,-1.3874347530096192,0.6125652469903808,low,0.5714,-0.6227,-1.6227,0.3773,low,0.25,-0.5878,25-34 years old,Female,"No, I am not colourblind",561,90,False,27,yes,yes,yes,yes,,low_sem_high_perc,Q2,low,high,12,10,6,5.078,11.141,0.2254,-0.7772,-0.5519,-0.7068,-0.2236,-0.6786,0.0208,1.3664,1.0,1.5,1.0
R_10khHNSEM3puHPY,SK-A-3023,15,ai,9,3.5,3.8439,6.0,yes,3.0,-3.0,1.0,0.5,-0.3874347530096192,-1.3874347530096192,0.6125652469903808,low,0.5714,-0.6227,-1.6227,0.3773,low,0.25,-0.5878,25-34 years old,Female,"No, I am not colourblind",561,90,False,27,yes,yes,yes,yes,,high_sem_low_perc,Q3,high,low,24,9,6,2.609,6.171,-1.2873,-0.169,-0.7071,-0.7068,-1.2791,-0.5276,-0.4284,1.3664,1.0,1.5,1.0
R_10khHNSEM3puHPY,SK-A-298,16,human,1,-4.5,11.8439,5.0,yes,4.0,4.0,1.0,0.5,-0.3874347530096192,-1.3874347530096192,0.6125652469903808,low,0.5714,-0.6227,-1.6227,0.3773,low,0.25,-0.5878,25-34 years old,Female,"No, I am not colourblind",561,90,False,27,yes,yes,yes,yes,,high_sem_low_perc,Q3,high,low,22,19,12,3.588,8.258,-0.6875,-0.2703,0.8451,1.2339,-0.8359,0.6029,0.4922,1.3664,1.0,1.5,1.0
R_10khHNSEM3puHPY,SK-A-4469,17,none,7,1.5,-6.1561,8.0,yes,1.0,1.0,1.0,0.5,-0.3874347530096192,-1.3874347530096192,0.6125652469903808,low,0.5714,-0.6227,-1.6227,0.3773,low,0.25,-0.5878,25-34 years old,Female,"No, I am not colourblind",561,90,False,27,yes,yes,yes,yes,,high_sem_high_perc,Q1,high,high,31,11,6,6.128,21.628,0.8686,0.1858,-0.3967,-0.7068,2.0035,-0.3059,-0.9165,1.3664,1.0,1.5,1.0
R_10khHNSEM3puHPY,SK-A-4717,18,human,9,3.5,3.8439,7.0,yes,2.0,-2.0,1.0,0.5,-0.3874347530096192,-1.3874347530096192,0.6125652469903808,low,0.5714,-0.6227,-1.6227,0.3773,low,0.25,-0.5878,25-34 years old,Female,"No, I am not colourblind",561,90,False,27,yes,yes,yes,yes,,low_sem_high_perc,Q2,low,high,12,10,9,6.171,17.158,0.895,-0.7772,-0.5519,0.2636,1.0542,-0.3552,-0.0167,1.3664,1.0,1.5,1.0
R_10khHNSEM3puHPY,SK-A-1574,19,ai,1,-4.5,11.8439,5.0,yes,4.0,4.0,1.0,0.5,-0.3874347530096192,-1.3874347530096192,0.6125652469903808,low,0.5714,-0.6227,-1.6227,0.3773,low,0.25,-0.5878,25-34 years old,Female,"No, I am not colourblind",561,90,False,27,yes,yes,yes,yes,,high_sem_high_perc,Q1,high,high,41,19,10,6.451,10.977,1.0665,0.6927,0.8451,0.587,-0.2584,0.7083,-1.9879,1.3664,1.0,1.5,1.0
R_10khHNSEM3puHPY,SK-A-1403,20,ai,6,0.5,-8.1561,6.0,yes,0.0,0.0,1.0,0.5,-0.3874347530096192,-1.3874347530096192,0.6125652469903808,low,0.5714,-0.6227,-1.6227,0.3773,low,0.25,-0.5878,25-34 years old,Female,"No, I am not colourblind",561,90,False,27,yes,yes,yes,yes,,high_sem_high_perc,Q1,high,high,69,22,13,5.281,17.539,0.3497,2.1119,1.3107,1.5574,1.1351,1.66,0.7811,1.3664,1.0,1.5,1.0
R_10khHNSEM3puHPY,SK-C-1215,21,none,6,0.5,-8.1561,7.0,yes,1.0,1.0,1.0,0.5,-0.3874347530096192,-1.3874347530096192,0.6125652469903808,low,0.5714,-0.6227,-1.6227,0.3773,low,0.25,-0.5878,25-34 years old,Female,"No, I am not colourblind",561,90,False,27,yes,yes,yes,yes,,high_sem_high_perc,Q1,high,high,24,14,8,5.533,8.134,0.5041,-0.169,0.069,-0.0599,-0.8622,-0.0533,-0.0772,1.3664,1.0,1.5,1.0
R_10khHNSEM3puHPY,SK-A-3297,22,human,8,2.5,-2.1561,5.0,yes,3.0,-3.0,1.0,0.5,-0.3874347530096192,-1.3874347530096192,0.6125652469903808,low,0.5714,-0.6227,-1.6227,0.3773,low,0.25,-0.5878,25-34 years old,Female,"No, I am not colourblind",561,90,False,27,yes,yes,yes,yes,,low_sem_low_perc,Q4,low,low,17,10,7,4.118,13.599,-0.3628,-0.5237,-0.5519,-0.3834,0.2984,-0.4863,-0.4879,1.3664,1.0,1.5,1.0
R_10khHNSEM3puHPY,SK-A-1684,23,ai,3,-2.5,-2.1561,7.0,yes,4.0,4.0,1.0,0.5,-0.3874347530096192,-1.3874347530096192,0.6125652469903808,low,0.5714,-0.6227,-1.6227,0.3773,low,0.25,-0.5878,25-34 years old,Female,"No, I am not colourblind",561,90,False,27,yes,yes,yes,yes,,low_sem_low_perc,Q4,low,low,7,6,5,1.478,7.119,-1.9802,-1.0306,-1.1728,-1.0303,-1.0777,-1.0779,1.5061,1.3664,1.0,1.5,1.0
R_10khHNSEM3puHPY,SK-A-1906,24,ai,2,-3.5,3.8439,6.0,yes,4.0,4.0,1.0,0.5,-0.3874347530096192,-1.3874347530096192,0.6125652469903808,low,0.5714,-0.6227,-1.6227,0.3773,low,0.25,-0.5878,25-34 years old,Female,"No, I am not colourblind",561,90,False,27,yes,yes,yes,yes,,high_sem_low_perc,Q3,high,low,43,16,11,4.708,19.343,-0.0013,0.7941,0.3794,0.9105,1.5182,0.6947,0.4853,1.3664,1.0,1.5,1.0
R_10khHNSEM3puHPY,SK-A-1940,25,none,10,4.5,11.8439,7.0,yes,3.0,-3.0,1.0,0.5,-0.3874347530096192,-1.3874347530096192,0.6125652469903808,low,0.5714,-0.6227,-1.6227,0.3773,low,0.25,-0.5878,25-34 years old,Female,"No, I am not colourblind",561,90,False,27,yes,yes,yes,yes,,high_sem_high_perc,Q1,high,high,39,23,10,7.148,15.116,1.4935,0.5913,1.466,0.587,0.6205,0.8814,-0.3461,1.3664,1.0,1.5,1.0
R_10khHNSEM3puHPY,SK-A-232,26,none,9,3.5,3.8439,9.0,yes,0.0,0.0,1.0,0.5,-0.3874347530096192,-1.3874347530096192,0.6125652469903808,low,0.5714,-0.6227,-1.6227,0.3773,low,0.25,-0.5878,25-34 years old,Female,"No, I am not colourblind",561,90,False,27,yes,yes,yes,yes,,high_sem_low_perc,Q3,high,low,76,16,8,2.204,6.579,-1.5354,2.4667,0.3794,-0.0599,-1.1924,0.9287,0.1549,1.3664,1.0,1.5,1.0
R_10khHNSEM3puHPY,SK-C-243,27,none,5,-0.5,-8.1561,6.0,yes,1.0,1.0,1.0,0.5,-0.3874347530096192,-1.3874347530096192,0.6125652469903808,low,0.5714,-0.6227,-1.6227,0.3773,low,0.25,-0.5878,25-34 years old,Female,"No, I am not colourblind",561,90,False,27,yes,yes,yes,yes,,low_sem_low_perc,Q4,low,low,14,12,6,4.052,8.426,-0.4032,-0.6758,-0.2415,-0.7068,-0.8002,-0.5414,0.1632,1.3664,1.0,1.5,1.0
R_1bVIiSKeqwEyGpC,SK-A-62,1,human,5,-0.5,-8.1561,3.0,yes,2.0,-2.0,,,,,,,,,,,,,,18-24 years old,Male,"No, I am not colourblind",500,50,False,9,no,no,no,no,,low_sem_low_perc,Q4,low,low,6,4,4,4.61,10.563,-0.0614,-1.0813,-1.4832,-1.3537,-0.3464,-1.3061,-1.366,,,,
R_1bVIiSKeqwEyGpC,SK-A-1298,2,human,10,4.5,11.8439,4.0,yes,6.0,-6.0,,,,,,,,,,,,,,18-24 years old,Male,"No, I am not colourblind",500,50,False,9,no,no,no,no,,low_sem_high_perc,Q2,low,high,13,4,3,6.345,12.638,1.0016,-0.7265,-1.4832,-1.6772,0.0943,-1.2956,-1.1122,,,,
R_1bVIiSKeqwEyGpC,SK-A-110,3,none,2,-3.5,3.8439,4.0,yes,2.0,2.0,,,,,,,,,,,,,,18-24 years old,Male,"No, I am not colourblind",500,50,False,9,no,no,no,no,,low_sem_high_perc,Q2,low,high,9,7,5,5.104,15.147,0.2413,-0.9292,-1.0175,-1.0303,0.6271,-0.9923,0.0078,,,,
R_1bVIiSKeqwEyGpC,SK-A-1940,4,human,7,1.5,-6.1561,6.0,yes,1.0,-1.0,,,,,,,,,,,,,,18-24 years old,Male,"No, I am not colourblind",500,50,False,9,no,no,no,no,,high_sem_high_perc,Q1,high,high,39,23,10,7.148,15.116,1.4935,0.5913,1.466,0.587,0.6205,0.8814,-0.3461,,,,
R_1bVIiSKeqwEyGpC,SK-A-298,5,ai,8,2.5,-2.1561,7.0,yes,1.0,-1.0,,,,,,,,,,,,,,18-24 years old,Male,"No, I am not colourblind",500,50,False,9,no,no,no,no,,high_sem_low_perc,Q3,high,low,22,19,12,3.588,8.258,-0.6875,-0.2703,0.8451,1.2339,-0.8359,0.6029,0.4922,,,,
R_1bVIiSKeqwEyGpC,SK-A-1713,6,ai,9,3.5,3.8439,6.0,yes,3.0,-3.0,,,,,,,,,,,,,,18-24 years old,Male,"No, I am not colourblind",500,50,False,9,no,no,no,no,,low_sem_low_perc,Q4,low,low,15,13,10,2.989,8.961,-1.0545,-0.6251,-0.0862,0.587,-0.6866,-0.0414,-0.1003,,,,
R_1bVIiSKeqwEyGpC,SK-A-1574,7,ai,5,-0.5,-8.1561,3.0,yes,2.0,-2.0,,,,,,,,,,,,,,18-24 years old,Male,"No, I am not colourblind",500,50,False,9,no,no,no,no,,high_sem_high_perc,Q1,high,high,41,19,10,6.451,10.977,1.0665,0.6927,0.8451,0.587,-0.2584,0.7083,-1.9879,,,,
R_1bVIiSKeqwEyGpC,SK-A-4717,8,human,4,-1.5,-6.1561,2.0,yes,2.0,-2.0,,,,,,,,,,,,,,18-24 years old,Male,"No, I am not colourblind",500,50,False,9,no,no,no,no,,low_sem_high_perc,Q2,low,high,12,10,9,6.171,17.158,0.895,-0.7772,-0.5519,0.2636,1.0542,-0.3552,-0.0167,,,,
R_1bVIiSKeqwEyGpC,SK-A-1403,9,none,9,3.5,3.8439,2.0,yes,7.0,-7.0,,,,,,,,,,,,,,18-24 years old,Male,"No, I am not colourblind",500,50,False,9,no,no,no,no,,high_sem_high_perc,Q1,high,high,69,22,13,5.281,17.539,0.3497,2.1119,1.3107,1.5574,1.1351,1.66,0.7811,,,,
R_83mIMefH2Ef2sdr,SK-A-1713,1,human,8,2.5,-2.1561,5.0,yes,3.0,-3.0,1.0,1.0,0.6053668015775303,-0.3946331984224697,1.6053668015775302,high,1.0,0.2627,-0.7373,1.2627,high,0.0,-1.0998,18-24 years old,Non-binary / third gender,"No, I am not colourblind",293,90,False,27,yes,yes,yes,yes,,low_sem_low_perc,Q4,low,low,15,13,10,2.989,8.961,-1.0545,-0.6251,-0.0862,0.587,-0.6866,-0.0414,-0.1003,0.8108,1.0,2.5,1.6666666666666667
R_83mIMefH2Ef2sdr,SK-A-1756,2,none,3,-2.5,-2.1561,4.0,yes,1.0,1.0,1.0,1.0,0.6053668015775303,-0.3946331984224697,1.6053668015775302,high,1.0,0.2627,-0.7373,1.2627,high,0.0,-1.0998,18-24 years old,Non-binary / third gender,"No, I am not colourblind",293,90,False,27,yes,yes,yes,yes,,high_sem_high_perc,Q1,high,high,20,12,9,5.001,12.19,0.1782,-0.3717,-0.2415,0.2636,-0.0008,-0.1165,-1.106,0.8108,1.0,2.5,1.6666666666666667
R_83mIMefH2Ef2sdr,SK-A-2110,3,human,8,2.5,-2.1561,5.0,yes,3.0,-3.0,1.0,1.0,0.6053668015775303,-0.3946331984224697,1.6053668015775302,high,1.0,0.2627,-0.7373,1.2627,high,0.0,-1.0998,18-24 years old,Non-binary / third gender,"No, I am not colourblind",293,90,False,27,yes,yes,yes,yes,,high_sem_low_perc,Q3,high,low,29,17,13,4.449,10.91,-0.16,0.0845,0.5346,1.5574,-0.2727,0.7255,0.9709,0.8108,1.0,2.5,1.6666666666666667
R_83mIMefH2Ef2sdr,SK-A-4469,4,human,10,4.5,11.8439,7.0,yes,3.0,-3.0,1.0,1.0,0.6053668015775303,-0.3946331984224697,1.6053668015775302,high,1.0,0.2627,-0.7373,1.2627,high,0.0,-1.0998,18-24 years old,Non-binary / third gender,"No, I am not colourblind",293,90,False,27,yes,yes,yes,yes,,high_sem_high_perc,Q1,high,high,31,11,6,6.128,21.628,0.8686,0.1858,-0.3967,-0.7068,2.0035,-0.3059,-0.9165,0.8108,1.0,2.5,1.6666666666666667
R_83mIMefH2Ef2sdr,SK-A-298,5,ai,8,2.5,-2.1561,3.0,yes,5.0,-5.0,1.0,1.0,0.6053668015775303,-0.3946331984224697,1.6053668015775302,high,1.0,0.2627,-0.7373,1.2627,high,0.0,-1.0998,18-24 years old,Non-binary / third gender,"No, I am not colourblind",293,90,False,27,yes,yes,yes,yes,,high_sem_low_perc,Q3,high,low,22,19,12,3.588,8.258,-0.6875,-0.2703,0.8451,1.2339,-0.8359,0.6029,0.4922,0.8108,1.0,2.5,1.6666666666666667
R_83mIMefH2Ef2sdr,SK-C-153,6,ai,6,0.5,-8.1561,7.0,yes,1.0,1.0,1.0,1.0,0.6053668015775303,-0.3946331984224697,1.6053668015775302,high,1.0,0.2627,-0.7373,1.2627,high,0.0,-1.0998,18-24 years old,Non-binary / third gender,"No, I am not colourblind",293,90,False,27,yes,yes,yes,yes,,low_sem_high_perc,Q2,low,high,14,12,8,6.72,23.164,1.2313,-0.6758,-0.2415,-0.0599,2.3297,-0.3257,0.2978,0.8108,1.0,2.5,1.6666666666666667
R_83mIMefH2Ef2sdr,SK-A-62,7,ai,2,-3.5,3.8439,6.0,yes,4.0,4.0,1.0,1.0,0.6053668015775303,-0.3946331984224697,1.6053668015775302,high,1.0,0.2627,-0.7373,1.2627,high,0.0,-1.0998,18-24 years old,Non-binary / third gender,"No, I am not colourblind",293,90,False,27,yes,yes,yes,yes,,low_sem_low_perc,Q4,low,low,6,4,4,4.61,10.563,-0.0614,-1.0813,-1.4832,-1.3537,-0.3464,-1.3061,-1.366,0.8108,1.0,2.5,1.6666666666666667
R_83mIMefH2Ef2sdr,SK-A-261,8,ai,6,0.5,-8.1561,5.0,yes,1.0,-1.0,1.0,1.0,0.6053668015775303,-0.3946331984224697,1.6053668015775302,high,1.0,0.2627,-0.7373,1.2627,high,0.0,-1.0998,18-24 years old,Non-binary / third gender,"No, I am not colourblind",293,90,False,27,yes,yes,yes,yes,,low_sem_low_perc,Q4,low,low,9,8,7,4.292,16.828,-0.2562,-0.9292,-0.8623,-0.3834,0.9841,-0.725,0.1278,0.8108,1.0,2.5,1.6666666666666667
R_83mIMefH2Ef2sdr,SK-A-2320 A,9,human,9,3.5,3.8439,7.0,yes,2.0,-2.0,1.0,1.0,0.6053668015775303,-0.3946331984224697,1.6053668015775302,high,1.0,0.2627,-0.7373,1.2627,high,0.0,-1.0998,18-24 years old,Non-binary / third gender,"No, I am not colourblind",293,90,False,27,yes,yes,yes,yes,,high_sem_low_perc,Q3,high,low,47,24,14,4.652,11.926,-0.0356,0.9968,1.6212,1.8808,-0.0569,1.4996,0.4324,0.8108,1.0,2.5,1.6666666666666667
R_83mIMefH2Ef2sdr,SK-C-243,10,human,9,3.5,3.8439,6.0,yes,3.0,-3.0,1.0,1.0,0.6053668015775303,-0.3946331984224697,1.6053668015775302,high,1.0,0.2627,-0.7373,1.2627,high,0.0,-1.0998,18-24 years old,Non-binary / third gender,"No, I am not colourblind",293,90,False,27,yes,yes,yes,yes,,low_sem_low_perc,Q4,low,low,14,12,6,4.052,8.426,-0.4032,-0.6758,-0.2415,-0.7068,-0.8002,-0.5414,0.1632,0.8108,1.0,2.5,1.6666666666666667
R_83mIMefH2Ef2sdr,SK-C-1215,11,ai,6,0.5,-8.1561,1.0,yes,5.0,-5.0,1.0,1.0,0.6053668015775303,-0.3946331984224697,1.6053668015775302,high,1.0,0.2627,-0.7373,1.2627,high,0.0,-1.0998,18-24 years old,Non-binary / third gender,"No, I am not colourblind",293,90,False,27,yes,yes,yes,yes,,high_sem_high_perc,Q1,high,high,24,14,8,5.533,8.134,0.5041,-0.169,0.069,-0.0599,-0.8622,-0.0533,-0.0772,0.8108,1.0,2.5,1.6666666666666667
R_83mIMefH2Ef2sdr,SK-A-1906,12,none,4,-1.5,-6.1561,9.0,yes,5.0,5.0,1.0,1.0,0.6053668015775303,-0.3946331984224697,1.6053668015775302,high,1.0,0.2627,-0.7373,1.2627,high,0.0,-1.0998,18-24 years old,Non-binary / third gender,"No, I am not colourblind",293,90,False,27,yes,yes,yes,yes,,high_sem_low_perc,Q3,high,low,43,16,11,4.708,19.343,-0.0013,0.7941,0.3794,0.9105,1.5182,0.6947,0.4853,0.8108,1.0,2.5,1.6666666666666667
R_83mIMefH2Ef2sdr,SK-A-388,13,human,10,4.5,11.8439,3.0,yes,7.0,-7.0,1.0,1.0,0.6053668015775303,-0.3946331984224697,1.6053668015775302,high,1.0,0.2627,-0.7373,1.2627,high,0.0,-1.0998,18-24 years old,Non-binary / third gender,"No, I am not colourblind",293,90,False,27,yes,yes,yes,yes,,high_sem_low_perc,Q3,high,low,52,24,12,4.026,10.43,-0.4191,1.2502,1.6212,1.2339,-0.3746,1.3684,0.1145,0.8108,1.0,2.5,1.6666666666666667
R_83mIMefH2Ef2sdr,SK-A-87,14,ai,8,2.5,-2.1561,2.0,yes,6.0,-6.0,1.0,1.0,0.6053668015775303,-0.3946331984224697,1.6053668015775302,high,1.0,0.2627,-0.7373,1.2627,high,0.0,-1.0998,18-24 years old,Non-binary / third gender,"No, I am not colourblind",293,90,False,27,yes,yes,yes,yes,,low_sem_low_perc,Q4,low,low,16,9,4,1.284,3.991,-2.099,-0.5744,-0.7071,-1.3537,-1.742,-0.8784,0.5278,0.8108,1.0,2.5,1.6666666666666667
R_83mIMefH2Ef2sdr,SK-A-232,15,none,9,3.5,3.8439,3.0,yes,6.0,-6.0,1.0,1.0,0.6053668015775303,-0.3946331984224697,1.6053668015775302,high,1.0,0.2627,-0.7373,1.2627,high,0.0,-1.0998,18-24 years old,Non-binary / third gender,"No, I am not colourblind",293,90,False,27,yes,yes,yes,yes,,high_sem_low_perc,Q3,high,low,76,16,8,2.204,6.579,-1.5354,2.4667,0.3794,-0.0599,-1.1924,0.9287,0.1549,0.8108,1.0,2.5,1.6666666666666667
R_83mIMefH2Ef2sdr,SK-A-3297,16,none,4,-1.5,-6.1561,4.0,yes,0.0,0.0,1.0,1.0,0.6053668015775303,-0.3946331984224697,1.6053668015775302,high,1.0,0.2627,-0.7373,1.2627,high,0.0,-1.0998,18-24 years old,Non-binary / third gender,"No, I am not colourblind",293,90,False,27,yes,yes,yes,yes,,low_sem_low_perc,Q4,low,low,17,10,7,4.118,13.599,-0.3628,-0.5237,-0.5519,-0.3834,0.2984,-0.4863,-0.4879,0.8108,1.0,2.5,1.6666666666666667
R_83mIMefH2Ef2sdr,SK-A-1684,17,none,4,-1.5,-6.1561,9.0,yes,5.0,5.0,1.0,1.0,0.6053668015775303,-0.3946331984224697,1.6053668015775302,high,1.0,0.2627,-0.7373,1.2627,high,0.0,-1.0998,18-24 years old,Non-binary / third gender,"No, I am not colourblind",293,90,False,27,yes,yes,yes,yes,,low_sem_low_perc,Q4,low,low,7,6,5,1.478,7.119,-1.9802,-1.0306,-1.1728,-1.0303,-1.0777,-1.0779,1.5061,0.8108,1.0,2.5,1.6666666666666667
R_83mIMefH2Ef2sdr,SK-A-1403,18,ai,3,-2.5,-2.1561,5.0,yes,2.0,2.0,1.0,1.0,0.6053668015775303,-0.3946331984224697,1.6053668015775302,high,1.0,0.2627,-0.7373,1.2627,high,0.0,-1.0998,18-24 years old,Non-binary / third gender,"No, I am not colourblind",293,90,False,27,yes,yes,yes,yes,,high_sem_high_perc,Q1,high,high,69,22,13,5.281,17.539,0.3497,2.1119,1.3107,1.5574,1.1351,1.66,0.7811,0.8108,1.0,2.5,1.6666666666666667
R_83mIMefH2Ef2sdr,SK-A-110,19,ai,4,-1.5,-6.1561,4.0,yes,0.0,0.0,1.0,1.0,0.6053668015775303,-0.3946331984224697,1.6053668015775302,high,1.0,0.2627,-0.7373,1.2627,high,0.0,-1.0998,18-24 years old,Non-binary / third gender,"No, I am not colourblind",293,90,False,27,yes,yes,yes,yes,,low_sem_high_perc,Q2,low,high,9,7,5,5.104,15.147,0.2413,-0.9292,-1.0175,-1.0303,0.6271,-0.9923,0.0078,0.8108,1.0,2.5,1.6666666666666667
R_83mIMefH2Ef2sdr,SK-A-1574,20,none,6,0.5,-8.1561,3.0,yes,3.0,-3.0,1.0,1.0,0.6053668015775303,-0.3946331984224697,1.6053668015775302,high,1.0,0.2627,-0.7373,1.2627,high,0.0,-1.0998,18-24 years old,Non-binary / third gender,"No, I am not colourblind",293,90,False,27,yes,yes,yes,yes,,high_sem_high_perc,Q1,high,high,41,19,10,6.451,10.977,1.0665,0.6927,0.8451,0.587,-0.2584,0.7083,-1.9879,0.8108,1.0,2.5,1.6666666666666667
R_83mIMefH2Ef2sdr,SK-A-2320 B,21,human,7,1.5,-6.1561,4.0,yes,3.0,-3.0,1.0,1.0,0.6053668015775303,-0.3946331984224697,1.6053668015775302,high,1.0,0.2627,-0.7373,1.2627,high,0.0,-1.0998,18-24 years old,Non-binary / third gender,"No, I am not colourblind",293,90,False,27,yes,yes,yes,yes,,low_sem_high_perc,Q2,low,high,11,7,4,4.974,8.222,0.1616,-0.8279,-1.0175,-1.3537,-0.8435,-1.0664,0.3704,0.8108,1.0,2.5,1.6666666666666667
R_83mIMefH2Ef2sdr,SK-A-1940,22,none,2,-3.5,3.8439,9.0,yes,7.0,7.0,1.0,1.0,0.6053668015775303,-0.3946331984224697,1.6053668015775302,high,1.0,0.2627,-0.7373,1.2627,high,0.0,-1.0998,18-24 years old,Non-binary / third gender,"No, I am not colourblind",293,90,False,27,yes,yes,yes,yes,,high_sem_high_perc,Q1,high,high,39,23,10,7.148,15.116,1.4935,0.5913,1.466,0.587,0.6205,0.8814,-0.3461,0.8108,1.0,2.5,1.6666666666666667
R_83mIMefH2Ef2sdr,SK-A-864,23,none,6,0.5,-8.1561,7.0,yes,1.0,1.0,1.0,1.0,0.6053668015775303,-0.3946331984224697,1.6053668015775302,high,1.0,0.2627,-0.7373,1.2627,high,0.0,-1.0998,18-24 years old,Non-binary / third gender,"No, I am not colourblind",293,90,False,27,yes,yes,yes,yes,,high_sem_high_perc,Q1,high,high,66,28,11,8.181,13.079,2.1264,1.9598,2.242,0.9105,0.188,1.7041,1.4922,0.8108,1.0,2.5,1.6666666666666667
R_83mIMefH2Ef2sdr,SK-A-3023,24,human,8,2.5,-2.1561,2.0,yes,6.0,-6.0,1.0,1.0,0.6053668015775303,-0.3946331984224697,1.6053668015775302,high,1.0,0.2627,-0.7373,1.2627,high,0.0,-1.0998,18-24 years old,Non-binary / third gender,"No, I am not colourblind",293,90,False,27,yes,yes,yes,yes,,high_sem_low_perc,Q3,high,low,24,9,6,2.609,6.171,-1.2873,-0.169,-0.7071,-0.7068,-1.2791,-0.5276,-0.4284,0.8108,1.0,2.5,1.6666666666666667
R_83mIMefH2Ef2sdr,SK-A-4717,25,ai,6,0.5,-8.1561,4.0,yes,2.0,-2.0,1.0,1.0,0.6053668015775303,-0.3946331984224697,1.6053668015775302,high,1.0,0.2627,-0.7373,1.2627,high,0.0,-1.0998,18-24 years old,Non-binary / third gender,"No, I am not colourblind",293,90,False,27,yes,yes,yes,yes,,low_sem_high_perc,Q2,low,high,12,10,9,6.171,17.158,0.895,-0.7772,-0.5519,0.2636,1.0542,-0.3552,-0.0167,0.8108,1.0,2.5,1.6666666666666667
R_83mIMefH2Ef2sdr,SK-C-95,26,none,3,-2.5,-2.1561,4.0,yes,1.0,1.0,1.0,1.0,0.6053668015775303,-0.3946331984224697,1.6053668015775302,high,1.0,0.2627,-0.7373,1.2627,high,0.0,-1.0998,18-24 years old,Non-binary / third gender,"No, I am not colourblind",293,90,False,27,yes,yes,yes,yes,,low_sem_high_perc,Q2,low,high,12,10,6,5.078,11.141,0.2254,-0.7772,-0.5519,-0.7068,-0.2236,-0.6786,0.0208,0.8108,1.0,2.5,1.6666666666666667
R_83mIMefH2Ef2sdr,SK-A-1298,27,human,3,-2.5,-2.1561,8.0,yes,5.0,5.0,1.0,1.0,0.6053668015775303,-0.3946331984224697,1.6053668015775302,high,1.0,0.2627,-0.7373,1.2627,high,0.0,-1.0998,18-24 years old,Non-binary / third gender,"No, I am not colourblind",293,90,False,27,yes,yes,yes,yes,,low_sem_high_perc,Q2,low,high,13,4,3,6.345,12.638,1.0016,-0.7265,-1.4832,-1.6772,0.0943,-1.2956,-1.1122,0.8108,1.0,2.5,1.6666666666666667
R_8WR3NUDvrUiADrH,SK-A-110,1,human,3,-2.5,-2.1561,2.0,yes,1.0,-1.0,1.0,1.1666666666666667,0.9363006531065804,-0.0636993468934197,1.9363006531065805,high,1.1429,0.5579,-0.4421,1.5579,high,0.375,-0.3318,25-34 years old,Female,"No, I am not colourblind",367,100,True,27,yes,yes,yes,yes,,low_sem_high_perc,Q2,low,high,9,7,5,5.104,15.147,0.2413,-0.9292,-1.0175,-1.0303,0.6271,-0.9923,0.0078,-1.9669,0.0,0.0,0.6666666666666666
R_8WR3NUDvrUiADrH,SK-A-1906,2,none,5,-0.5,-8.1561,3.0,yes,2.0,-2.0,1.0,1.1666666666666667,0.9363006531065804,-0.0636993468934197,1.9363006531065805,high,1.1429,0.5579,-0.4421,1.5579,high,0.375,-0.3318,25-34 years old,Female,"No, I am not colourblind",367,100,True,27,yes,yes,yes,yes,,high_sem_low_perc,Q3,high,low,43,16,11,4.708,19.343,-0.0013,0.7941,0.3794,0.9105,1.5182,0.6947,0.4853,-1.9669,0.0,0.0,0.6666666666666666
R_8WR3NUDvrUiADrH,SK-C-1215,3,ai,3,-2.5,-2.1561,2.0,yes,1.0,-1.0,1.0,1.1666666666666667,0.9363006531065804,-0.0636993468934197,1.9363006531065805,high,1.1429,0.5579,-0.4421,1.5579,high,0.375,-0.3318,25-34 years old,Female,"No, I am not colourblind",367,100,True,27,yes,yes,yes,yes,,high_sem_high_perc,Q1,high,high,24,14,8,5.533,8.134,0.5041,-0.169,0.069,-0.0599,-0.8622,-0.0533,-0.0772,-1.9669,0.0,0.0,0.6666666666666666
R_8WR3NUDvrUiADrH,SK-A-298,4,none,4,-1.5,-6.1561,4.0,yes,0.0,0.0,1.0,1.1666666666666667,0.9363006531065804,-0.0636993468934197,1.9363006531065805,high,1.1429,0.5579,-0.4421,1.5579,high,0.375,-0.3318,25-34 years old,Female,"No, I am not colourblind",367,100,True,27,yes,yes,yes,yes,,high_sem_low_perc,Q3,high,low,22,19,12,3.588,8.258,-0.6875,-0.2703,0.8451,1.2339,-0.8359,0.6029,0.4922,-1.9669,0.0,0.0,0.6666666666666666
R_8WR3NUDvrUiADrH,SK-A-62,5,human,10,4.5,11.8439,4.0,yes,6.0,-6.0,1.0,1.1666666666666667,0.9363006531065804,-0.0636993468934197,1.9363006531065805,high,1.1429,0.5579,-0.4421,1.5579,high,0.375,-0.3318,25-34 years old,Female,"No, I am not colourblind",367,100,True,27,yes,yes,yes,yes,,low_sem_low_perc,Q4,low,low,6,4,4,4.61,10.563,-0.0614,-1.0813,-1.4832,-1.3537,-0.3464,-1.3061,-1.366,-1.9669,0.0,0.0,0.6666666666666666
R_8WR3NUDvrUiADrH,SK-A-4469,6,ai,1,-4.5,11.8439,3.0,yes,2.0,2.0,1.0,1.1666666666666667,0.9363006531065804,-0.0636993468934197,1.9363006531065805,high,1.1429,0.5579,-0.4421,1.5579,high,0.375,-0.3318,25-34 years old,Female,"No, I am not colourblind",367,100,True,27,yes,yes,yes,yes,,high_sem_high_perc,Q1,high,high,31,11,6,6.128,21.628,0.8686,0.1858,-0.3967,-0.7068,2.0035,-0.3059,-0.9165,-1.9669,0.0,0.0,0.6666666666666666
R_8WR3NUDvrUiADrH,SK-A-87,7,human,9,3.5,3.8439,5.0,yes,4.0,-4.0,1.0,1.1666666666666667,0.9363006531065804,-0.0636993468934197,1.9363006531065805,high,1.1429,0.5579,-0.4421,1.5579,high,0.375,-0.3318,25-34 years old,Female,"No, I am not colourblind",367,100,True,27,yes,yes,yes,yes,,low_sem_low_perc,Q4,low,low,16,9,4,1.284,3.991,-2.099,-0.5744,-0.7071,-1.3537,-1.742,-0.8784,0.5278,-1.9669,0.0,0.0,0.6666666666666666
R_8WR3NUDvrUiADrH,SK-A-3297,8,ai,10,4.5,11.8439,3.0,yes,7.0,-7.0,1.0,1.1666666666666667,0.9363006531065804,-0.0636993468934197,1.9363006531065805,high,1.1429,0.5579,-0.4421,1.5579,high,0.375,-0.3318,25-34 years old,Female,"No, I am not colourblind",367,100,True,27,yes,yes,yes,yes,,low_sem_low_perc,Q4,low,low,17,10,7,4.118,13.599,-0.3628,-0.5237,-0.5519,-0.3834,0.2984,-0.4863,-0.4879,-1.9669,0.0,0.0,0.6666666666666666
R_8WR3NUDvrUiADrH,SK-A-1756,9,none,2,-3.5,3.8439,2.0,yes,0.0,0.0,1.0,1.1666666666666667,0.9363006531065804,-0.0636993468934197,1.9363006531065805,high,1.1429,0.5579,-0.4421,1.5579,high,0.375,-0.3318,25-34 years old,Female,"No, I am not colourblind",367,100,True,27,yes,yes,yes,yes,,high_sem_high_perc,Q1,high,high,20,12,9,5.001,12.19,0.1782,-0.3717,-0.2415,0.2636,-0.0008,-0.1165,-1.106,-1.9669,0.0,0.0,0.6666666666666666
R_8WR3NUDvrUiADrH,SK-A-3023,10,none,2,-3.5,3.8439,3.0,yes,1.0,1.0,1.0,1.1666666666666667,0.9363006531065804,-0.0636993468934197,1.9363006531065805,high,1.1429,0.5579,-0.4421,1.5579,high,0.375,-0.3318,25-34 years old,Female,"No, I am not colourblind",367,100,True,27,yes,yes,yes,yes,,high_sem_low_perc,Q3,high,low,24,9,6,2.609,6.171,-1.2873,-0.169,-0.7071,-0.7068,-1.2791,-0.5276,-0.4284,-1.9669,0.0,0.0,0.6666666666666666
R_8WR3NUDvrUiADrH,SK-A-1940,11,ai,5,-0.5,-8.1561,2.0,yes,3.0,-3.0,1.0,1.1666666666666667,0.9363006531065804,-0.0636993468934197,1.9363006531065805,high,1.1429,0.5579,-0.4421,1.5579,high,0.375,-0.3318,25-34 years old,Female,"No, I am not colourblind",367,100,True,27,yes,yes,yes,yes,,high_sem_high_perc,Q1,high,high,39,23,10,7.148,15.116,1.4935,0.5913,1.466,0.587,0.6205,0.8814,-0.3461,-1.9669,0.0,0.0,0.6666666666666666
R_8WR3NUDvrUiADrH,SK-C-153,12,ai,9,3.5,3.8439,4.0,yes,5.0,-5.0,1.0,1.1666666666666667,0.9363006531065804,-0.0636993468934197,1.9363006531065805,high,1.1429,0.5579,-0.4421,1.5579,high,0.375,-0.3318,25-34 years old,Female,"No, I am not colourblind",367,100,True,27,yes,yes,yes,yes,,low_sem_high_perc,Q2,low,high,14,12,8,6.72,23.164,1.2313,-0.6758,-0.2415,-0.0599,2.3297,-0.3257,0.2978,-1.9669,0.0,0.0,0.6666666666666666
R_8WR3NUDvrUiADrH,SK-A-2110,13,ai,8,2.5,-2.1561,6.0,yes,2.0,-2.0,1.0,1.1666666666666667,0.9363006531065804,-0.0636993468934197,1.9363006531065805,high,1.1429,0.5579,-0.4421,1.5579,high,0.375,-0.3318,25-34 years old,Female,"No, I am not colourblind",367,100,True,27,yes,yes,yes,yes,,high_sem_low_perc,Q3,high,low,29,17,13,4.449,10.91,-0.16,0.0845,0.5346,1.5574,-0.2727,0.7255,0.9709,-1.9669,0.0,0.0,0.6666666666666666
R_8WR3NUDvrUiADrH,SK-A-864,14,none,10,4.5,11.8439,6.0,yes,4.0,-4.0,1.0,1.1666666666666667,0.9363006531065804,-0.0636993468934197,1.9363006531065805,high,1.1429,0.5579,-0.4421,1.5579,high,0.375,-0.3318,25-34 years old,Female,"No, I am not colourblind",367,100,True,27,yes,yes,yes,yes,,high_sem_high_perc,Q1,high,high,66,28,11,8.181,13.079,2.1264,1.9598,2.242,0.9105,0.188,1.7041,1.4922,-1.9669,0.0,0.0,0.6666666666666666
R_8WR3NUDvrUiADrH,SK-A-261,15,human,6,0.5,-8.1561,3.0,yes,3.0,-3.0,1.0,1.1666666666666667,0.9363006531065804,-0.0636993468934197,1.9363006531065805,high,1.1429,0.5579,-0.4421,1.5579,high,0.375,-0.3318,25-34 years old,Female,"No, I am not colourblind",367,100,True,27,yes,yes,yes,yes,,low_sem_low_perc,Q4,low,low,9,8,7,4.292,16.828,-0.2562,-0.9292,-0.8623,-0.3834,0.9841,-0.725,0.1278,-1.9669,0.0,0.0,0.6666666666666666
R_8WR3NUDvrUiADrH,SK-A-4717,16,human,1,-4.5,11.8439,4.0,yes,3.0,3.0,1.0,1.1666666666666667,0.9363006531065804,-0.0636993468934197,1.9363006531065805,high,1.1429,0.5579,-0.4421,1.5579,high,0.375,-0.3318,25-34 years old,Female,"No, I am not colourblind",367,100,True,27,yes,yes,yes,yes,,low_sem_high_perc,Q2,low,high,12,10,9,6.171,17.158,0.895,-0.7772,-0.5519,0.2636,1.0542,-0.3552,-0.0167,-1.9669,0.0,0.0,0.6666666666666666
R_8WR3NUDvrUiADrH,SK-A-388,17,none,9,3.5,3.8439,3.0,yes,6.0,-6.0,1.0,1.1666666666666667,0.9363006531065804,-0.0636993468934197,1.9363006531065805,high,1.1429,0.5579,-0.4421,1.5579,high,0.375,-0.3318,25-34 years old,Female,"No, I am not colourblind",367,100,True,27,yes,yes,yes,yes,,high_sem_low_perc,Q3,high,low,52,24,12,4.026,10.43,-0.4191,1.2502,1.6212,1.2339,-0.3746,1.3684,0.1145,-1.9669,0.0,0.0,0.6666666666666666
R_8WR3NUDvrUiADrH,SK-A-1403,18,ai,5,-0.5,-8.1561,3.0,yes,2.0,-2.0,1.0,1.1666666666666667,0.9363006531065804,-0.0636993468934197,1.9363006531065805,high,1.1429,0.5579,-0.4421,1.5579,high,0.375,-0.3318,25-34 years old,Female,"No, I am not colourblind",367,100,True,27,yes,yes,yes,yes,,high_sem_high_perc,Q1,high,high,69,22,13,5.281,17.539,0.3497,2.1119,1.3107,1.5574,1.1351,1.66,0.7811,-1.9669,0.0,0.0,0.6666666666666666
R_8WR3NUDvrUiADrH,SK-A-1684,19,human,6,0.5,-8.1561,5.0,yes,1.0,-1.0,1.0,1.1666666666666667,0.9363006531065804,-0.0636993468934197,1.9363006531065805,high,1.1429,0.5579,-0.4421,1.5579,high,0.375,-0.3318,25-34 years old,Female,"No, I am not colourblind",367,100,True,27,yes,yes,yes,yes,,low_sem_low_perc,Q4,low,low,7,6,5,1.478,7.119,-1.9802,-1.0306,-1.1728,-1.0303,-1.0777,-1.0779,1.5061,-1.9669,0.0,0.0,0.6666666666666666
R_8WR3NUDvrUiADrH,SK-A-2320 A,20,none,1,-4.5,11.8439,4.0,yes,3.0,3.0,1.0,1.1666666666666667,0.9363006531065804,-0.0636993468934197,1.9363006531065805,high,1.1429,0.5579,-0.4421,1.5579,high,0.375,-0.3318,25-34 years old,Female,"No, I am not colourblind",367,100,True,27,yes,yes,yes,yes,,high_sem_low_perc,Q3,high,low,47,24,14,4.652,11.926,-0.0356,0.9968,1.6212,1.8808,-0.0569,1.4996,0.4324,-1.9669,0.0,0.0,0.6666666666666666
R_8WR3NUDvrUiADrH,SK-A-1574,21,none,4,-1.5,-6.1561,1.0,yes,3.0,-3.0,1.0,1.1666666666666667,0.9363006531065804,-0.0636993468934197,1.9363006531065805,high,1.1429,0.5579,-0.4421,1.5579,high,0.375,-0.3318,25-34 years old,Female,"No, I am not colourblind",367,100,True,27,yes,yes,yes,yes,,high_sem_high_perc,Q1,high,high,41,19,10,6.451,10.977,1.0665,0.6927,0.8451,0.587,-0.2584,0.7083,-1.9879,-1.9669,0.0,0.0,0.6666666666666666
R_8WR3NUDvrUiADrH,SK-C-95,22,human,3,-2.5,-2.1561,2.0,yes,1.0,-1.0,1.0,1.1666666666666667,0.9363006531065804,-0.0636993468934197,1.9363006531065805,high,1.1429,0.5579,-0.4421,1.5579,high,0.375,-0.3318,25-34 years old,Female,"No, I am not colourblind",367,100,True,27,yes,yes,yes,yes,,low_sem_high_perc,Q2,low,high,12,10,6,5.078,11.141,0.2254,-0.7772,-0.5519,-0.7068,-0.2236,-0.6786,0.0208,-1.9669,0.0,0.0,0.6666666666666666
R_8WR3NUDvrUiADrH,SK-C-243,23,ai,4,-1.5,-6.1561,6.0,yes,2.0,2.0,1.0,1.1666666666666667,0.9363006531065804,-0.0636993468934197,1.9363006531065805,high,1.1429,0.5579,-0.4421,1.5579,high,0.375,-0.3318,25-34 years old,Female,"No, I am not colourblind",367,100,True,27,yes,yes,yes,yes,,low_sem_low_perc,Q4,low,low,14,12,6,4.052,8.426,-0.4032,-0.6758,-0.2415,-0.7068,-0.8002,-0.5414,0.1632,-1.9669,0.0,0.0,0.6666666666666666
R_8WR3NUDvrUiADrH,SK-A-1713,24,none,2,-3.5,3.8439,1.0,yes,1.0,-1.0,1.0,1.1666666666666667,0.9363006531065804,-0.0636993468934197,1.9363006531065805,high,1.1429,0.5579,-0.4421,1.5579,high,0.375,-0.3318,25-34 years old,Female,"No, I am not colourblind",367,100,True,27,yes,yes,yes,yes,,low_sem_low_perc,Q4,low,low,15,13,10,2.989,8.961,-1.0545,-0.6251,-0.0862,0.587,-0.6866,-0.0414,-0.1003,-1.9669,0.0,0.0,0.6666666666666666
R_8WR3NUDvrUiADrH,SK-A-2320 B,25,human,3,-2.5,-2.1561,2.0,yes,1.0,-1.0,1.0,1.1666666666666667,0.9363006531065804,-0.0636993468934197,1.9363006531065805,high,1.1429,0.5579,-0.4421,1.5579,high,0.375,-0.3318,25-34 years old,Female,"No, I am not colourblind",367,100,True,27,yes,yes,yes,yes,,low_sem_high_perc,Q2,low,high,11,7,4,4.974,8.222,0.1616,-0.8279,-1.0175,-1.3537,-0.8435,-1.0664,0.3704,-1.9669,0.0,0.0,0.6666666666666666
R_8WR3NUDvrUiADrH,SK-A-232,26,human,2,-3.5,3.8439,2.0,yes,0.0,0.0,1.0,1.1666666666666667,0.9363006531065804,-0.0636993468934197,1.9363006531065805,high,1.1429,0.5579,-0.4421,1.5579,high,0.375,-0.3318,25-34 years old,Female,"No, I am not colourblind",367,100,True,27,yes,yes,yes,yes,,high_sem_low_perc,Q3,high,low,76,16,8,2.204,6.579,-1.5354,2.4667,0.3794,-0.0599,-1.1924,0.9287,0.1549,-1.9669,0.0,0.0,0.6666666666666666
R_8WR3NUDvrUiADrH,SK-A-1298,27,ai,3,-2.5,-2.1561,2.0,yes,1.0,-1.0,1.0,1.1666666666666667,0.9363006531065804,-0.0636993468934197,1.9363006531065805,high,1.1429,0.5579,-0.4421,1.5579,high,0.375,-0.3318,25-34 years old,Female,"No, I am not colourblind",367,100,True,27,yes,yes,yes,yes,,low_sem_high_perc,Q2,low,high,13,4,3,6.345,12.638,1.0016,-0.7265,-1.4832,-1.6772,0.0943,-1.2956,-1.1122,-1.9669,0.0,0.0,0.6666666666666666
R_2s639bEz4avHjGp,SK-A-388,1,human,1,-4.5,11.8439,5.0,yes,4.0,4.0,1.0,0.5,-0.3874347530096192,-1.3874347530096192,0.6125652469903808,low,0.8571,-0.0325,-1.0325,0.9675,low,0.375,-0.3318,25-34 years old,Female,"No, I am not colourblind",344,100,True,27,yes,yes,yes,yes,,high_sem_low_perc,Q3,high,low,52,24,12,4.026,10.43,-0.4191,1.2502,1.6212,1.2339,-0.3746,1.3684,0.1145,0.0331,1.0,0.5,0.6666666666666666
R_2s639bEz4avHjGp,SK-A-1298,2,human,3,-2.5,-2.1561,4.0,yes,1.0,1.0,1.0,0.5,-0.3874347530096192,-1.3874347530096192,0.6125652469903808,low,0.8571,-0.0325,-1.0325,0.9675,low,0.375,-0.3318,25-34 years old,Female,"No, I am not colourblind",344,100,True,27,yes,yes,yes,yes,,low_sem_high_perc,Q2,low,high,13,4,3,6.345,12.638,1.0016,-0.7265,-1.4832,-1.6772,0.0943,-1.2956,-1.1122,0.0331,1.0,0.5,0.6666666666666666
R_2s639bEz4avHjGp,SK-A-4717,3,ai,4,-1.5,-6.1561,6.0,yes,2.0,2.0,1.0,0.5,-0.3874347530096192,-1.3874347530096192,0.6125652469903808,low,0.8571,-0.0325,-1.0325,0.9675,low,0.375,-0.3318,25-34 years old,Female,"No, I am not colourblind",344,100,True,27,yes,yes,yes,yes,,low_sem_high_perc,Q2,low,high,12,10,9,6.171,17.158,0.895,-0.7772,-0.5519,0.2636,1.0542,-0.3552,-0.0167,0.0331,1.0,0.5,0.6666666666666666
R_2s639bEz4avHjGp,SK-A-1906,4,human,10,4.5,11.8439,4.0,yes,6.0,-6.0,1.0,0.5,-0.3874347530096192,-1.3874347530096192,0.6125652469903808,low,0.8571,-0.0325,-1.0325,0.9675,low,0.375,-0.3318,25-34 years old,Female,"No, I am not colourblind",344,100,True,27,yes,yes,yes,yes,,high_sem_low_perc,Q3,high,low,43,16,11,4.708,19.343,-0.0013,0.7941,0.3794,0.9105,1.5182,0.6947,0.4853,0.0331,1.0,0.5,0.6666666666666666
R_2s639bEz4avHjGp,SK-A-298,5,human,1,-4.5,11.8439,3.0,yes,2.0,2.0,1.0,0.5,-0.3874347530096192,-1.3874347530096192,0.6125652469903808,low,0.8571,-0.0325,-1.0325,0.9675,low,0.375,-0.3318,25-34 years old,Female,"No, I am not colourblind",344,100,True,27,yes,yes,yes,yes,,high_sem_low_perc,Q3,high,low,22,19,12,3.588,8.258,-0.6875,-0.2703,0.8451,1.2339,-0.8359,0.6029,0.4922,0.0331,1.0,0.5,0.6666666666666666
R_2s639bEz4avHjGp,SK-A-2110,6,human,4,-1.5,-6.1561,6.0,yes,2.0,2.0,1.0,0.5,-0.3874347530096192,-1.3874347530096192,0.6125652469903808,low,0.8571,-0.0325,-1.0325,0.9675,low,0.375,-0.3318,25-34 years old,Female,"No, I am not colourblind",344,100,True,27,yes,yes,yes,yes,,high_sem_low_perc,Q3,high,low,29,17,13,4.449,10.91,-0.16,0.0845,0.5346,1.5574,-0.2727,0.7255,0.9709,0.0331,1.0,0.5,0.6666666666666666
R_2s639bEz4avHjGp,SK-A-62,7,ai,9,3.5,3.8439,2.0,yes,7.0,-7.0,1.0,0.5,-0.3874347530096192,-1.3874347530096192,0.6125652469903808,low,0.8571,-0.0325,-1.0325,0.9675,low,0.375,-0.3318,25-34 years old,Female,"No, I am not colourblind",344,100,True,27,yes,yes,yes,yes,,low_sem_low_perc,Q4,low,low,6,4,4,4.61,10.563,-0.0614,-1.0813,-1.4832,-1.3537,-0.3464,-1.3061,-1.366,0.0331,1.0,0.5,0.6666666666666666
R_2s639bEz4avHjGp,SK-C-243,8,ai,10,4.5,11.8439,6.0,yes,4.0,-4.0,1.0,0.5,-0.3874347530096192,-1.3874347530096192,0.6125652469903808,low,0.8571,-0.0325,-1.0325,0.9675,low,0.375,-0.3318,25-34 years old,Female,"No, I am not colourblind",344,100,True,27,yes,yes,yes,yes,,low_sem_low_perc,Q4,low,low,14,12,6,4.052,8.426,-0.4032,-0.6758,-0.2415,-0.7068,-0.8002,-0.5414,0.1632,0.0331,1.0,0.5,0.6666666666666666
R_2s639bEz4avHjGp,SK-C-1215,9,none,6,0.5,-8.1561,5.0,yes,1.0,-1.0,1.0,0.5,-0.3874347530096192,-1.3874347530096192,0.6125652469903808,low,0.8571,-0.0325,-1.0325,0.9675,low,0.375,-0.3318,25-34 years old,Female,"No, I am not colourblind",344,100,True,27,yes,yes,yes,yes,,high_sem_high_perc,Q1,high,high,24,14,8,5.533,8.134,0.5041,-0.169,0.069,-0.0599,-0.8622,-0.0533,-0.0772,0.0331,1.0,0.5,0.6666666666666666
R_2s639bEz4avHjGp,SK-A-1713,10,ai,6,0.5,-8.1561,4.0,yes,2.0,-2.0,1.0,0.5,-0.3874347530096192,-1.3874347530096192,0.6125652469903808,low,0.8571,-0.0325,-1.0325,0.9675,low,0.375,-0.3318,25-34 years old,Female,"No, I am not colourblind",344,100,True,27,yes,yes,yes,yes,,low_sem_low_perc,Q4,low,low,15,13,10,2.989,8.961,-1.0545,-0.6251,-0.0862,0.587,-0.6866,-0.0414,-0.1003,0.0331,1.0,0.5,0.6666666666666666
R_2s639bEz4avHjGp,SK-A-1940,11,none,10,4.5,11.8439,4.0,yes,6.0,-6.0,1.0,0.5,-0.3874347530096192,-1.3874347530096192,0.6125652469903808,low,0.8571,-0.0325,-1.0325,0.9675,low,0.375,-0.3318,25-34 years old,Female,"No, I am not colourblind",344,100,True,27,yes,yes,yes,yes,,high_sem_high_perc,Q1,high,high,39,23,10,7.148,15.116,1.4935,0.5913,1.466,0.587,0.6205,0.8814,-0.3461,0.0331,1.0,0.5,0.6666666666666666
R_2s639bEz4avHjGp,SK-A-864,12,human,1,-4.5,11.8439,6.0,yes,5.0,5.0,1.0,0.5,-0.3874347530096192,-1.3874347530096192,0.6125652469903808,low,0.8571,-0.0325,-1.0325,0.9675,low,0.375,-0.3318,25-34 years old,Female,"No, I am not colourblind",344,100,True,27,yes,yes,yes,yes,,high_sem_high_perc,Q1,high,high,66,28,11,8.181,13.079,2.1264,1.9598,2.242,0.9105,0.188,1.7041,1.4922,0.0331,1.0,0.5,0.6666666666666666
R_2s639bEz4avHjGp,SK-A-3023,13,none,9,3.5,3.8439,4.0,yes,5.0,-5.0,1.0,0.5,-0.3874347530096192,-1.3874347530096192,0.6125652469903808,low,0.8571,-0.0325,-1.0325,0.9675,low,0.375,-0.3318,25-34 years old,Female,"No, I am not colourblind",344,100,True,27,yes,yes,yes,yes,,high_sem_low_perc,Q3,high,low,24,9,6,2.609,6.171,-1.2873,-0.169,-0.7071,-0.7068,-1.2791,-0.5276,-0.4284,0.0331,1.0,0.5,0.6666666666666666
R_2s639bEz4avHjGp,SK-A-1574,14,ai,2,-3.5,3.8439,3.0,yes,1.0,1.0,1.0,0.5,-0.3874347530096192,-1.3874347530096192,0.6125652469903808,low,0.8571,-0.0325,-1.0325,0.9675,low,0.375,-0.3318,25-34 years old,Female,"No, I am not colourblind",344,100,True,27,yes,yes,yes,yes,,high_sem_high_perc,Q1,high,high,41,19,10,6.451,10.977,1.0665,0.6927,0.8451,0.587,-0.2584,0.7083,-1.9879,0.0331,1.0,0.5,0.6666666666666666
R_2s639bEz4avHjGp,SK-C-153,15,human,4,-1.5,-6.1561,7.0,yes,3.0,3.0,1.0,0.5,-0.3874347530096192,-1.3874347530096192,0.6125652469903808,low,0.8571,-0.0325,-1.0325,0.9675,low,0.375,-0.3318,25-34 years old,Female,"No, I am not colourblind",344,100,True,27,yes,yes,yes,yes,,low_sem_high_perc,Q2,low,high,14,12,8,6.72,23.164,1.2313,-0.6758,-0.2415,-0.0599,2.3297,-0.3257,0.2978,0.0331,1.0,0.5,0.6666666666666666
R_2s639bEz4avHjGp,SK-A-232,16,ai,1,-4.5,11.8439,2.0,yes,1.0,1.0,1.0,0.5,-0.3874347530096192,-1.3874347530096192,0.6125652469903808,low,0.8571,-0.0325,-1.0325,0.9675,low,0.375,-0.3318,25-34 years old,Female,"No, I am not colourblind",344,100,True,27,yes,yes,yes,yes,,high_sem_low_perc,Q3,high,low,76,16,8,2.204,6.579,-1.5354,2.4667,0.3794,-0.0599,-1.1924,0.9287,0.1549,0.0331,1.0,0.5,0.6666666666666666
R_2s639bEz4avHjGp,SK-A-110,17,ai,6,0.5,-8.1561,7.0,yes,1.0,1.0,1.0,0.5,-0.3874347530096192,-1.3874347530096192,0.6125652469903808,low,0.8571,-0.0325,-1.0325,0.9675,low,0.375,-0.3318,25-34 years old,Female,"No, I am not colourblind",344,100,True,27,yes,yes,yes,yes,,low_sem_high_perc,Q2,low,high,9,7,5,5.104,15.147,0.2413,-0.9292,-1.0175,-1.0303,0.6271,-0.9923,0.0078,0.0331,1.0,0.5,0.6666666666666666
R_2s639bEz4avHjGp,SK-A-261,18,none,5,-0.5,-8.1561,7.0,yes,2.0,2.0,1.0,0.5,-0.3874347530096192,-1.3874347530096192,0.6125652469903808,low,0.8571,-0.0325,-1.0325,0.9675,low,0.375,-0.3318,25-34 years old,Female,"No, I am not colourblind",344,100,True,27,yes,yes,yes,yes,,low_sem_low_perc,Q4,low,low,9,8,7,4.292,16.828,-0.2562,-0.9292,-0.8623,-0.3834,0.9841,-0.725,0.1278,0.0331,1.0,0.5,0.6666666666666666
R_2s639bEz4avHjGp,SK-A-1403,19,none,10,4.5,11.8439,8.0,yes,2.0,-2.0,1.0,0.5,-0.3874347530096192,-1.3874347530096192,0.6125652469903808,low,0.8571,-0.0325,-1.0325,0.9675,low,0.375,-0.3318,25-34 years old,Female,"No, I am not colourblind",344,100,True,27,yes,yes,yes,yes,,high_sem_high_perc,Q1,high,high,69,22,13,5.281,17.539,0.3497,2.1119,1.3107,1.5574,1.1351,1.66,0.7811,0.0331,1.0,0.5,0.6666666666666666
R_2s639bEz4avHjGp,SK-A-2320 A,20,human,7,1.5,-6.1561,6.0,yes,1.0,-1.0,1.0,0.5,-0.3874347530096192,-1.3874347530096192,0.6125652469903808,low,0.8571,-0.0325,-1.0325,0.9675,low,0.375,-0.3318,25-34 years old,Female,"No, I am not colourblind",344,100,True,27,yes,yes,yes,yes,,high_sem_low_perc,Q3,high,low,47,24,14,4.652,11.926,-0.0356,0.9968,1.6212,1.8808,-0.0569,1.4996,0.4324,0.0331,1.0,0.5,0.6666666666666666
R_2s639bEz4avHjGp,SK-A-87,21,ai,9,3.5,3.8439,2.0,yes,7.0,-7.0,1.0,0.5,-0.3874347530096192,-1.3874347530096192,0.6125652469903808,low,0.8571,-0.0325,-1.0325,0.9675,low,0.375,-0.3318,25-34 years old,Female,"No, I am not colourblind",344,100,True,27,yes,yes,yes,yes,,low_sem_low_perc,Q4,low,low,16,9,4,1.284,3.991,-2.099,-0.5744,-0.7071,-1.3537,-1.742,-0.8784,0.5278,0.0331,1.0,0.5,0.6666666666666666
R_2s639bEz4avHjGp,SK-A-1684,22,human,7,1.5,-6.1561,5.0,yes,2.0,-2.0,1.0,0.5,-0.3874347530096192,-1.3874347530096192,0.6125652469903808,low,0.8571,-0.0325,-1.0325,0.9675,low,0.375,-0.3318,25-34 years old,Female,"No, I am not colourblind",344,100,True,27,yes,yes,yes,yes,,low_sem_low_perc,Q4,low,low,7,6,5,1.478,7.119,-1.9802,-1.0306,-1.1728,-1.0303,-1.0777,-1.0779,1.5061,0.0331,1.0,0.5,0.6666666666666666
R_2s639bEz4avHjGp,SK-A-3297,23,none,9,3.5,3.8439,3.0,yes,6.0,-6.0,1.0,0.5,-0.3874347530096192,-1.3874347530096192,0.6125652469903808,low,0.8571,-0.0325,-1.0325,0.9675,low,0.375,-0.3318,25-34 years old,Female,"No, I am not colourblind",344,100,True,27,yes,yes,yes,yes,,low_sem_low_perc,Q4,low,low,17,10,7,4.118,13.599,-0.3628,-0.5237,-0.5519,-0.3834,0.2984,-0.4863,-0.4879,0.0331,1.0,0.5,0.6666666666666666
R_2s639bEz4avHjGp,SK-A-4469,24,none,6,0.5,-8.1561,7.0,yes,1.0,1.0,1.0,0.5,-0.3874347530096192,-1.3874347530096192,0.6125652469903808,low,0.8571,-0.0325,-1.0325,0.9675,low,0.375,-0.3318,25-34 years old,Female,"No, I am not colourblind",344,100,True,27,yes,yes,yes,yes,,high_sem_high_perc,Q1,high,high,31,11,6,6.128,21.628,0.8686,0.1858,-0.3967,-0.7068,2.0035,-0.3059,-0.9165,0.0331,1.0,0.5,0.6666666666666666
R_2s639bEz4avHjGp,SK-A-1756,25,none,10,4.5,11.8439,2.0,yes,8.0,-8.0,1.0,0.5,-0.3874347530096192,-1.3874347530096192,0.6125652469903808,low,0.8571,-0.0325,-1.0325,0.9675,low,0.375,-0.3318,25-34 years old,Female,"No, I am not colourblind",344,100,True,27,yes,yes,yes,yes,,high_sem_high_perc,Q1,high,high,20,12,9,5.001,12.19,0.1782,-0.3717,-0.2415,0.2636,-0.0008,-0.1165,-1.106,0.0331,1.0,0.5,0.6666666666666666
R_2s639bEz4avHjGp,SK-C-95,26,none,2,-3.5,3.8439,5.0,yes,3.0,3.0,1.0,0.5,-0.3874347530096192,-1.3874347530096192,0.6125652469903808,low,0.8571,-0.0325,-1.0325,0.9675,low,0.375,-0.3318,25-34 years old,Female,"No, I am not colourblind",344,100,True,27,yes,yes,yes,yes,,low_sem_high_perc,Q2,low,high,12,10,6,5.078,11.141,0.2254,-0.7772,-0.5519,-0.7068,-0.2236,-0.6786,0.0208,0.0331,1.0,0.5,0.6666666666666666
R_2s639bEz4avHjGp,SK-A-2320 B,27,ai,1,-4.5,11.8439,4.0,yes,3.0,3.0,1.0,0.5,-0.3874347530096192,-1.3874347530096192,0.6125652469903808,low,0.8571,-0.0325,-1.0325,0.9675,low,0.375,-0.3318,25-34 years old,Female,"No, I am not colourblind",344,100,True,27,yes,yes,yes,yes,,low_sem_high_perc,Q2,low,high,11,7,4,4.974,8.222,0.1616,-0.8279,-1.0175,-1.3537,-0.8435,-1.0664,0.3704,0.0331,1.0,0.5,0.6666666666666666
R_2ScqI544SREzKLV,SK-A-1906,1,ai,8,2.5,-2.1561,7.0,yes,1.0,-1.0,1.0,1.0,0.6053668015775303,-0.3946331984224697,1.6053668015775302,high,1.0,0.2627,-0.7373,1.2627,high,0.0,-1.0998,45-54 years old,Female,"No, I am not colourblind",809,90,False,27,yes,yes,yes,yes,,high_sem_low_perc,Q3,high,low,43,16,11,4.708,19.343,-0.0013,0.7941,0.3794,0.9105,1.5182,0.6947,0.4853,1.8108,1.0,1.0,1.0
R_2ScqI544SREzKLV,SK-A-1713,2,human,3,-2.5,-2.1561,7.0,yes,4.0,4.0,1.0,1.0,0.6053668015775303,-0.3946331984224697,1.6053668015775302,high,1.0,0.2627,-0.7373,1.2627,high,0.0,-1.0998,45-54 years old,Female,"No, I am not colourblind",809,90,False,27,yes,yes,yes,yes,,low_sem_low_perc,Q4,low,low,15,13,10,2.989,8.961,-1.0545,-0.6251,-0.0862,0.587,-0.6866,-0.0414,-0.1003,1.8108,1.0,1.0,1.0
R_2ScqI544SREzKLV,SK-A-62,3,human,5,-0.5,-8.1561,7.0,yes,2.0,2.0,1.0,1.0,0.6053668015775303,-0.3946331984224697,1.6053668015775302,high,1.0,0.2627,-0.7373,1.2627,high,0.0,-1.0998,45-54 years old,Female,"No, I am not colourblind",809,90,False,27,yes,yes,yes,yes,,low_sem_low_perc,Q4,low,low,6,4,4,4.61,10.563,-0.0614,-1.0813,-1.4832,-1.3537,-0.3464,-1.3061,-1.366,1.8108,1.0,1.0,1.0
R_2ScqI544SREzKLV,SK-A-4717,4,none,5,-0.5,-8.1561,7.0,yes,2.0,2.0,1.0,1.0,0.6053668015775303,-0.3946331984224697,1.6053668015775302,high,1.0,0.2627,-0.7373,1.2627,high,0.0,-1.0998,45-54 years old,Female,"No, I am not colourblind",809,90,False,27,yes,yes,yes,yes,,low_sem_high_perc,Q2,low,high,12,10,9,6.171,17.158,0.895,-0.7772,-0.5519,0.2636,1.0542,-0.3552,-0.0167,1.8108,1.0,1.0,1.0
R_2ScqI544SREzKLV,SK-C-95,5,ai,10,4.5,11.8439,7.0,yes,3.0,-3.0,1.0,1.0,0.6053668015775303,-0.3946331984224697,1.6053668015775302,high,1.0,0.2627,-0.7373,1.2627,high,0.0,-1.0998,45-54 years old,Female,"No, I am not colourblind",809,90,False,27,yes,yes,yes,yes,,low_sem_high_perc,Q2,low,high,12,10,6,5.078,11.141,0.2254,-0.7772,-0.5519,-0.7068,-0.2236,-0.6786,0.0208,1.8108,1.0,1.0,1.0
R_2ScqI544SREzKLV,SK-A-1403,6,human,3,-2.5,-2.1561,7.0,yes,4.0,4.0,1.0,1.0,0.6053668015775303,-0.3946331984224697,1.6053668015775302,high,1.0,0.2627,-0.7373,1.2627,high,0.0,-1.0998,45-54 years old,Female,"No, I am not colourblind",809,90,False,27,yes,yes,yes,yes,,high_sem_high_perc,Q1,high,high,69,22,13,5.281,17.539,0.3497,2.1119,1.3107,1.5574,1.1351,1.66,0.7811,1.8108,1.0,1.0,1.0
R_2ScqI544SREzKLV,SK-A-4469,7,human,1,-4.5,11.8439,7.0,yes,6.0,6.0,1.0,1.0,0.6053668015775303,-0.3946331984224697,1.6053668015775302,high,1.0,0.2627,-0.7373,1.2627,high,0.0,-1.0998,45-54 years old,Female,"No, I am not colourblind",809,90,False,27,yes,yes,yes,yes,,high_sem_high_perc,Q1,high,high,31,11,6,6.128,21.628,0.8686,0.1858,-0.3967,-0.7068,2.0035,-0.3059,-0.9165,1.8108,1.0,1.0,1.0
R_2ScqI544SREzKLV,SK-A-1574,8,human,6,0.5,-8.1561,6.0,yes,0.0,0.0,1.0,1.0,0.6053668015775303,-0.3946331984224697,1.6053668015775302,high,1.0,0.2627,-0.7373,1.2627,high,0.0,-1.0998,45-54 years old,Female,"No, I am not colourblind",809,90,False,27,yes,yes,yes,yes,,high_sem_high_perc,Q1,high,high,41,19,10,6.451,10.977,1.0665,0.6927,0.8451,0.587,-0.2584,0.7083,-1.9879,1.8108,1.0,1.0,1.0
R_2ScqI544SREzKLV,SK-A-1940,9,ai,2,-3.5,3.8439,7.0,yes,5.0,5.0,1.0,1.0,0.6053668015775303,-0.3946331984224697,1.6053668015775302,high,1.0,0.2627,-0.7373,1.2627,high,0.0,-1.0998,45-54 years old,Female,"No, I am not colourblind",809,90,False,27,yes,yes,yes,yes,,high_sem_high_perc,Q1,high,high,39,23,10,7.148,15.116,1.4935,0.5913,1.466,0.587,0.6205,0.8814,-0.3461,1.8108,1.0,1.0,1.0
R_2ScqI544SREzKLV,SK-A-1756,10,human,1,-4.5,11.8439,7.0,yes,6.0,6.0,1.0,1.0,0.6053668015775303,-0.3946331984224697,1.6053668015775302,high,1.0,0.2627,-0.7373,1.2627,high,0.0,-1.0998,45-54 years old,Female,"No, I am not colourblind",809,90,False,27,yes,yes,yes,yes,,high_sem_high_perc,Q1,high,high,20,12,9,5.001,12.19,0.1782,-0.3717,-0.2415,0.2636,-0.0008,-0.1165,-1.106,1.8108,1.0,1.0,1.0
R_2ScqI544SREzKLV,SK-A-110,11,none,4,-1.5,-6.1561,7.0,yes,3.0,3.0,1.0,1.0,0.6053668015775303,-0.3946331984224697,1.6053668015775302,high,1.0,0.2627,-0.7373,1.2627,high,0.0,-1.0998,45-54 years old,Female,"No, I am not colourblind",809,90,False,27,yes,yes,yes,yes,,low_sem_high_perc,Q2,low,high,9,7,5,5.104,15.147,0.2413,-0.9292,-1.0175,-1.0303,0.6271,-0.9923,0.0078,1.8108,1.0,1.0,1.0
R_2ScqI544SREzKLV,SK-C-1215,12,ai,7,1.5,-6.1561,7.0,yes,0.0,0.0,1.0,1.0,0.6053668015775303,-0.3946331984224697,1.6053668015775302,high,1.0,0.2627,-0.7373,1.2627,high,0.0,-1.0998,45-54 years old,Female,"No, I am not colourblind",809,90,False,27,yes,yes,yes,yes,,high_sem_high_perc,Q1,high,high,24,14,8,5.533,8.134,0.5041,-0.169,0.069,-0.0599,-0.8622,-0.0533,-0.0772,1.8108,1.0,1.0,1.0
R_2ScqI544SREzKLV,SK-A-2110,13,none,7,1.5,-6.1561,7.0,yes,0.0,0.0,1.0,1.0,0.6053668015775303,-0.3946331984224697,1.6053668015775302,high,1.0,0.2627,-0.7373,1.2627,high,0.0,-1.0998,45-54 years old,Female,"No, I am not colourblind",809,90,False,27,yes,yes,yes,yes,,high_sem_low_perc,Q3,high,low,29,17,13,4.449,10.91,-0.16,0.0845,0.5346,1.5574,-0.2727,0.7255,0.9709,1.8108,1.0,1.0,1.0
R_2ScqI544SREzKLV,SK-A-261,14,none,2,-3.5,3.8439,7.0,yes,5.0,5.0,1.0,1.0,0.6053668015775303,-0.3946331984224697,1.6053668015775302,high,1.0,0.2627,-0.7373,1.2627,high,0.0,-1.0998,45-54 years old,Female,"No, I am not colourblind",809,90,False,27,yes,yes,yes,yes,,low_sem_low_perc,Q4,low,low,9,8,7,4.292,16.828,-0.2562,-0.9292,-0.8623,-0.3834,0.9841,-0.725,0.1278,1.8108,1.0,1.0,1.0
R_2ScqI544SREzKLV,SK-C-243,15,none,10,4.5,11.8439,7.0,yes,3.0,-3.0,1.0,1.0,0.6053668015775303,-0.3946331984224697,1.6053668015775302,high,1.0,0.2627,-0.7373,1.2627,high,0.0,-1.0998,45-54 years old,Female,"No, I am not colourblind",809,90,False,27,yes,yes,yes,yes,,low_sem_low_perc,Q4,low,low,14,12,6,4.052,8.426,-0.4032,-0.6758,-0.2415,-0.7068,-0.8002,-0.5414,0.1632,1.8108,1.0,1.0,1.0
R_2ScqI544SREzKLV,SK-A-298,16,ai,8,2.5,-2.1561,7.0,yes,1.0,-1.0,1.0,1.0,0.6053668015775303,-0.3946331984224697,1.6053668015775302,high,1.0,0.2627,-0.7373,1.2627,high,0.0,-1.0998,45-54 years old,Female,"No, I am not colourblind",809,90,False,27,yes,yes,yes,yes,,high_sem_low_perc,Q3,high,low,22,19,12,3.588,8.258,-0.6875,-0.2703,0.8451,1.2339,-0.8359,0.6029,0.4922,1.8108,1.0,1.0,1.0
R_2ScqI544SREzKLV,SK-A-864,17,none,7,1.5,-6.1561,7.0,yes,0.0,0.0,1.0,1.0,0.6053668015775303,-0.3946331984224697,1.6053668015775302,high,1.0,0.2627,-0.7373,1.2627,high,0.0,-1.0998,45-54 years old,Female,"No, I am not colourblind",809,90,False,27,yes,yes,yes,yes,,high_sem_high_perc,Q1,high,high,66,28,11,8.181,13.079,2.1264,1.9598,2.242,0.9105,0.188,1.7041,1.4922,1.8108,1.0,1.0,1.0
R_2ScqI544SREzKLV,SK-A-232,18,none,5,-0.5,-8.1561,7.0,yes,2.0,2.0,1.0,1.0,0.6053668015775303,-0.3946331984224697,1.6053668015775302,high,1.0,0.2627,-0.7373,1.2627,high,0.0,-1.0998,45-54 years old,Female,"No, I am not colourblind",809,90,False,27,yes,yes,yes,yes,,high_sem_low_perc,Q3,high,low,76,16,8,2.204,6.579,-1.5354,2.4667,0.3794,-0.0599,-1.1924,0.9287,0.1549,1.8108,1.0,1.0,1.0
R_2ScqI544SREzKLV,SK-A-3023,19,ai,6,0.5,-8.1561,7.0,yes,1.0,1.0,1.0,1.0,0.6053668015775303,-0.3946331984224697,1.6053668015775302,high,1.0,0.2627,-0.7373,1.2627,high,0.0,-1.0998,45-54 years old,Female,"No, I am not colourblind",809,90,False,27,yes,yes,yes,yes,,high_sem_low_perc,Q3,high,low,24,9,6,2.609,6.171,-1.2873,-0.169,-0.7071,-0.7068,-1.2791,-0.5276,-0.4284,1.8108,1.0,1.0,1.0
R_2ScqI544SREzKLV,SK-A-2320 A,20,human,7,1.5,-6.1561,7.0,yes,0.0,0.0,1.0,1.0,0.6053668015775303,-0.3946331984224697,1.6053668015775302,high,1.0,0.2627,-0.7373,1.2627,high,0.0,-1.0998,45-54 years old,Female,"No, I am not colourblind",809,90,False,27,yes,yes,yes,yes,,high_sem_low_perc,Q3,high,low,47,24,14,4.652,11.926,-0.0356,0.9968,1.6212,1.8808,-0.0569,1.4996,0.4324,1.8108,1.0,1.0,1.0
R_2ScqI544SREzKLV,SK-A-3297,21,none,9,3.5,3.8439,6.0,yes,3.0,-3.0,1.0,1.0,0.6053668015775303,-0.3946331984224697,1.6053668015775302,high,1.0,0.2627,-0.7373,1.2627,high,0.0,-1.0998,45-54 years old,Female,"No, I am not colourblind",809,90,False,27,yes,yes,yes,yes,,low_sem_low_perc,Q4,low,low,17,10,7,4.118,13.599,-0.3628,-0.5237,-0.5519,-0.3834,0.2984,-0.4863,-0.4879,1.8108,1.0,1.0,1.0
R_2ScqI544SREzKLV,SK-A-388,22,ai,4,-1.5,-6.1561,7.0,yes,3.0,3.0,1.0,1.0,0.6053668015775303,-0.3946331984224697,1.6053668015775302,high,1.0,0.2627,-0.7373,1.2627,high,0.0,-1.0998,45-54 years old,Female,"No, I am not colourblind",809,90,False,27,yes,yes,yes,yes,,high_sem_low_perc,Q3,high,low,52,24,12,4.026,10.43,-0.4191,1.2502,1.6212,1.2339,-0.3746,1.3684,0.1145,1.8108,1.0,1.0,1.0
R_2ScqI544SREzKLV,SK-A-87,23,ai,5,-0.5,-8.1561,7.0,yes,2.0,2.0,1.0,1.0,0.6053668015775303,-0.3946331984224697,1.6053668015775302,high,1.0,0.2627,-0.7373,1.2627,high,0.0,-1.0998,45-54 years old,Female,"No, I am not colourblind",809,90,False,27,yes,yes,yes,yes,,low_sem_low_perc,Q4,low,low,16,9,4,1.284,3.991,-2.099,-0.5744,-0.7071,-1.3537,-1.742,-0.8784,0.5278,1.8108,1.0,1.0,1.0
R_2ScqI544SREzKLV,SK-C-153,24,human,8,2.5,-2.1561,6.0,yes,2.0,-2.0,1.0,1.0,0.6053668015775303,-0.3946331984224697,1.6053668015775302,high,1.0,0.2627,-0.7373,1.2627,high,0.0,-1.0998,45-54 years old,Female,"No, I am not colourblind",809,90,False,27,yes,yes,yes,yes,,low_sem_high_perc,Q2,low,high,14,12,8,6.72,23.164,1.2313,-0.6758,-0.2415,-0.0599,2.3297,-0.3257,0.2978,1.8108,1.0,1.0,1.0
R_2ScqI544SREzKLV,SK-A-1298,25,none,10,4.5,11.8439,6.0,yes,4.0,-4.0,1.0,1.0,0.6053668015775303,-0.3946331984224697,1.6053668015775302,high,1.0,0.2627,-0.7373,1.2627,high,0.0,-1.0998,45-54 years old,Female,"No, I am not colourblind",809,90,False,27,yes,yes,yes,yes,,low_sem_high_perc,Q2,low,high,13,4,3,6.345,12.638,1.0016,-0.7265,-1.4832,-1.6772,0.0943,-1.2956,-1.1122,1.8108,1.0,1.0,1.0
R_2ScqI544SREzKLV,SK-A-1684,26,human,6,0.5,-8.1561,7.0,yes,1.0,1.0,1.0,1.0,0.6053668015775303,-0.3946331984224697,1.6053668015775302,high,1.0,0.2627,-0.7373,1.2627,high,0.0,-1.0998,45-54 years old,Female,"No, I am not colourblind",809,90,False,27,yes,yes,yes,yes,,low_sem_low_perc,Q4,low,low,7,6,5,1.478,7.119,-1.9802,-1.0306,-1.1728,-1.0303,-1.0777,-1.0779,1.5061,1.8108,1.0,1.0,1.0
R_2ScqI544SREzKLV,SK-A-2320 B,27,ai,3,-2.5,-2.1561,6.0,yes,3.0,3.0,1.0,1.0,0.6053668015775303,-0.3946331984224697,1.6053668015775302,high,1.0,0.2627,-0.7373,1.2627,high,0.0,-1.0998,45-54 years old,Female,"No, I am not colourblind",809,90,False,27,yes,yes,yes,yes,,low_sem_high_perc,Q2,low,high,11,7,4,4.974,8.222,0.1616,-0.8279,-1.0175,-1.3537,-0.8435,-1.0664,0.3704,1.8108,1.0,1.0,1.0
R_7E56cA3f55Ka2qz,SK-A-2320 A,1,ai,9,3.5,3.8439,9.0,yes,0.0,0.0,,,,,,,,,,,,,,18-24 years old,Male,"No, I am not colourblind",228,50,False,8,no,no,no,no,,high_sem_low_perc,Q3,high,low,47,24,14,4.652,11.926,-0.0356,0.9968,1.6212,1.8808,-0.0569,1.4996,0.4324,,,,
R_7E56cA3f55Ka2qz,SK-A-1574,2,none,5,-0.5,-8.1561,6.0,yes,1.0,1.0,,,,,,,,,,,,,,18-24 years old,Male,"No, I am not colourblind",228,50,False,8,no,no,no,no,,high_sem_high_perc,Q1,high,high,41,19,10,6.451,10.977,1.0665,0.6927,0.8451,0.587,-0.2584,0.7083,-1.9879,,,,
R_7E56cA3f55Ka2qz,SK-A-1906,3,human,4,-1.5,-6.1561,4.0,yes,0.0,0.0,,,,,,,,,,,,,,18-24 years old,Male,"No, I am not colourblind",228,50,False,8,no,no,no,no,,high_sem_low_perc,Q3,high,low,43,16,11,4.708,19.343,-0.0013,0.7941,0.3794,0.9105,1.5182,0.6947,0.4853,,,,
R_7E56cA3f55Ka2qz,SK-A-87,4,human,10,4.5,11.8439,8.0,yes,2.0,-2.0,,,,,,,,,,,,,,18-24 years old,Male,"No, I am not colourblind",228,50,False,8,no,no,no,no,,low_sem_low_perc,Q4,low,low,16,9,4,1.284,3.991,-2.099,-0.5744,-0.7071,-1.3537,-1.742,-0.8784,0.5278,,,,
R_7E56cA3f55Ka2qz,SK-A-2320 B,5,none,2,-3.5,3.8439,7.0,yes,5.0,5.0,,,,,,,,,,,,,,18-24 years old,Male,"No, I am not colourblind",228,50,False,8,no,no,no,no,,low_sem_high_perc,Q2,low,high,11,7,4,4.974,8.222,0.1616,-0.8279,-1.0175,-1.3537,-0.8435,-1.0664,0.3704,,,,
R_7E56cA3f55Ka2qz,SK-A-232,6,ai,5,-0.5,-8.1561,8.0,yes,3.0,3.0,,,,,,,,,,,,,,18-24 years old,Male,"No, I am not colourblind",228,50,False,8,no,no,no,no,,high_sem_low_perc,Q3,high,low,76,16,8,2.204,6.579,-1.5354,2.4667,0.3794,-0.0599,-1.1924,0.9287,0.1549,,,,
R_7E56cA3f55Ka2qz,SK-A-1298,7,ai,9,3.5,3.8439,5.0,yes,4.0,-4.0,,,,,,,,,,,,,,18-24 years old,Male,"No, I am not colourblind",228,50,False,8,no,no,no,no,,low_sem_high_perc,Q2,low,high,13,4,3,6.345,12.638,1.0016,-0.7265,-1.4832,-1.6772,0.0943,-1.2956,-1.1122,,,,
R_7E56cA3f55Ka2qz,SK-A-3297,8,none,5,-0.5,-8.1561,6.0,yes,1.0,1.0,,,,,,,,,,,,,,18-24 years old,Male,"No, I am not colourblind",228,50,False,8,no,no,no,no,,low_sem_low_perc,Q4,low,low,17,10,7,4.118,13.599,-0.3628,-0.5237,-0.5519,-0.3834,0.2984,-0.4863,-0.4879,,,,
R_8jxPpPqHgUZ3xzH,SK-A-1298,1,human,9,3.5,3.8439,6.0,yes,3.0,-3.0,,,,,,,,,,,,,,65+ years old,Female,"No, I am not colourblind",207,50,False,1,no,no,no,no,,low_sem_high_perc,Q2,low,high,13,4,3,6.345,12.638,1.0016,-0.7265,-1.4832,-1.6772,0.0943,-1.2956,-1.1122,,,,
R_8QnoTMltrXbd8F2,SK-A-864,1,human,3,-2.5,-2.1561,3.0,yes,0.0,0.0,,,,,,,,,,,,,,18-24 years old,Female,"No, I am not colourblind",376,60,False,27,yes,no,no,no,,high_sem_high_perc,Q1,high,high,66,28,11,8.181,13.079,2.1264,1.9598,2.242,0.9105,0.188,1.7041,1.4922,0.922,,,
R_8QnoTMltrXbd8F2,SK-A-298,2,ai,6,0.5,-8.1561,4.0,yes,2.0,-2.0,,,,,,,,,,,,,,18-24 years old,Female,"No, I am not colourblind",376,60,False,27,yes,no,no,no,,high_sem_low_perc,Q3,high,low,22,19,12,3.588,8.258,-0.6875,-0.2703,0.8451,1.2339,-0.8359,0.6029,0.4922,0.922,,,
R_8QnoTMltrXbd8F2,SK-A-1684,3,human,6,0.5,-8.1561,8.0,yes,2.0,2.0,,,,,,,,,,,,,,18-24 years old,Female,"No, I am not colourblind",376,60,False,27,yes,no,no,no,,low_sem_low_perc,Q4,low,low,7,6,5,1.478,7.119,-1.9802,-1.0306,-1.1728,-1.0303,-1.0777,-1.0779,1.5061,0.922,,,
R_8QnoTMltrXbd8F2,SK-C-95,4,human,10,4.5,11.8439,9.0,yes,1.0,-1.0,,,,,,,,,,,,,,18-24 years old,Female,"No, I am not colourblind",376,60,False,27,yes,no,no,no,,low_sem_high_perc,Q2,low,high,12,10,6,5.078,11.141,0.2254,-0.7772,-0.5519,-0.7068,-0.2236,-0.6786,0.0208,0.922,,,
R_8QnoTMltrXbd8F2,SK-A-2320 A,5,human,10,4.5,11.8439,9.0,yes,1.0,-1.0,,,,,,,,,,,,,,18-24 years old,Female,"No, I am not colourblind",376,60,False,27,yes,no,no,no,,high_sem_low_perc,Q3,high,low,47,24,14,4.652,11.926,-0.0356,0.9968,1.6212,1.8808,-0.0569,1.4996,0.4324,0.922,,,
R_8QnoTMltrXbd8F2,SK-C-243,6,ai,1,-4.5,11.8439,4.0,yes,3.0,3.0,,,,,,,,,,,,,,18-24 years old,Female,"No, I am not colourblind",376,60,False,27,yes,no,no,no,,low_sem_low_perc,Q4,low,low,14,12,6,4.052,8.426,-0.4032,-0.6758,-0.2415,-0.7068,-0.8002,-0.5414,0.1632,0.922,,,
R_8QnoTMltrXbd8F2,SK-A-3023,7,ai,7,1.5,-6.1561,2.0,yes,5.0,-5.0,,,,,,,,,,,,,,18-24 years old,Female,"No, I am not colourblind",376,60,False,27,yes,no,no,no,,high_sem_low_perc,Q3,high,low,24,9,6,2.609,6.171,-1.2873,-0.169,-0.7071,-0.7068,-1.2791,-0.5276,-0.4284,0.922,,,
R_8QnoTMltrXbd8F2,SK-A-87,8,none,2,-3.5,3.8439,10.0,yes,8.0,8.0,,,,,,,,,,,,,,18-24 years old,Female,"No, I am not colourblind",376,60,False,27,yes,no,no,no,,low_sem_low_perc,Q4,low,low,16,9,4,1.284,3.991,-2.099,-0.5744,-0.7071,-1.3537,-1.742,-0.8784,0.5278,0.922,,,
R_8QnoTMltrXbd8F2,SK-C-1215,9,ai,8,2.5,-2.1561,10.0,yes,2.0,2.0,,,,,,,,,,,,,,18-24 years old,Female,"No, I am not colourblind",376,60,False,27,yes,no,no,no,,high_sem_high_perc,Q1,high,high,24,14,8,5.533,8.134,0.5041,-0.169,0.069,-0.0599,-0.8622,-0.0533,-0.0772,0.922,,,
R_8QnoTMltrXbd8F2,SK-A-2320 B,10,none,6,0.5,-8.1561,9.0,yes,3.0,3.0,,,,,,,,,,,,,,18-24 years old,Female,"No, I am not colourblind",376,60,False,27,yes,no,no,no,,low_sem_high_perc,Q2,low,high,11,7,4,4.974,8.222,0.1616,-0.8279,-1.0175,-1.3537,-0.8435,-1.0664,0.3704,0.922,,,
R_8QnoTMltrXbd8F2,SK-A-4469,11,none,7,1.5,-6.1561,5.0,yes,2.0,-2.0,,,,,,,,,,,,,,18-24 years old,Female,"No, I am not colourblind",376,60,False,27,yes,no,no,no,,high_sem_high_perc,Q1,high,high,31,11,6,6.128,21.628,0.8686,0.1858,-0.3967,-0.7068,2.0035,-0.3059,-0.9165,0.922,,,
R_8QnoTMltrXbd8F2,SK-A-1298,12,none,4,-1.5,-6.1561,2.0,yes,2.0,-2.0,,,,,,,,,,,,,,18-24 years old,Female,"No, I am not colourblind",376,60,False,27,yes,no,no,no,,low_sem_high_perc,Q2,low,high,13,4,3,6.345,12.638,1.0016,-0.7265,-1.4832,-1.6772,0.0943,-1.2956,-1.1122,0.922,,,
R_8QnoTMltrXbd8F2,SK-A-388,13,none,9,3.5,3.8439,1.0,yes,8.0,-8.0,,,,,,,,,,,,,,18-24 years old,Female,"No, I am not colourblind",376,60,False,27,yes,no,no,no,,high_sem_low_perc,Q3,high,low,52,24,12,4.026,10.43,-0.4191,1.2502,1.6212,1.2339,-0.3746,1.3684,0.1145,0.922,,,
R_8QnoTMltrXbd8F2,SK-A-261,14,ai,3,-2.5,-2.1561,3.0,yes,0.0,0.0,,,,,,,,,,,,,,18-24 years old,Female,"No, I am not colourblind",376,60,False,27,yes,no,no,no,,low_sem_low_perc,Q4,low,low,9,8,7,4.292,16.828,-0.2562,-0.9292,-0.8623,-0.3834,0.9841,-0.725,0.1278,0.922,,,
R_8QnoTMltrXbd8F2,SK-A-110,15,ai,9,3.5,3.8439,9.0,yes,0.0,0.0,,,,,,,,,,,,,,18-24 years old,Female,"No, I am not colourblind",376,60,False,27,yes,no,no,no,,low_sem_high_perc,Q2,low,high,9,7,5,5.104,15.147,0.2413,-0.9292,-1.0175,-1.0303,0.6271,-0.9923,0.0078,0.922,,,
R_8QnoTMltrXbd8F2,SK-A-1906,16,human,5,-0.5,-8.1561,1.0,yes,4.0,-4.0,,,,,,,,,,,,,,18-24 years old,Female,"No, I am not colourblind",376,60,False,27,yes,no,no,no,,high_sem_low_perc,Q3,high,low,43,16,11,4.708,19.343,-0.0013,0.7941,0.3794,0.9105,1.5182,0.6947,0.4853,0.922,,,
R_8QnoTMltrXbd8F2,SK-A-4717,17,none,3,-2.5,-2.1561,8.0,yes,5.0,5.0,,,,,,,,,,,,,,18-24 years old,Female,"No, I am not colourblind",376,60,False,27,yes,no,no,no,,low_sem_high_perc,Q2,low,high,12,10,9,6.171,17.158,0.895,-0.7772,-0.5519,0.2636,1.0542,-0.3552,-0.0167,0.922,,,
R_8QnoTMltrXbd8F2,SK-A-3297,18,human,10,4.5,11.8439,2.0,yes,8.0,-8.0,,,,,,,,,,,,,,18-24 years old,Female,"No, I am not colourblind",376,60,False,27,yes,no,no,no,,low_sem_low_perc,Q4,low,low,17,10,7,4.118,13.599,-0.3628,-0.5237,-0.5519,-0.3834,0.2984,-0.4863,-0.4879,0.922,,,
R_8QnoTMltrXbd8F2,SK-A-232,19,ai,10,4.5,11.8439,3.0,yes,7.0,-7.0,,,,,,,,,,,,,,18-24 years old,Female,"No, I am not colourblind",376,60,False,27,yes,no,no,no,,high_sem_low_perc,Q3,high,low,76,16,8,2.204,6.579,-1.5354,2.4667,0.3794,-0.0599,-1.1924,0.9287,0.1549,0.922,,,
R_8QnoTMltrXbd8F2,SK-A-2110,20,human,9,3.5,3.8439,1.0,yes,8.0,-8.0,,,,,,,,,,,,,,18-24 years old,Female,"No, I am not colourblind",376,60,False,27,yes,no,no,no,,high_sem_low_perc,Q3,high,low,29,17,13,4.449,10.91,-0.16,0.0845,0.5346,1.5574,-0.2727,0.7255,0.9709,0.922,,,
R_8QnoTMltrXbd8F2,SK-A-1574,21,ai,1,-4.5,11.8439,1.0,yes,0.0,0.0,,,,,,,,,,,,,,18-24 years old,Female,"No, I am not colourblind",376,60,False,27,yes,no,no,no,,high_sem_high_perc,Q1,high,high,41,19,10,6.451,10.977,1.0665,0.6927,0.8451,0.587,-0.2584,0.7083,-1.9879,0.922,,,
R_8QnoTMltrXbd8F2,SK-A-1940,22,none,5,-0.5,-8.1561,1.0,yes,4.0,-4.0,,,,,,,,,,,,,,18-24 years old,Female,"No, I am not colourblind",376,60,False,27,yes,no,no,no,,high_sem_high_perc,Q1,high,high,39,23,10,7.148,15.116,1.4935,0.5913,1.466,0.587,0.6205,0.8814,-0.3461,0.922,,,
R_8QnoTMltrXbd8F2,SK-C-153,23,none,1,-4.5,11.8439,10.0,yes,9.0,9.0,,,,,,,,,,,,,,18-24 years old,Female,"No, I am not colourblind",376,60,False,27,yes,no,no,no,,low_sem_high_perc,Q2,low,high,14,12,8,6.72,23.164,1.2313,-0.6758,-0.2415,-0.0599,2.3297,-0.3257,0.2978,0.922,,,
R_8QnoTMltrXbd8F2,SK-A-1756,24,human,4,-1.5,-6.1561,2.0,yes,2.0,-2.0,,,,,,,,,,,,,,18-24 years old,Female,"No, I am not colourblind",376,60,False,27,yes,no,no,no,,high_sem_high_perc,Q1,high,high,20,12,9,5.001,12.19,0.1782,-0.3717,-0.2415,0.2636,-0.0008,-0.1165,-1.106,0.922,,,
R_8QnoTMltrXbd8F2,SK-A-62,25,human,9,3.5,3.8439,1.0,yes,8.0,-8.0,,,,,,,,,,,,,,18-24 years old,Female,"No, I am not colourblind",376,60,False,27,yes,no,no,no,,low_sem_low_perc,Q4,low,low,6,4,4,4.61,10.563,-0.0614,-1.0813,-1.4832,-1.3537,-0.3464,-1.3061,-1.366,0.922,,,
R_8QnoTMltrXbd8F2,SK-A-1403,26,none,6,0.5,-8.1561,7.0,yes,1.0,1.0,,,,,,,,,,,,,,18-24 years old,Female,"No, I am not colourblind",376,60,False,27,yes,no,no,no,,high_sem_high_perc,Q1,high,high,69,22,13,5.281,17.539,0.3497,2.1119,1.3107,1.5574,1.1351,1.66,0.7811,0.922,,,
R_8QnoTMltrXbd8F2,SK-A-1713,27,ai,3,-2.5,-2.1561,1.0,yes,2.0,-2.0,,,,,,,,,,,,,,18-24 years old,Female,"No, I am not colourblind",376,60,False,27,yes,no,no,no,,low_sem_low_perc,Q4,low,low,15,13,10,2.989,8.961,-1.0545,-0.6251,-0.0862,0.587,-0.6866,-0.0414,-0.1003,0.922,,,
R_871k7IGYPkOXwZf,SK-A-1906,1,none,1,-4.5,11.8439,7.0,yes,6.0,6.0,1.0,1.0,0.6053668015775303,-0.3946331984224697,1.6053668015775302,high,1.1429,0.5579,-0.4421,1.5579,high,0.375,-0.3318,25-34 years old,Female,"No, I am not colourblind",314,100,True,27,yes,yes,yes,yes,,high_sem_low_perc,Q3,high,low,43,16,11,4.708,19.343,-0.0013,0.7941,0.3794,0.9105,1.5182,0.6947,0.4853,0.3664,1.0,1.5,1.6666666666666667
R_871k7IGYPkOXwZf,SK-A-3023,2,human,9,3.5,3.8439,6.0,yes,3.0,-3.0,1.0,1.0,0.6053668015775303,-0.3946331984224697,1.6053668015775302,high,1.1429,0.5579,-0.4421,1.5579,high,0.375,-0.3318,25-34 years old,Female,"No, I am not colourblind",314,100,True,27,yes,yes,yes,yes,,high_sem_low_perc,Q3,high,low,24,9,6,2.609,6.171,-1.2873,-0.169,-0.7071,-0.7068,-1.2791,-0.5276,-0.4284,0.3664,1.0,1.5,1.6666666666666667
R_871k7IGYPkOXwZf,SK-A-1574,3,human,4,-1.5,-6.1561,5.0,yes,1.0,1.0,1.0,1.0,0.6053668015775303,-0.3946331984224697,1.6053668015775302,high,1.1429,0.5579,-0.4421,1.5579,high,0.375,-0.3318,25-34 years old,Female,"No, I am not colourblind",314,100,True,27,yes,yes,yes,yes,,high_sem_high_perc,Q1,high,high,41,19,10,6.451,10.977,1.0665,0.6927,0.8451,0.587,-0.2584,0.7083,-1.9879,0.3664,1.0,1.5,1.6666666666666667
R_871k7IGYPkOXwZf,SK-C-95,4,none,2,-3.5,3.8439,6.0,yes,4.0,4.0,1.0,1.0,0.6053668015775303,-0.3946331984224697,1.6053668015775302,high,1.1429,0.5579,-0.4421,1.5579,high,0.375,-0.3318,25-34 years old,Female,"No, I am not colourblind",314,100,True,27,yes,yes,yes,yes,,low_sem_high_perc,Q2,low,high,12,10,6,5.078,11.141,0.2254,-0.7772,-0.5519,-0.7068,-0.2236,-0.6786,0.0208,0.3664,1.0,1.5,1.6666666666666667
R_871k7IGYPkOXwZf,SK-A-4469,5,ai,7,1.5,-6.1561,6.0,yes,1.0,-1.0,1.0,1.0,0.6053668015775303,-0.3946331984224697,1.6053668015775302,high,1.1429,0.5579,-0.4421,1.5579,high,0.375,-0.3318,25-34 years old,Female,"No, I am not colourblind",314,100,True,27,yes,yes,yes,yes,,high_sem_high_perc,Q1,high,high,31,11,6,6.128,21.628,0.8686,0.1858,-0.3967,-0.7068,2.0035,-0.3059,-0.9165,0.3664,1.0,1.5,1.6666666666666667
R_871k7IGYPkOXwZf,SK-A-1684,6,none,9,3.5,3.8439,8.0,yes,1.0,-1.0,1.0,1.0,0.6053668015775303,-0.3946331984224697,1.6053668015775302,high,1.1429,0.5579,-0.4421,1.5579,high,0.375,-0.3318,25-34 years old,Female,"No, I am not colourblind",314,100,True,27,yes,yes,yes,yes,,low_sem_low_perc,Q4,low,low,7,6,5,1.478,7.119,-1.9802,-1.0306,-1.1728,-1.0303,-1.0777,-1.0779,1.5061,0.3664,1.0,1.5,1.6666666666666667
R_871k7IGYPkOXwZf,SK-A-4717,7,ai,4,-1.5,-6.1561,5.0,yes,1.0,1.0,1.0,1.0,0.6053668015775303,-0.3946331984224697,1.6053668015775302,high,1.1429,0.5579,-0.4421,1.5579,high,0.375,-0.3318,25-34 years old,Female,"No, I am not colourblind",314,100,True,27,yes,yes,yes,yes,,low_sem_high_perc,Q2,low,high,12,10,9,6.171,17.158,0.895,-0.7772,-0.5519,0.2636,1.0542,-0.3552,-0.0167,0.3664,1.0,1.5,1.6666666666666667
R_871k7IGYPkOXwZf,SK-A-232,8,human,1,-4.5,11.8439,5.0,yes,4.0,4.0,1.0,1.0,0.6053668015775303,-0.3946331984224697,1.6053668015775302,high,1.1429,0.5579,-0.4421,1.5579,high,0.375,-0.3318,25-34 years old,Female,"No, I am not colourblind",314,100,True,27,yes,yes,yes,yes,,high_sem_low_perc,Q3,high,low,76,16,8,2.204,6.579,-1.5354,2.4667,0.3794,-0.0599,-1.1924,0.9287,0.1549,0.3664,1.0,1.5,1.6666666666666667
R_871k7IGYPkOXwZf,SK-A-1713,9,ai,4,-1.5,-6.1561,5.0,yes,1.0,1.0,1.0,1.0,0.6053668015775303,-0.3946331984224697,1.6053668015775302,high,1.1429,0.5579,-0.4421,1.5579,high,0.375,-0.3318,25-34 years old,Female,"No, I am not colourblind",314,100,True,27,yes,yes,yes,yes,,low_sem_low_perc,Q4,low,low,15,13,10,2.989,8.961,-1.0545,-0.6251,-0.0862,0.587,-0.6866,-0.0414,-0.1003,0.3664,1.0,1.5,1.6666666666666667
R_871k7IGYPkOXwZf,SK-C-1215,10,none,1,-4.5,11.8439,3.0,yes,2.0,2.0,1.0,1.0,0.6053668015775303,-0.3946331984224697,1.6053668015775302,high,1.1429,0.5579,-0.4421,1.5579,high,0.375,-0.3318,25-34 years old,Female,"No, I am not colourblind",314,100,True,27,yes,yes,yes,yes,,high_sem_high_perc,Q1,high,high,24,14,8,5.533,8.134,0.5041,-0.169,0.069,-0.0599,-0.8622,-0.0533,-0.0772,0.3664,1.0,1.5,1.6666666666666667
R_871k7IGYPkOXwZf,SK-C-153,11,human,2,-3.5,3.8439,3.0,yes,1.0,1.0,1.0,1.0,0.6053668015775303,-0.3946331984224697,1.6053668015775302,high,1.1429,0.5579,-0.4421,1.5579,high,0.375,-0.3318,25-34 years old,Female,"No, I am not colourblind",314,100,True,27,yes,yes,yes,yes,,low_sem_high_perc,Q2,low,high,14,12,8,6.72,23.164,1.2313,-0.6758,-0.2415,-0.0599,2.3297,-0.3257,0.2978,0.3664,1.0,1.5,1.6666666666666667
R_871k7IGYPkOXwZf,SK-A-298,12,human,4,-1.5,-6.1561,4.0,yes,0.0,0.0,1.0,1.0,0.6053668015775303,-0.3946331984224697,1.6053668015775302,high,1.1429,0.5579,-0.4421,1.5579,high,0.375,-0.3318,25-34 years old,Female,"No, I am not colourblind",314,100,True,27,yes,yes,yes,yes,,high_sem_low_perc,Q3,high,low,22,19,12,3.588,8.258,-0.6875,-0.2703,0.8451,1.2339,-0.8359,0.6029,0.4922,0.3664,1.0,1.5,1.6666666666666667
R_871k7IGYPkOXwZf,SK-A-62,13,human,7,1.5,-6.1561,4.0,yes,3.0,-3.0,1.0,1.0,0.6053668015775303,-0.3946331984224697,1.6053668015775302,high,1.1429,0.5579,-0.4421,1.5579,high,0.375,-0.3318,25-34 years old,Female,"No, I am not colourblind",314,100,True,27,yes,yes,yes,yes,,low_sem_low_perc,Q4,low,low,6,4,4,4.61,10.563,-0.0614,-1.0813,-1.4832,-1.3537,-0.3464,-1.3061,-1.366,0.3664,1.0,1.5,1.6666666666666667
R_871k7IGYPkOXwZf,SK-A-3297,14,human,5,-0.5,-8.1561,5.0,yes,0.0,0.0,1.0,1.0,0.6053668015775303,-0.3946331984224697,1.6053668015775302,high,1.1429,0.5579,-0.4421,1.5579,high,0.375,-0.3318,25-34 years old,Female,"No, I am not colourblind",314,100,True,27,yes,yes,yes,yes,,low_sem_low_perc,Q4,low,low,17,10,7,4.118,13.599,-0.3628,-0.5237,-0.5519,-0.3834,0.2984,-0.4863,-0.4879,0.3664,1.0,1.5,1.6666666666666667
R_871k7IGYPkOXwZf,SK-A-110,15,none,8,2.5,-2.1561,6.0,yes,2.0,-2.0,1.0,1.0,0.6053668015775303,-0.3946331984224697,1.6053668015775302,high,1.1429,0.5579,-0.4421,1.5579,high,0.375,-0.3318,25-34 years old,Female,"No, I am not colourblind",314,100,True,27,yes,yes,yes,yes,,low_sem_high_perc,Q2,low,high,9,7,5,5.104,15.147,0.2413,-0.9292,-1.0175,-1.0303,0.6271,-0.9923,0.0078,0.3664,1.0,1.5,1.6666666666666667
R_871k7IGYPkOXwZf,SK-A-87,16,none,8,2.5,-2.1561,6.0,yes,2.0,-2.0,1.0,1.0,0.6053668015775303,-0.3946331984224697,1.6053668015775302,high,1.1429,0.5579,-0.4421,1.5579,high,0.375,-0.3318,25-34 years old,Female,"No, I am not colourblind",314,100,True,27,yes,yes,yes,yes,,low_sem_low_perc,Q4,low,low,16,9,4,1.284,3.991,-2.099,-0.5744,-0.7071,-1.3537,-1.742,-0.8784,0.5278,0.3664,1.0,1.5,1.6666666666666667
R_871k7IGYPkOXwZf,SK-A-2320 A,17,ai,3,-2.5,-2.1561,5.0,yes,2.0,2.0,1.0,1.0,0.6053668015775303,-0.3946331984224697,1.6053668015775302,high,1.1429,0.5579,-0.4421,1.5579,high,0.375,-0.3318,25-34 years old,Female,"No, I am not colourblind",314,100,True,27,yes,yes,yes,yes,,high_sem_low_perc,Q3,high,low,47,24,14,4.652,11.926,-0.0356,0.9968,1.6212,1.8808,-0.0569,1.4996,0.4324,0.3664,1.0,1.5,1.6666666666666667
R_871k7IGYPkOXwZf,SK-C-243,18,ai,3,-2.5,-2.1561,4.0,yes,1.0,1.0,1.0,1.0,0.6053668015775303,-0.3946331984224697,1.6053668015775302,high,1.1429,0.5579,-0.4421,1.5579,high,0.375,-0.3318,25-34 years old,Female,"No, I am not colourblind",314,100,True,27,yes,yes,yes,yes,,low_sem_low_perc,Q4,low,low,14,12,6,4.052,8.426,-0.4032,-0.6758,-0.2415,-0.7068,-0.8002,-0.5414,0.1632,0.3664,1.0,1.5,1.6666666666666667
R_871k7IGYPkOXwZf,SK-A-261,19,ai,8,2.5,-2.1561,4.0,yes,4.0,-4.0,1.0,1.0,0.6053668015775303,-0.3946331984224697,1.6053668015775302,high,1.1429,0.5579,-0.4421,1.5579,high,0.375,-0.3318,25-34 years old,Female,"No, I am not colourblind",314,100,True,27,yes,yes,yes,yes,,low_sem_low_perc,Q4,low,low,9,8,7,4.292,16.828,-0.2562,-0.9292,-0.8623,-0.3834,0.9841,-0.725,0.1278,0.3664,1.0,1.5,1.6666666666666667
R_871k7IGYPkOXwZf,SK-A-388,20,human,4,-1.5,-6.1561,4.0,yes,0.0,0.0,1.0,1.0,0.6053668015775303,-0.3946331984224697,1.6053668015775302,high,1.1429,0.5579,-0.4421,1.5579,high,0.375,-0.3318,25-34 years old,Female,"No, I am not colourblind",314,100,True,27,yes,yes,yes,yes,,high_sem_low_perc,Q3,high,low,52,24,12,4.026,10.43,-0.4191,1.2502,1.6212,1.2339,-0.3746,1.3684,0.1145,0.3664,1.0,1.5,1.6666666666666667
R_871k7IGYPkOXwZf,SK-A-1756,21,human,3,-2.5,-2.1561,3.0,yes,0.0,0.0,1.0,1.0,0.6053668015775303,-0.3946331984224697,1.6053668015775302,high,1.1429,0.5579,-0.4421,1.5579,high,0.375,-0.3318,25-34 years old,Female,"No, I am not colourblind",314,100,True,27,yes,yes,yes,yes,,high_sem_high_perc,Q1,high,high,20,12,9,5.001,12.19,0.1782,-0.3717,-0.2415,0.2636,-0.0008,-0.1165,-1.106,0.3664,1.0,1.5,1.6666666666666667
R_871k7IGYPkOXwZf,SK-A-1403,22,none,3,-2.5,-2.1561,3.0,yes,0.0,0.0,1.0,1.0,0.6053668015775303,-0.3946331984224697,1.6053668015775302,high,1.1429,0.5579,-0.4421,1.5579,high,0.375,-0.3318,25-34 years old,Female,"No, I am not colourblind",314,100,True,27,yes,yes,yes,yes,,high_sem_high_perc,Q1,high,high,69,22,13,5.281,17.539,0.3497,2.1119,1.3107,1.5574,1.1351,1.66,0.7811,0.3664,1.0,1.5,1.6666666666666667
R_871k7IGYPkOXwZf,SK-A-864,23,ai,2,-3.5,3.8439,3.0,yes,1.0,1.0,1.0,1.0,0.6053668015775303,-0.3946331984224697,1.6053668015775302,high,1.1429,0.5579,-0.4421,1.5579,high,0.375,-0.3318,25-34 years old,Female,"No, I am not colourblind",314,100,True,27,yes,yes,yes,yes,,high_sem_high_perc,Q1,high,high,66,28,11,8.181,13.079,2.1264,1.9598,2.242,0.9105,0.188,1.7041,1.4922,0.3664,1.0,1.5,1.6666666666666667
R_871k7IGYPkOXwZf,SK-A-2320 B,24,none,2,-3.5,3.8439,5.0,yes,3.0,3.0,1.0,1.0,0.6053668015775303,-0.3946331984224697,1.6053668015775302,high,1.1429,0.5579,-0.4421,1.5579,high,0.375,-0.3318,25-34 years old,Female,"No, I am not colourblind",314,100,True,27,yes,yes,yes,yes,,low_sem_high_perc,Q2,low,high,11,7,4,4.974,8.222,0.1616,-0.8279,-1.0175,-1.3537,-0.8435,-1.0664,0.3704,0.3664,1.0,1.5,1.6666666666666667
R_871k7IGYPkOXwZf,SK-A-2110,25,ai,8,2.5,-2.1561,5.0,yes,3.0,-3.0,1.0,1.0,0.6053668015775303,-0.3946331984224697,1.6053668015775302,high,1.1429,0.5579,-0.4421,1.5579,high,0.375,-0.3318,25-34 years old,Female,"No, I am not colourblind",314,100,True,27,yes,yes,yes,yes,,high_sem_low_perc,Q3,high,low,29,17,13,4.449,10.91,-0.16,0.0845,0.5346,1.5574,-0.2727,0.7255,0.9709,0.3664,1.0,1.5,1.6666666666666667
R_871k7IGYPkOXwZf,SK-A-1298,26,ai,5,-0.5,-8.1561,6.0,yes,1.0,1.0,1.0,1.0,0.6053668015775303,-0.3946331984224697,1.6053668015775302,high,1.1429,0.5579,-0.4421,1.5579,high,0.375,-0.3318,25-34 years old,Female,"No, I am not colourblind",314,100,True,27,yes,yes,yes,yes,,low_sem_high_perc,Q2,low,high,13,4,3,6.345,12.638,1.0016,-0.7265,-1.4832,-1.6772,0.0943,-1.2956,-1.1122,0.3664,1.0,1.5,1.6666666666666667
R_871k7IGYPkOXwZf,SK-A-1940,27,none,8,2.5,-2.1561,4.0,yes,4.0,-4.0,1.0,1.0,0.6053668015775303,-0.3946331984224697,1.6053668015775302,high,1.1429,0.5579,-0.4421,1.5579,high,0.375,-0.3318,25-34 years old,Female,"No, I am not colourblind",314,100,True,27,yes,yes,yes,yes,,high_sem_high_perc,Q1,high,high,39,23,10,7.148,15.116,1.4935,0.5913,1.466,0.587,0.6205,0.8814,-0.3461,0.3664,1.0,1.5,1.6666666666666667
R_2fwJGOzFUna1W5j,SK-A-1298,1,human,8,2.5,-2.1561,6.0,yes,2.0,-2.0,3.0,1.1666666666666667,0.9363006531065804,-0.0636993468934197,1.9363006531065805,high,1.5714,1.4431,0.4431,2.4431,high,0.625,0.1801,25-34 years old,Female,"No, I am not colourblind",316,100,True,27,yes,yes,yes,yes,,low_sem_high_perc,Q2,low,high,13,4,3,6.345,12.638,1.0016,-0.7265,-1.4832,-1.6772,0.0943,-1.2956,-1.1122,0.6997,1.0,1.5,2.0
R_2fwJGOzFUna1W5j,SK-A-232,2,ai,6,0.5,-8.1561,3.0,yes,3.0,-3.0,3.0,1.1666666666666667,0.9363006531065804,-0.0636993468934197,1.9363006531065805,high,1.5714,1.4431,0.4431,2.4431,high,0.625,0.1801,25-34 years old,Female,"No, I am not colourblind",316,100,True,27,yes,yes,yes,yes,,high_sem_low_perc,Q3,high,low,76,16,8,2.204,6.579,-1.5354,2.4667,0.3794,-0.0599,-1.1924,0.9287,0.1549,0.6997,1.0,1.5,2.0
R_2fwJGOzFUna1W5j,SK-A-1403,3,ai,3,-2.5,-2.1561,9.0,yes,6.0,6.0,3.0,1.1666666666666667,0.9363006531065804,-0.0636993468934197,1.9363006531065805,high,1.5714,1.4431,0.4431,2.4431,high,0.625,0.1801,25-34 years old,Female,"No, I am not colourblind",316,100,True,27,yes,yes,yes,yes,,high_sem_high_perc,Q1,high,high,69,22,13,5.281,17.539,0.3497,2.1119,1.3107,1.5574,1.1351,1.66,0.7811,0.6997,1.0,1.5,2.0
R_2fwJGOzFUna1W5j,SK-A-110,4,none,5,-0.5,-8.1561,6.0,yes,1.0,1.0,3.0,1.1666666666666667,0.9363006531065804,-0.0636993468934197,1.9363006531065805,high,1.5714,1.4431,0.4431,2.4431,high,0.625,0.1801,25-34 years old,Female,"No, I am not colourblind",316,100,True,27,yes,yes,yes,yes,,low_sem_high_perc,Q2,low,high,9,7,5,5.104,15.147,0.2413,-0.9292,-1.0175,-1.0303,0.6271,-0.9923,0.0078,0.6997,1.0,1.5,2.0
R_2fwJGOzFUna1W5j,SK-A-864,5,none,7,1.5,-6.1561,10.0,yes,3.0,3.0,3.0,1.1666666666666667,0.9363006531065804,-0.0636993468934197,1.9363006531065805,high,1.5714,1.4431,0.4431,2.4431,high,0.625,0.1801,25-34 years old,Female,"No, I am not colourblind",316,100,True,27,yes,yes,yes,yes,,high_sem_high_perc,Q1,high,high,66,28,11,8.181,13.079,2.1264,1.9598,2.242,0.9105,0.188,1.7041,1.4922,0.6997,1.0,1.5,2.0
R_2fwJGOzFUna1W5j,SK-A-1756,6,human,5,-0.5,-8.1561,5.0,yes,0.0,0.0,3.0,1.1666666666666667,0.9363006531065804,-0.0636993468934197,1.9363006531065805,high,1.5714,1.4431,0.4431,2.4431,high,0.625,0.1801,25-34 years old,Female,"No, I am not colourblind",316,100,True,27,yes,yes,yes,yes,,high_sem_high_perc,Q1,high,high,20,12,9,5.001,12.19,0.1782,-0.3717,-0.2415,0.2636,-0.0008,-0.1165,-1.106,0.6997,1.0,1.5,2.0
R_2fwJGOzFUna1W5j,SK-A-2320 B,7,human,7,1.5,-6.1561,3.0,yes,4.0,-4.0,3.0,1.1666666666666667,0.9363006531065804,-0.0636993468934197,1.9363006531065805,high,1.5714,1.4431,0.4431,2.4431,high,0.625,0.1801,25-34 years old,Female,"No, I am not colourblind",316,100,True,27,yes,yes,yes,yes,,low_sem_high_perc,Q2,low,high,11,7,4,4.974,8.222,0.1616,-0.8279,-1.0175,-1.3537,-0.8435,-1.0664,0.3704,0.6997,1.0,1.5,2.0
R_2fwJGOzFUna1W5j,SK-C-243,8,human,5,-0.5,-8.1561,4.0,yes,1.0,-1.0,3.0,1.1666666666666667,0.9363006531065804,-0.0636993468934197,1.9363006531065805,high,1.5714,1.4431,0.4431,2.4431,high,0.625,0.1801,25-34 years old,Female,"No, I am not colourblind",316,100,True,27,yes,yes,yes,yes,,low_sem_low_perc,Q4,low,low,14,12,6,4.052,8.426,-0.4032,-0.6758,-0.2415,-0.7068,-0.8002,-0.5414,0.1632,0.6997,1.0,1.5,2.0
R_2fwJGOzFUna1W5j,SK-A-1574,9,human,8,2.5,-2.1561,6.0,yes,2.0,-2.0,3.0,1.1666666666666667,0.9363006531065804,-0.0636993468934197,1.9363006531065805,high,1.5714,1.4431,0.4431,2.4431,high,0.625,0.1801,25-34 years old,Female,"No, I am not colourblind",316,100,True,27,yes,yes,yes,yes,,high_sem_high_perc,Q1,high,high,41,19,10,6.451,10.977,1.0665,0.6927,0.8451,0.587,-0.2584,0.7083,-1.9879,0.6997,1.0,1.5,2.0
R_2fwJGOzFUna1W5j,SK-A-1940,10,none,8,2.5,-2.1561,8.0,yes,0.0,0.0,3.0,1.1666666666666667,0.9363006531065804,-0.0636993468934197,1.9363006531065805,high,1.5714,1.4431,0.4431,2.4431,high,0.625,0.1801,25-34 years old,Female,"No, I am not colourblind",316,100,True,27,yes,yes,yes,yes,,high_sem_high_perc,Q1,high,high,39,23,10,7.148,15.116,1.4935,0.5913,1.466,0.587,0.6205,0.8814,-0.3461,0.6997,1.0,1.5,2.0
R_2fwJGOzFUna1W5j,SK-A-3023,11,ai,9,3.5,3.8439,6.0,yes,3.0,-3.0,3.0,1.1666666666666667,0.9363006531065804,-0.0636993468934197,1.9363006531065805,high,1.5714,1.4431,0.4431,2.4431,high,0.625,0.1801,25-34 years old,Female,"No, I am not colourblind",316,100,True,27,yes,yes,yes,yes,,high_sem_low_perc,Q3,high,low,24,9,6,2.609,6.171,-1.2873,-0.169,-0.7071,-0.7068,-1.2791,-0.5276,-0.4284,0.6997,1.0,1.5,2.0
R_2fwJGOzFUna1W5j,SK-A-87,12,none,7,1.5,-6.1561,2.0,yes,5.0,-5.0,3.0,1.1666666666666667,0.9363006531065804,-0.0636993468934197,1.9363006531065805,high,1.5714,1.4431,0.4431,2.4431,high,0.625,0.1801,25-34 years old,Female,"No, I am not colourblind",316,100,True,27,yes,yes,yes,yes,,low_sem_low_perc,Q4,low,low,16,9,4,1.284,3.991,-2.099,-0.5744,-0.7071,-1.3537,-1.742,-0.8784,0.5278,0.6997,1.0,1.5,2.0
R_2fwJGOzFUna1W5j,SK-A-2110,13,ai,8,2.5,-2.1561,8.0,yes,0.0,0.0,3.0,1.1666666666666667,0.9363006531065804,-0.0636993468934197,1.9363006531065805,high,1.5714,1.4431,0.4431,2.4431,high,0.625,0.1801,25-34 years old,Female,"No, I am not colourblind",316,100,True,27,yes,yes,yes,yes,,high_sem_low_perc,Q3,high,low,29,17,13,4.449,10.91,-0.16,0.0845,0.5346,1.5574,-0.2727,0.7255,0.9709,0.6997,1.0,1.5,2.0
R_2fwJGOzFUna1W5j,SK-A-298,14,ai,7,1.5,-6.1561,4.0,yes,3.0,-3.0,3.0,1.1666666666666667,0.9363006531065804,-0.0636993468934197,1.9363006531065805,high,1.5714,1.4431,0.4431,2.4431,high,0.625,0.1801,25-34 years old,Female,"No, I am not colourblind",316,100,True,27,yes,yes,yes,yes,,high_sem_low_perc,Q3,high,low,22,19,12,3.588,8.258,-0.6875,-0.2703,0.8451,1.2339,-0.8359,0.6029,0.4922,0.6997,1.0,1.5,2.0
R_2fwJGOzFUna1W5j,SK-A-3297,15,ai,7,1.5,-6.1561,5.0,yes,2.0,-2.0,3.0,1.1666666666666667,0.9363006531065804,-0.0636993468934197,1.9363006531065805,high,1.5714,1.4431,0.4431,2.4431,high,0.625,0.1801,25-34 years old,Female,"No, I am not colourblind",316,100,True,27,yes,yes,yes,yes,,low_sem_low_perc,Q4,low,low,17,10,7,4.118,13.599,-0.3628,-0.5237,-0.5519,-0.3834,0.2984,-0.4863,-0.4879,0.6997,1.0,1.5,2.0
R_2fwJGOzFUna1W5j,SK-A-261,16,ai,5,-0.5,-8.1561,7.0,yes,2.0,2.0,3.0,1.1666666666666667,0.9363006531065804,-0.0636993468934197,1.9363006531065805,high,1.5714,1.4431,0.4431,2.4431,high,0.625,0.1801,25-34 years old,Female,"No, I am not colourblind",316,100,True,27,yes,yes,yes,yes,,low_sem_low_perc,Q4,low,low,9,8,7,4.292,16.828,-0.2562,-0.9292,-0.8623,-0.3834,0.9841,-0.725,0.1278,0.6997,1.0,1.5,2.0
R_2fwJGOzFUna1W5j,SK-A-4717,17,none,5,-0.5,-8.1561,3.0,yes,2.0,-2.0,3.0,1.1666666666666667,0.9363006531065804,-0.0636993468934197,1.9363006531065805,high,1.5714,1.4431,0.4431,2.4431,high,0.625,0.1801,25-34 years old,Female,"No, I am not colourblind",316,100,True,27,yes,yes,yes,yes,,low_sem_high_perc,Q2,low,high,12,10,9,6.171,17.158,0.895,-0.7772,-0.5519,0.2636,1.0542,-0.3552,-0.0167,0.6997,1.0,1.5,2.0
R_2fwJGOzFUna1W5j,SK-A-1906,18,human,1,-4.5,11.8439,8.0,yes,7.0,7.0,3.0,1.1666666666666667,0.9363006531065804,-0.0636993468934197,1.9363006531065805,high,1.5714,1.4431,0.4431,2.4431,high,0.625,0.1801,25-34 years old,Female,"No, I am not colourblind",316,100,True,27,yes,yes,yes,yes,,high_sem_low_perc,Q3,high,low,43,16,11,4.708,19.343,-0.0013,0.7941,0.3794,0.9105,1.5182,0.6947,0.4853,0.6997,1.0,1.5,2.0
R_2fwJGOzFUna1W5j,SK-A-1684,19,human,5,-0.5,-8.1561,5.0,yes,0.0,0.0,3.0,1.1666666666666667,0.9363006531065804,-0.0636993468934197,1.9363006531065805,high,1.5714,1.4431,0.4431,2.4431,high,0.625,0.1801,25-34 years old,Female,"No, I am not colourblind",316,100,True,27,yes,yes,yes,yes,,low_sem_low_perc,Q4,low,low,7,6,5,1.478,7.119,-1.9802,-1.0306,-1.1728,-1.0303,-1.0777,-1.0779,1.5061,0.6997,1.0,1.5,2.0
R_2fwJGOzFUna1W5j,SK-A-4469,20,none,3,-2.5,-2.1561,4.0,yes,1.0,1.0,3.0,1.1666666666666667,0.9363006531065804,-0.0636993468934197,1.9363006531065805,high,1.5714,1.4431,0.4431,2.4431,high,0.625,0.1801,25-34 years old,Female,"No, I am not colourblind",316,100,True,27,yes,yes,yes,yes,,high_sem_high_perc,Q1,high,high,31,11,6,6.128,21.628,0.8686,0.1858,-0.3967,-0.7068,2.0035,-0.3059,-0.9165,0.6997,1.0,1.5,2.0
R_2fwJGOzFUna1W5j,SK-A-1713,21,ai,3,-2.5,-2.1561,3.0,yes,0.0,0.0,3.0,1.1666666666666667,0.9363006531065804,-0.0636993468934197,1.9363006531065805,high,1.5714,1.4431,0.4431,2.4431,high,0.625,0.1801,25-34 years old,Female,"No, I am not colourblind",316,100,True,27,yes,yes,yes,yes,,low_sem_low_perc,Q4,low,low,15,13,10,2.989,8.961,-1.0545,-0.6251,-0.0862,0.587,-0.6866,-0.0414,-0.1003,0.6997,1.0,1.5,2.0
R_2fwJGOzFUna1W5j,SK-C-95,22,human,2,-3.5,3.8439,2.0,yes,0.0,0.0,3.0,1.1666666666666667,0.9363006531065804,-0.0636993468934197,1.9363006531065805,high,1.5714,1.4431,0.4431,2.4431,high,0.625,0.1801,25-34 years old,Female,"No, I am not colourblind",316,100,True,27,yes,yes,yes,yes,,low_sem_high_perc,Q2,low,high,12,10,6,5.078,11.141,0.2254,-0.7772,-0.5519,-0.7068,-0.2236,-0.6786,0.0208,0.6997,1.0,1.5,2.0
R_2fwJGOzFUna1W5j,SK-C-153,23,ai,3,-2.5,-2.1561,6.0,yes,3.0,3.0,3.0,1.1666666666666667,0.9363006531065804,-0.0636993468934197,1.9363006531065805,high,1.5714,1.4431,0.4431,2.4431,high,0.625,0.1801,25-34 years old,Female,"No, I am not colourblind",316,100,True,27,yes,yes,yes,yes,,low_sem_high_perc,Q2,low,high,14,12,8,6.72,23.164,1.2313,-0.6758,-0.2415,-0.0599,2.3297,-0.3257,0.2978,0.6997,1.0,1.5,2.0
R_2fwJGOzFUna1W5j,SK-A-2320 A,24,none,7,1.5,-6.1561,7.0,yes,0.0,0.0,3.0,1.1666666666666667,0.9363006531065804,-0.0636993468934197,1.9363006531065805,high,1.5714,1.4431,0.4431,2.4431,high,0.625,0.1801,25-34 years old,Female,"No, I am not colourblind",316,100,True,27,yes,yes,yes,yes,,high_sem_low_perc,Q3,high,low,47,24,14,4.652,11.926,-0.0356,0.9968,1.6212,1.8808,-0.0569,1.4996,0.4324,0.6997,1.0,1.5,2.0
R_2fwJGOzFUna1W5j,SK-A-62,25,none,8,2.5,-2.1561,5.0,yes,3.0,-3.0,3.0,1.1666666666666667,0.9363006531065804,-0.0636993468934197,1.9363006531065805,high,1.5714,1.4431,0.4431,2.4431,high,0.625,0.1801,25-34 years old,Female,"No, I am not colourblind",316,100,True,27,yes,yes,yes,yes,,low_sem_low_perc,Q4,low,low,6,4,4,4.61,10.563,-0.0614,-1.0813,-1.4832,-1.3537,-0.3464,-1.3061,-1.366,0.6997,1.0,1.5,2.0
R_2fwJGOzFUna1W5j,SK-C-1215,26,human,10,4.5,11.8439,9.0,yes,1.0,-1.0,3.0,1.1666666666666667,0.9363006531065804,-0.0636993468934197,1.9363006531065805,high,1.5714,1.4431,0.4431,2.4431,high,0.625,0.1801,25-34 years old,Female,"No, I am not colourblind",316,100,True,27,yes,yes,yes,yes,,high_sem_high_perc,Q1,high,high,24,14,8,5.533,8.134,0.5041,-0.169,0.069,-0.0599,-0.8622,-0.0533,-0.0772,0.6997,1.0,1.5,2.0
R_2fwJGOzFUna1W5j,SK-A-388,27,none,4,-1.5,-6.1561,6.0,yes,2.0,2.0,3.0,1.1666666666666667,0.9363006531065804,-0.0636993468934197,1.9363006531065805,high,1.5714,1.4431,0.4431,2.4431,high,0.625,0.1801,25-34 years old,Female,"No, I am not colourblind",316,100,True,27,yes,yes,yes,yes,,high_sem_low_perc,Q3,high,low,52,24,12,4.026,10.43,-0.4191,1.2502,1.6212,1.2339,-0.3746,1.3684,0.1145,0.6997,1.0,1.5,2.0
R_2qvsxdyZ5hG0rst,SK-A-4717,1,ai,8,2.5,-2.1561,3.0,yes,5.0,-5.0,,,,,,,,,,,,,,25-34 years old,Male,"No, I am not colourblind",103,50,False,10,no,no,no,no,,low_sem_high_perc,Q2,low,high,12,10,9,6.171,17.158,0.895,-0.7772,-0.5519,0.2636,1.0542,-0.3552,-0.0167,,,,
R_2qvsxdyZ5hG0rst,SK-A-2320 A,2,ai,7,1.5,-6.1561,2.0,yes,5.0,-5.0,,,,,,,,,,,,,,25-34 years old,Male,"No, I am not colourblind",103,50,False,10,no,no,no,no,,high_sem_low_perc,Q3,high,low,47,24,14,4.652,11.926,-0.0356,0.9968,1.6212,1.8808,-0.0569,1.4996,0.4324,,,,
R_2qvsxdyZ5hG0rst,SK-A-388,3,none,8,2.5,-2.1561,1.0,yes,7.0,-7.0,,,,,,,,,,,,,,25-34 years old,Male,"No, I am not colourblind",103,50,False,10,no,no,no,no,,high_sem_low_perc,Q3,high,low,52,24,12,4.026,10.43,-0.4191,1.2502,1.6212,1.2339,-0.3746,1.3684,0.1145,,,,
R_2qvsxdyZ5hG0rst,SK-A-232,4,ai,10,4.5,11.8439,3.0,yes,7.0,-7.0,,,,,,,,,,,,,,25-34 years old,Male,"No, I am not colourblind",103,50,False,10,no,no,no,no,,high_sem_low_perc,Q3,high,low,76,16,8,2.204,6.579,-1.5354,2.4667,0.3794,-0.0599,-1.1924,0.9287,0.1549,,,,
R_2qvsxdyZ5hG0rst,SK-A-1940,5,ai,7,1.5,-6.1561,1.0,yes,6.0,-6.0,,,,,,,,,,,,,,25-34 years old,Male,"No, I am not colourblind",103,50,False,10,no,no,no,no,,high_sem_high_perc,Q1,high,high,39,23,10,7.148,15.116,1.4935,0.5913,1.466,0.587,0.6205,0.8814,-0.3461,,,,
R_2qvsxdyZ5hG0rst,SK-A-1574,6,none,8,2.5,-2.1561,2.0,yes,6.0,-6.0,,,,,,,,,,,,,,25-34 years old,Male,"No, I am not colourblind",103,50,False,10,no,no,no,no,,high_sem_high_perc,Q1,high,high,41,19,10,6.451,10.977,1.0665,0.6927,0.8451,0.587,-0.2584,0.7083,-1.9879,,,,
R_2qvsxdyZ5hG0rst,SK-A-864,7,human,6,0.5,-8.1561,1.0,yes,5.0,-5.0,,,,,,,,,,,,,,25-34 years old,Male,"No, I am not colourblind",103,50,False,10,no,no,no,no,,high_sem_high_perc,Q1,high,high,66,28,11,8.181,13.079,2.1264,1.9598,2.242,0.9105,0.188,1.7041,1.4922,,,,
R_2qvsxdyZ5hG0rst,SK-A-1298,8,ai,4,-1.5,-6.1561,0.0,yes,4.0,-4.0,,,,,,,,,,,,,,25-34 years old,Male,"No, I am not colourblind",103,50,False,10,no,no,no,no,,low_sem_high_perc,Q2,low,high,13,4,3,6.345,12.638,1.0016,-0.7265,-1.4832,-1.6772,0.0943,-1.2956,-1.1122,,,,
R_2qvsxdyZ5hG0rst,SK-A-261,9,human,5,-0.5,-8.1561,2.0,yes,3.0,-3.0,,,,,,,,,,,,,,25-34 years old,Male,"No, I am not colourblind",103,50,False,10,no,no,no,no,,low_sem_low_perc,Q4,low,low,9,8,7,4.292,16.828,-0.2562,-0.9292,-0.8623,-0.3834,0.9841,-0.725,0.1278,,,,
R_2qvsxdyZ5hG0rst,SK-A-3297,10,ai,2,-3.5,3.8439,3.0,yes,1.0,1.0,,,,,,,,,,,,,,25-34 years old,Male,"No, I am not colourblind",103,50,False,10,no,no,no,no,,low_sem_low_perc,Q4,low,low,17,10,7,4.118,13.599,-0.3628,-0.5237,-0.5519,-0.3834,0.2984,-0.4863,-0.4879,,,,
R_2yfM0eKDh5RrSuF,SK-A-2320 A,1,none,7,1.5,-6.1561,7.0,yes,0.0,0.0,1.0,0.1666666666666666,-1.049302456067719,-2.049302456067719,-0.0493024560677191,low,0.2857,-1.2129,-2.2129,-0.2129,low,1.25,1.46,25-34 years old,Male,"No, I am not colourblind",270,90,False,27,yes,yes,yes,yes,,high_sem_low_perc,Q3,high,low,47,24,14,4.652,11.926,-0.0356,0.9968,1.6212,1.8808,-0.0569,1.4996,0.4324,0.5886,0.0,0.0,0.3333333333333333
R_2yfM0eKDh5RrSuF,SK-C-153,2,ai,3,-2.5,-2.1561,4.0,yes,1.0,1.0,1.0,0.1666666666666666,-1.049302456067719,-2.049302456067719,-0.0493024560677191,low,0.2857,-1.2129,-2.2129,-0.2129,low,1.25,1.46,25-34 years old,Male,"No, I am not colourblind",270,90,False,27,yes,yes,yes,yes,,low_sem_high_perc,Q2,low,high,14,12,8,6.72,23.164,1.2313,-0.6758,-0.2415,-0.0599,2.3297,-0.3257,0.2978,0.5886,0.0,0.0,0.3333333333333333
R_2yfM0eKDh5RrSuF,SK-C-243,3,human,1,-4.5,11.8439,2.0,yes,1.0,1.0,1.0,0.1666666666666666,-1.049302456067719,-2.049302456067719,-0.0493024560677191,low,0.2857,-1.2129,-2.2129,-0.2129,low,1.25,1.46,25-34 years old,Male,"No, I am not colourblind",270,90,False,27,yes,yes,yes,yes,,low_sem_low_perc,Q4,low,low,14,12,6,4.052,8.426,-0.4032,-0.6758,-0.2415,-0.7068,-0.8002,-0.5414,0.1632,0.5886,0.0,0.0,0.3333333333333333
R_2yfM0eKDh5RrSuF,SK-A-232,4,human,6,0.5,-8.1561,4.0,yes,2.0,-2.0,1.0,0.1666666666666666,-1.049302456067719,-2.049302456067719,-0.0493024560677191,low,0.2857,-1.2129,-2.2129,-0.2129,low,1.25,1.46,25-34 years old,Male,"No, I am not colourblind",270,90,False,27,yes,yes,yes,yes,,high_sem_low_perc,Q3,high,low,76,16,8,2.204,6.579,-1.5354,2.4667,0.3794,-0.0599,-1.1924,0.9287,0.1549,0.5886,0.0,0.0,0.3333333333333333
R_2yfM0eKDh5RrSuF,SK-A-4717,5,ai,7,1.5,-6.1561,4.0,yes,3.0,-3.0,1.0,0.1666666666666666,-1.049302456067719,-2.049302456067719,-0.0493024560677191,low,0.2857,-1.2129,-2.2129,-0.2129,low,1.25,1.46,25-34 years old,Male,"No, I am not colourblind",270,90,False,27,yes,yes,yes,yes,,low_sem_high_perc,Q2,low,high,12,10,9,6.171,17.158,0.895,-0.7772,-0.5519,0.2636,1.0542,-0.3552,-0.0167,0.5886,0.0,0.0,0.3333333333333333
R_2yfM0eKDh5RrSuF,SK-A-1906,6,ai,6,0.5,-8.1561,7.0,yes,1.0,1.0,1.0,0.1666666666666666,-1.049302456067719,-2.049302456067719,-0.0493024560677191,low,0.2857,-1.2129,-2.2129,-0.2129,low,1.25,1.46,25-34 years old,Male,"No, I am not colourblind",270,90,False,27,yes,yes,yes,yes,,high_sem_low_perc,Q3,high,low,43,16,11,4.708,19.343,-0.0013,0.7941,0.3794,0.9105,1.5182,0.6947,0.4853,0.5886,0.0,0.0,0.3333333333333333
R_2yfM0eKDh5RrSuF,SK-A-4469,7,none,7,1.5,-6.1561,6.0,yes,1.0,-1.0,1.0,0.1666666666666666,-1.049302456067719,-2.049302456067719,-0.0493024560677191,low,0.2857,-1.2129,-2.2129,-0.2129,low,1.25,1.46,25-34 years old,Male,"No, I am not colourblind",270,90,False,27,yes,yes,yes,yes,,high_sem_high_perc,Q1,high,high,31,11,6,6.128,21.628,0.8686,0.1858,-0.3967,-0.7068,2.0035,-0.3059,-0.9165,0.5886,0.0,0.0,0.3333333333333333
R_2yfM0eKDh5RrSuF,SK-A-388,8,none,1,-4.5,11.8439,2.0,yes,1.0,1.0,1.0,0.1666666666666666,-1.049302456067719,-2.049302456067719,-0.0493024560677191,low,0.2857,-1.2129,-2.2129,-0.2129,low,1.25,1.46,25-34 years old,Male,"No, I am not colourblind",270,90,False,27,yes,yes,yes,yes,,high_sem_low_perc,Q3,high,low,52,24,12,4.026,10.43,-0.4191,1.2502,1.6212,1.2339,-0.3746,1.3684,0.1145,0.5886,0.0,0.0,0.3333333333333333
R_2yfM0eKDh5RrSuF,SK-A-1574,9,ai,2,-3.5,3.8439,3.0,yes,1.0,1.0,1.0,0.1666666666666666,-1.049302456067719,-2.049302456067719,-0.0493024560677191,low,0.2857,-1.2129,-2.2129,-0.2129,low,1.25,1.46,25-34 years old,Male,"No, I am not colourblind",270,90,False,27,yes,yes,yes,yes,,high_sem_high_perc,Q1,high,high,41,19,10,6.451,10.977,1.0665,0.6927,0.8451,0.587,-0.2584,0.7083,-1.9879,0.5886,0.0,0.0,0.3333333333333333
R_2yfM0eKDh5RrSuF,SK-A-864,10,none,10,4.5,11.8439,7.0,yes,3.0,-3.0,1.0,0.1666666666666666,-1.049302456067719,-2.049302456067719,-0.0493024560677191,low,0.2857,-1.2129,-2.2129,-0.2129,low,1.25,1.46,25-34 years old,Male,"No, I am not colourblind",270,90,False,27,yes,yes,yes,yes,,high_sem_high_perc,Q1,high,high,66,28,11,8.181,13.079,2.1264,1.9598,2.242,0.9105,0.188,1.7041,1.4922,0.5886,0.0,0.0,0.3333333333333333
R_2yfM0eKDh5RrSuF,SK-A-1403,11,ai,8,2.5,-2.1561,8.0,yes,0.0,0.0,1.0,0.1666666666666666,-1.049302456067719,-2.049302456067719,-0.0493024560677191,low,0.2857,-1.2129,-2.2129,-0.2129,low,1.25,1.46,25-34 years old,Male,"No, I am not colourblind",270,90,False,27,yes,yes,yes,yes,,high_sem_high_perc,Q1,high,high,69,22,13,5.281,17.539,0.3497,2.1119,1.3107,1.5574,1.1351,1.66,0.7811,0.5886,0.0,0.0,0.3333333333333333
R_2yfM0eKDh5RrSuF,SK-A-2320 B,12,human,5,-0.5,-8.1561,3.0,yes,2.0,-2.0,1.0,0.1666666666666666,-1.049302456067719,-2.049302456067719,-0.0493024560677191,low,0.2857,-1.2129,-2.2129,-0.2129,low,1.25,1.46,25-34 years old,Male,"No, I am not colourblind",270,90,False,27,yes,yes,yes,yes,,low_sem_high_perc,Q2,low,high,11,7,4,4.974,8.222,0.1616,-0.8279,-1.0175,-1.3537,-0.8435,-1.0664,0.3704,0.5886,0.0,0.0,0.3333333333333333
R_2yfM0eKDh5RrSuF,SK-A-62,13,none,2,-3.5,3.8439,2.0,yes,0.0,0.0,1.0,0.1666666666666666,-1.049302456067719,-2.049302456067719,-0.0493024560677191,low,0.2857,-1.2129,-2.2129,-0.2129,low,1.25,1.46,25-34 years old,Male,"No, I am not colourblind",270,90,False,27,yes,yes,yes,yes,,low_sem_low_perc,Q4,low,low,6,4,4,4.61,10.563,-0.0614,-1.0813,-1.4832,-1.3537,-0.3464,-1.3061,-1.366,0.5886,0.0,0.0,0.3333333333333333
R_2yfM0eKDh5RrSuF,SK-A-1298,14,none,2,-3.5,3.8439,4.0,yes,2.0,2.0,1.0,0.1666666666666666,-1.049302456067719,-2.049302456067719,-0.0493024560677191,low,0.2857,-1.2129,-2.2129,-0.2129,low,1.25,1.46,25-34 years old,Male,"No, I am not colourblind",270,90,False,27,yes,yes,yes,yes,,low_sem_high_perc,Q2,low,high,13,4,3,6.345,12.638,1.0016,-0.7265,-1.4832,-1.6772,0.0943,-1.2956,-1.1122,0.5886,0.0,0.0,0.3333333333333333
R_2yfM0eKDh5RrSuF,SK-A-3297,15,ai,9,3.5,3.8439,5.0,yes,4.0,-4.0,1.0,0.1666666666666666,-1.049302456067719,-2.049302456067719,-0.0493024560677191,low,0.2857,-1.2129,-2.2129,-0.2129,low,1.25,1.46,25-34 years old,Male,"No, I am not colourblind",270,90,False,27,yes,yes,yes,yes,,low_sem_low_perc,Q4,low,low,17,10,7,4.118,13.599,-0.3628,-0.5237,-0.5519,-0.3834,0.2984,-0.4863,-0.4879,0.5886,0.0,0.0,0.3333333333333333
R_2yfM0eKDh5RrSuF,SK-A-1684,16,ai,2,-3.5,3.8439,5.0,yes,3.0,3.0,1.0,0.1666666666666666,-1.049302456067719,-2.049302456067719,-0.0493024560677191,low,0.2857,-1.2129,-2.2129,-0.2129,low,1.25,1.46,25-34 years old,Male,"No, I am not colourblind",270,90,False,27,yes,yes,yes,yes,,low_sem_low_perc,Q4,low,low,7,6,5,1.478,7.119,-1.9802,-1.0306,-1.1728,-1.0303,-1.0777,-1.0779,1.5061,0.5886,0.0,0.0,0.3333333333333333
R_2yfM0eKDh5RrSuF,SK-A-110,17,human,4,-1.5,-6.1561,4.0,yes,0.0,0.0,1.0,0.1666666666666666,-1.049302456067719,-2.049302456067719,-0.0493024560677191,low,0.2857,-1.2129,-2.2129,-0.2129,low,1.25,1.46,25-34 years old,Male,"No, I am not colourblind",270,90,False,27,yes,yes,yes,yes,,low_sem_high_perc,Q2,low,high,9,7,5,5.104,15.147,0.2413,-0.9292,-1.0175,-1.0303,0.6271,-0.9923,0.0078,0.5886,0.0,0.0,0.3333333333333333
R_2yfM0eKDh5RrSuF,SK-A-87,18,human,5,-0.5,-8.1561,1.0,yes,4.0,-4.0,1.0,0.1666666666666666,-1.049302456067719,-2.049302456067719,-0.0493024560677191,low,0.2857,-1.2129,-2.2129,-0.2129,low,1.25,1.46,25-34 years old,Male,"No, I am not colourblind",270,90,False,27,yes,yes,yes,yes,,low_sem_low_perc,Q4,low,low,16,9,4,1.284,3.991,-2.099,-0.5744,-0.7071,-1.3537,-1.742,-0.8784,0.5278,0.5886,0.0,0.0,0.3333333333333333
R_2yfM0eKDh5RrSuF,SK-A-2110,19,none,5,-0.5,-8.1561,7.0,yes,2.0,2.0,1.0,0.1666666666666666,-1.049302456067719,-2.049302456067719,-0.0493024560677191,low,0.2857,-1.2129,-2.2129,-0.2129,low,1.25,1.46,25-34 years old,Male,"No, I am not colourblind",270,90,False,27,yes,yes,yes,yes,,high_sem_low_perc,Q3,high,low,29,17,13,4.449,10.91,-0.16,0.0845,0.5346,1.5574,-0.2727,0.7255,0.9709,0.5886,0.0,0.0,0.3333333333333333
R_2yfM0eKDh5RrSuF,SK-C-1215,20,human,5,-0.5,-8.1561,8.0,yes,3.0,3.0,1.0,0.1666666666666666,-1.049302456067719,-2.049302456067719,-0.0493024560677191,low,0.2857,-1.2129,-2.2129,-0.2129,low,1.25,1.46,25-34 years old,Male,"No, I am not colourblind",270,90,False,27,yes,yes,yes,yes,,high_sem_high_perc,Q1,high,high,24,14,8,5.533,8.134,0.5041,-0.169,0.069,-0.0599,-0.8622,-0.0533,-0.0772,0.5886,0.0,0.0,0.3333333333333333
R_2yfM0eKDh5RrSuF,SK-A-3023,21,human,7,1.5,-6.1561,3.0,yes,4.0,-4.0,1.0,0.1666666666666666,-1.049302456067719,-2.049302456067719,-0.0493024560677191,low,0.2857,-1.2129,-2.2129,-0.2129,low,1.25,1.46,25-34 years old,Male,"No, I am not colourblind",270,90,False,27,yes,yes,yes,yes,,high_sem_low_perc,Q3,high,low,24,9,6,2.609,6.171,-1.2873,-0.169,-0.7071,-0.7068,-1.2791,-0.5276,-0.4284,0.5886,0.0,0.0,0.3333333333333333
R_2yfM0eKDh5RrSuF,SK-A-1940,22,none,2,-3.5,3.8439,9.0,yes,7.0,7.0,1.0,0.1666666666666666,-1.049302456067719,-2.049302456067719,-0.0493024560677191,low,0.2857,-1.2129,-2.2129,-0.2129,low,1.25,1.46,25-34 years old,Male,"No, I am not colourblind",270,90,False,27,yes,yes,yes,yes,,high_sem_high_perc,Q1,high,high,39,23,10,7.148,15.116,1.4935,0.5913,1.466,0.587,0.6205,0.8814,-0.3461,0.5886,0.0,0.0,0.3333333333333333
R_2yfM0eKDh5RrSuF,SK-C-95,23,ai,6,0.5,-8.1561,3.0,yes,3.0,-3.0,1.0,0.1666666666666666,-1.049302456067719,-2.049302456067719,-0.0493024560677191,low,0.2857,-1.2129,-2.2129,-0.2129,low,1.25,1.46,25-34 years old,Male,"No, I am not colourblind",270,90,False,27,yes,yes,yes,yes,,low_sem_high_perc,Q2,low,high,12,10,6,5.078,11.141,0.2254,-0.7772,-0.5519,-0.7068,-0.2236,-0.6786,0.0208,0.5886,0.0,0.0,0.3333333333333333
R_2yfM0eKDh5RrSuF,SK-A-1713,24,human,10,4.5,11.8439,2.0,yes,8.0,-8.0,1.0,0.1666666666666666,-1.049302456067719,-2.049302456067719,-0.0493024560677191,low,0.2857,-1.2129,-2.2129,-0.2129,low,1.25,1.46,25-34 years old,Male,"No, I am not colourblind",270,90,False,27,yes,yes,yes,yes,,low_sem_low_perc,Q4,low,low,15,13,10,2.989,8.961,-1.0545,-0.6251,-0.0862,0.587,-0.6866,-0.0414,-0.1003,0.5886,0.0,0.0,0.3333333333333333
R_2yfM0eKDh5RrSuF,SK-A-1756,25,human,1,-4.5,11.8439,3.0,yes,2.0,2.0,1.0,0.1666666666666666,-1.049302456067719,-2.049302456067719,-0.0493024560677191,low,0.2857,-1.2129,-2.2129,-0.2129,low,1.25,1.46,25-34 years old,Male,"No, I am not colourblind",270,90,False,27,yes,yes,yes,yes,,high_sem_high_perc,Q1,high,high,20,12,9,5.001,12.19,0.1782,-0.3717,-0.2415,0.2636,-0.0008,-0.1165,-1.106,0.5886,0.0,0.0,0.3333333333333333
R_2yfM0eKDh5RrSuF,SK-A-261,26,none,5,-0.5,-8.1561,6.0,yes,1.0,1.0,1.0,0.1666666666666666,-1.049302456067719,-2.049302456067719,-0.0493024560677191,low,0.2857,-1.2129,-2.2129,-0.2129,low,1.25,1.46,25-34 years old,Male,"No, I am not colourblind",270,90,False,27,yes,yes,yes,yes,,low_sem_low_perc,Q4,low,low,9,8,7,4.292,16.828,-0.2562,-0.9292,-0.8623,-0.3834,0.9841,-0.725,0.1278,0.5886,0.0,0.0,0.3333333333333333
R_2yfM0eKDh5RrSuF,SK-A-298,27,ai,4,-1.5,-6.1561,2.0,yes,2.0,-2.0,1.0,0.1666666666666666,-1.049302456067719,-2.049302456067719,-0.0493024560677191,low,0.2857,-1.2129,-2.2129,-0.2129,low,1.25,1.46,25-34 years old,Male,"No, I am not colourblind",270,90,False,27,yes,yes,yes,yes,,high_sem_low_perc,Q3,high,low,22,19,12,3.588,8.258,-0.6875,-0.2703,0.8451,1.2339,-0.8359,0.6029,0.4922,0.5886,0.0,0.0,0.3333333333333333
R_1prqS079vKs4gWm,SK-A-4717,1,none,10,4.5,11.8439,5.0,yes,5.0,-5.0,,,,,,,,,,,,,,35-44 years old,Female,"No, I am not colourblind",100,50,False,6,no,no,no,no,,low_sem_high_perc,Q2,low,high,12,10,9,6.171,17.158,0.895,-0.7772,-0.5519,0.2636,1.0542,-0.3552,-0.0167,,,,
R_1prqS079vKs4gWm,SK-A-3297,2,ai,6,0.5,-8.1561,5.0,yes,1.0,-1.0,,,,,,,,,,,,,,35-44 years old,Female,"No, I am not colourblind",100,50,False,6,no,no,no,no,,low_sem_low_perc,Q4,low,low,17,10,7,4.118,13.599,-0.3628,-0.5237,-0.5519,-0.3834,0.2984,-0.4863,-0.4879,,,,
R_1prqS079vKs4gWm,SK-A-261,3,human,5,-0.5,-8.1561,6.0,yes,1.0,1.0,,,,,,,,,,,,,,35-44 years old,Female,"No, I am not colourblind",100,50,False,6,no,no,no,no,,low_sem_low_perc,Q4,low,low,9,8,7,4.292,16.828,-0.2562,-0.9292,-0.8623,-0.3834,0.9841,-0.725,0.1278,,,,
R_1prqS079vKs4gWm,SK-C-1215,4,none,1,-4.5,11.8439,6.0,yes,5.0,5.0,,,,,,,,,,,,,,35-44 years old,Female,"No, I am not colourblind",100,50,False,6,no,no,no,no,,high_sem_high_perc,Q1,high,high,24,14,8,5.533,8.134,0.5041,-0.169,0.069,-0.0599,-0.8622,-0.0533,-0.0772,,,,
R_1prqS079vKs4gWm,SK-C-153,5,ai,9,3.5,3.8439,6.0,yes,3.0,-3.0,,,,,,,,,,,,,,35-44 years old,Female,"No, I am not colourblind",100,50,False,6,no,no,no,no,,low_sem_high_perc,Q2,low,high,14,12,8,6.72,23.164,1.2313,-0.6758,-0.2415,-0.0599,2.3297,-0.3257,0.2978,,,,
R_1prqS079vKs4gWm,SK-A-3023,6,none,1,-4.5,11.8439,5.0,yes,4.0,4.0,,,,,,,,,,,,,,35-44 years old,Female,"No, I am not colourblind",100,50,False,6,no,no,no,no,,high_sem_low_perc,Q3,high,low,24,9,6,2.609,6.171,-1.2873,-0.169,-0.7071,-0.7068,-1.2791,-0.5276,-0.4284,,,,
R_1prqS079vKs4gWm,SK-A-232,7,ai,1,-4.5,11.8439,,no,,,,,,,,,,,,,,,,35-44 years old,Female,"No, I am not colourblind",100,50,False,6,no,no,no,no,,high_sem_low_perc,Q3,high,low,76,16,8,2.204,6.579,-1.5354,2.4667,0.3794,-0.0599,-1.1924,0.9287,0.1549,,,,
R_2eaZAe1zTZr6DFX,SK-C-95,1,ai,9,3.5,3.8439,8.0,yes,1.0,-1.0,2.0,,,,,,3.7143,5.87,4.87,6.87,high,1.25,1.46,55-64 years old,Female,"Yes, and I do not perceive colours",460,100,True,27,yes,yes,yes,yes,colourblind,low_sem_high_perc,Q2,low,high,12,10,6,5.078,11.141,0.2254,-0.7772,-0.5519,-0.7068,-0.2236,-0.6786,0.0208,,4.0,4.0,4.0
R_2eaZAe1zTZr6DFX,SK-A-3297,2,none,9,3.5,3.8439,7.0,yes,2.0,-2.0,2.0,,,,,,3.7143,5.87,4.87,6.87,high,1.25,1.46,55-64 years old,Female,"Yes, and I do not perceive colours",460,100,True,27,yes,yes,yes,yes,colourblind,low_sem_low_perc,Q4,low,low,17,10,7,4.118,13.599,-0.3628,-0.5237,-0.5519,-0.3834,0.2984,-0.4863,-0.4879,,4.0,4.0,4.0
R_2eaZAe1zTZr6DFX,SK-A-1713,3,human,1,-4.5,11.8439,8.0,yes,7.0,7.0,2.0,,,,,,3.7143,5.87,4.87,6.87,high,1.25,1.46,55-64 years old,Female,"Yes, and I do not perceive colours",460,100,True,27,yes,yes,yes,yes,colourblind,low_sem_low_perc,Q4,low,low,15,13,10,2.989,8.961,-1.0545,-0.6251,-0.0862,0.587,-0.6866,-0.0414,-0.1003,,4.0,4.0,4.0
R_2eaZAe1zTZr6DFX,SK-A-110,4,human,10,4.5,11.8439,7.0,yes,3.0,-3.0,2.0,,,,,,3.7143,5.87,4.87,6.87,high,1.25,1.46,55-64 years old,Female,"Yes, and I do not perceive colours",460,100,True,27,yes,yes,yes,yes,colourblind,low_sem_high_perc,Q2,low,high,9,7,5,5.104,15.147,0.2413,-0.9292,-1.0175,-1.0303,0.6271,-0.9923,0.0078,,4.0,4.0,4.0
R_2eaZAe1zTZr6DFX,SK-A-864,5,human,6,0.5,-8.1561,8.0,yes,2.0,2.0,2.0,,,,,,3.7143,5.87,4.87,6.87,high,1.25,1.46,55-64 years old,Female,"Yes, and I do not perceive colours",460,100,True,27,yes,yes,yes,yes,colourblind,high_sem_high_perc,Q1,high,high,66,28,11,8.181,13.079,2.1264,1.9598,2.242,0.9105,0.188,1.7041,1.4922,,4.0,4.0,4.0
R_2eaZAe1zTZr6DFX,SK-A-1298,6,human,9,3.5,3.8439,7.0,yes,2.0,-2.0,2.0,,,,,,3.7143,5.87,4.87,6.87,high,1.25,1.46,55-64 years old,Female,"Yes, and I do not perceive colours",460,100,True,27,yes,yes,yes,yes,colourblind,low_sem_high_perc,Q2,low,high,13,4,3,6.345,12.638,1.0016,-0.7265,-1.4832,-1.6772,0.0943,-1.2956,-1.1122,,4.0,4.0,4.0
R_2eaZAe1zTZr6DFX,SK-A-298,7,ai,4,-1.5,-6.1561,7.0,yes,3.0,3.0,2.0,,,,,,3.7143,5.87,4.87,6.87,high,1.25,1.46,55-64 years old,Female,"Yes, and I do not perceive colours",460,100,True,27,yes,yes,yes,yes,colourblind,high_sem_low_perc,Q3,high,low,22,19,12,3.588,8.258,-0.6875,-0.2703,0.8451,1.2339,-0.8359,0.6029,0.4922,,4.0,4.0,4.0
R_2eaZAe1zTZr6DFX,SK-A-4717,8,none,8,2.5,-2.1561,8.0,yes,0.0,0.0,2.0,,,,,,3.7143,5.87,4.87,6.87,high,1.25,1.46,55-64 years old,Female,"Yes, and I do not perceive colours",460,100,True,27,yes,yes,yes,yes,colourblind,low_sem_high_perc,Q2,low,high,12,10,9,6.171,17.158,0.895,-0.7772,-0.5519,0.2636,1.0542,-0.3552,-0.0167,,4.0,4.0,4.0
R_2eaZAe1zTZr6DFX,SK-A-232,9,none,6,0.5,-8.1561,7.0,yes,1.0,1.0,2.0,,,,,,3.7143,5.87,4.87,6.87,high,1.25,1.46,55-64 years old,Female,"Yes, and I do not perceive colours",460,100,True,27,yes,yes,yes,yes,colourblind,high_sem_low_perc,Q3,high,low,76,16,8,2.204,6.579,-1.5354,2.4667,0.3794,-0.0599,-1.1924,0.9287,0.1549,,4.0,4.0,4.0
R_2eaZAe1zTZr6DFX,SK-A-388,10,human,6,0.5,-8.1561,6.0,yes,0.0,0.0,2.0,,,,,,3.7143,5.87,4.87,6.87,high,1.25,1.46,55-64 years old,Female,"Yes, and I do not perceive colours",460,100,True,27,yes,yes,yes,yes,colourblind,high_sem_low_perc,Q3,high,low,52,24,12,4.026,10.43,-0.4191,1.2502,1.6212,1.2339,-0.3746,1.3684,0.1145,,4.0,4.0,4.0
R_2eaZAe1zTZr6DFX,SK-A-2110,11,ai,9,3.5,3.8439,8.0,yes,1.0,-1.0,2.0,,,,,,3.7143,5.87,4.87,6.87,high,1.25,1.46,55-64 years old,Female,"Yes, and I do not perceive colours",460,100,True,27,yes,yes,yes,yes,colourblind,high_sem_low_perc,Q3,high,low,29,17,13,4.449,10.91,-0.16,0.0845,0.5346,1.5574,-0.2727,0.7255,0.9709,,4.0,4.0,4.0
R_2eaZAe1zTZr6DFX,SK-A-1684,12,human,10,4.5,11.8439,8.0,yes,2.0,-2.0,2.0,,,,,,3.7143,5.87,4.87,6.87,high,1.25,1.46,55-64 years old,Female,"Yes, and I do not perceive colours",460,100,True,27,yes,yes,yes,yes,colourblind,low_sem_low_perc,Q4,low,low,7,6,5,1.478,7.119,-1.9802,-1.0306,-1.1728,-1.0303,-1.0777,-1.0779,1.5061,,4.0,4.0,4.0
R_2eaZAe1zTZr6DFX,SK-A-1574,13,none,3,-2.5,-2.1561,8.0,yes,5.0,5.0,2.0,,,,,,3.7143,5.87,4.87,6.87,high,1.25,1.46,55-64 years old,Female,"Yes, and I do not perceive colours",460,100,True,27,yes,yes,yes,yes,colourblind,high_sem_high_perc,Q1,high,high,41,19,10,6.451,10.977,1.0665,0.6927,0.8451,0.587,-0.2584,0.7083,-1.9879,,4.0,4.0,4.0
R_2eaZAe1zTZr6DFX,SK-C-243,14,ai,6,0.5,-8.1561,6.0,yes,0.0,0.0,2.0,,,,,,3.7143,5.87,4.87,6.87,high,1.25,1.46,55-64 years old,Female,"Yes, and I do not perceive colours",460,100,True,27,yes,yes,yes,yes,colourblind,low_sem_low_perc,Q4,low,low,14,12,6,4.052,8.426,-0.4032,-0.6758,-0.2415,-0.7068,-0.8002,-0.5414,0.1632,,4.0,4.0,4.0
R_2eaZAe1zTZr6DFX,SK-A-1756,15,human,6,0.5,-8.1561,7.0,yes,1.0,1.0,2.0,,,,,,3.7143,5.87,4.87,6.87,high,1.25,1.46,55-64 years old,Female,"Yes, and I do not perceive colours",460,100,True,27,yes,yes,yes,yes,colourblind,high_sem_high_perc,Q1,high,high,20,12,9,5.001,12.19,0.1782,-0.3717,-0.2415,0.2636,-0.0008,-0.1165,-1.106,,4.0,4.0,4.0
R_2eaZAe1zTZr6DFX,SK-A-1403,16,human,9,3.5,3.8439,7.0,yes,2.0,-2.0,2.0,,,,,,3.7143,5.87,4.87,6.87,high,1.25,1.46,55-64 years old,Female,"Yes, and I do not perceive colours",460,100,True,27,yes,yes,yes,yes,colourblind,high_sem_high_perc,Q1,high,high,69,22,13,5.281,17.539,0.3497,2.1119,1.3107,1.5574,1.1351,1.66,0.7811,,4.0,4.0,4.0
R_2eaZAe1zTZr6DFX,SK-A-261,17,human,8,2.5,-2.1561,8.0,yes,0.0,0.0,2.0,,,,,,3.7143,5.87,4.87,6.87,high,1.25,1.46,55-64 years old,Female,"Yes, and I do not perceive colours",460,100,True,27,yes,yes,yes,yes,colourblind,low_sem_low_perc,Q4,low,low,9,8,7,4.292,16.828,-0.2562,-0.9292,-0.8623,-0.3834,0.9841,-0.725,0.1278,,4.0,4.0,4.0
R_2eaZAe1zTZr6DFX,SK-A-1940,18,none,5,-0.5,-8.1561,7.0,yes,2.0,2.0,2.0,,,,,,3.7143,5.87,4.87,6.87,high,1.25,1.46,55-64 years old,Female,"Yes, and I do not perceive colours",460,100,True,27,yes,yes,yes,yes,colourblind,high_sem_high_perc,Q1,high,high,39,23,10,7.148,15.116,1.4935,0.5913,1.466,0.587,0.6205,0.8814,-0.3461,,4.0,4.0,4.0
R_2eaZAe1zTZr6DFX,SK-A-2320 B,19,ai,2,-3.5,3.8439,6.0,yes,4.0,4.0,2.0,,,,,,3.7143,5.87,4.87,6.87,high,1.25,1.46,55-64 years old,Female,"Yes, and I do not perceive colours",460,100,True,27,yes,yes,yes,yes,colourblind,low_sem_high_perc,Q2,low,high,11,7,4,4.974,8.222,0.1616,-0.8279,-1.0175,-1.3537,-0.8435,-1.0664,0.3704,,4.0,4.0,4.0
R_2eaZAe1zTZr6DFX,SK-A-2320 A,20,ai,4,-1.5,-6.1561,6.0,yes,2.0,2.0,2.0,,,,,,3.7143,5.87,4.87,6.87,high,1.25,1.46,55-64 years old,Female,"Yes, and I do not perceive colours",460,100,True,27,yes,yes,yes,yes,colourblind,high_sem_low_perc,Q3,high,low,47,24,14,4.652,11.926,-0.0356,0.9968,1.6212,1.8808,-0.0569,1.4996,0.4324,,4.0,4.0,4.0
R_2eaZAe1zTZr6DFX,SK-C-153,21,none,9,3.5,3.8439,8.0,yes,1.0,-1.0,2.0,,,,,,3.7143,5.87,4.87,6.87,high,1.25,1.46,55-64 years old,Female,"Yes, and I do not perceive colours",460,100,True,27,yes,yes,yes,yes,colourblind,low_sem_high_perc,Q2,low,high,14,12,8,6.72,23.164,1.2313,-0.6758,-0.2415,-0.0599,2.3297,-0.3257,0.2978,,4.0,4.0,4.0
R_2eaZAe1zTZr6DFX,SK-A-62,22,ai,8,2.5,-2.1561,6.0,yes,2.0,-2.0,2.0,,,,,,3.7143,5.87,4.87,6.87,high,1.25,1.46,55-64 years old,Female,"Yes, and I do not perceive colours",460,100,True,27,yes,yes,yes,yes,colourblind,low_sem_low_perc,Q4,low,low,6,4,4,4.61,10.563,-0.0614,-1.0813,-1.4832,-1.3537,-0.3464,-1.3061,-1.366,,4.0,4.0,4.0
R_2eaZAe1zTZr6DFX,SK-A-1906,23,ai,5,-0.5,-8.1561,6.0,yes,1.0,1.0,2.0,,,,,,3.7143,5.87,4.87,6.87,high,1.25,1.46,55-64 years old,Female,"Yes, and I do not perceive colours",460,100,True,27,yes,yes,yes,yes,colourblind,high_sem_low_perc,Q3,high,low,43,16,11,4.708,19.343,-0.0013,0.7941,0.3794,0.9105,1.5182,0.6947,0.4853,,4.0,4.0,4.0
R_2eaZAe1zTZr6DFX,SK-A-87,24,ai,2,-3.5,3.8439,5.0,yes,3.0,3.0,2.0,,,,,,3.7143,5.87,4.87,6.87,high,1.25,1.46,55-64 years old,Female,"Yes, and I do not perceive colours",460,100,True,27,yes,yes,yes,yes,colourblind,low_sem_low_perc,Q4,low,low,16,9,4,1.284,3.991,-2.099,-0.5744,-0.7071,-1.3537,-1.742,-0.8784,0.5278,,4.0,4.0,4.0
R_2eaZAe1zTZr6DFX,SK-C-1215,25,none,8,2.5,-2.1561,7.0,yes,1.0,-1.0,2.0,,,,,,3.7143,5.87,4.87,6.87,high,1.25,1.46,55-64 years old,Female,"Yes, and I do not perceive colours",460,100,True,27,yes,yes,yes,yes,colourblind,high_sem_high_perc,Q1,high,high,24,14,8,5.533,8.134,0.5041,-0.169,0.069,-0.0599,-0.8622,-0.0533,-0.0772,,4.0,4.0,4.0
R_2eaZAe1zTZr6DFX,SK-A-3023,26,none,6,0.5,-8.1561,6.0,yes,0.0,0.0,2.0,,,,,,3.7143,5.87,4.87,6.87,high,1.25,1.46,55-64 years old,Female,"Yes, and I do not perceive colours",460,100,True,27,yes,yes,yes,yes,colourblind,high_sem_low_perc,Q3,high,low,24,9,6,2.609,6.171,-1.2873,-0.169,-0.7071,-0.7068,-1.2791,-0.5276,-0.4284,,4.0,4.0,4.0
R_2eaZAe1zTZr6DFX,SK-A-4469,27,none,3,-2.5,-2.1561,8.0,yes,5.0,5.0,2.0,,,,,,3.7143,5.87,4.87,6.87,high,1.25,1.46,55-64 years old,Female,"Yes, and I do not perceive colours",460,100,True,27,yes,yes,yes,yes,colourblind,high_sem_high_perc,Q1,high,high,31,11,6,6.128,21.628,0.8686,0.1858,-0.3967,-0.7068,2.0035,-0.3059,-0.9165,,4.0,4.0,4.0
R_8TI6QHRtAExxxNR,SK-C-1215,1,human,3,-2.5,-2.1561,6.0,yes,3.0,3.0,1.0,0.5,-0.3874347530096192,-1.3874347530096192,0.6125652469903808,low,1.0,0.2627,-0.7373,1.2627,high,0.25,-0.5878,45-54 years old,Male,"No, I am not colourblind",22975,100,True,27,yes,yes,yes,yes,,high_sem_high_perc,Q1,high,high,24,14,8,5.533,8.134,0.5041,-0.169,0.069,-0.0599,-0.8622,-0.0533,-0.0772,1.4775,1.0,0.5,0.6666666666666666
R_8TI6QHRtAExxxNR,SK-A-1574,2,human,6,0.5,-8.1561,4.0,yes,2.0,-2.0,1.0,0.5,-0.3874347530096192,-1.3874347530096192,0.6125652469903808,low,1.0,0.2627,-0.7373,1.2627,high,0.25,-0.5878,45-54 years old,Male,"No, I am not colourblind",22975,100,True,27,yes,yes,yes,yes,,high_sem_high_perc,Q1,high,high,41,19,10,6.451,10.977,1.0665,0.6927,0.8451,0.587,-0.2584,0.7083,-1.9879,1.4775,1.0,0.5,0.6666666666666666
R_8TI6QHRtAExxxNR,SK-A-261,3,human,2,-3.5,3.8439,4.0,yes,2.0,2.0,1.0,0.5,-0.3874347530096192,-1.3874347530096192,0.6125652469903808,low,1.0,0.2627,-0.7373,1.2627,high,0.25,-0.5878,45-54 years old,Male,"No, I am not colourblind",22975,100,True,27,yes,yes,yes,yes,,low_sem_low_perc,Q4,low,low,9,8,7,4.292,16.828,-0.2562,-0.9292,-0.8623,-0.3834,0.9841,-0.725,0.1278,1.4775,1.0,0.5,0.6666666666666666
R_8TI6QHRtAExxxNR,SK-A-2110,4,ai,8,2.5,-2.1561,6.0,yes,2.0,-2.0,1.0,0.5,-0.3874347530096192,-1.3874347530096192,0.6125652469903808,low,1.0,0.2627,-0.7373,1.2627,high,0.25,-0.5878,45-54 years old,Male,"No, I am not colourblind",22975,100,True,27,yes,yes,yes,yes,,high_sem_low_perc,Q3,high,low,29,17,13,4.449,10.91,-0.16,0.0845,0.5346,1.5574,-0.2727,0.7255,0.9709,1.4775,1.0,0.5,0.6666666666666666
R_8TI6QHRtAExxxNR,SK-A-1756,5,ai,3,-2.5,-2.1561,7.0,yes,4.0,4.0,1.0,0.5,-0.3874347530096192,-1.3874347530096192,0.6125652469903808,low,1.0,0.2627,-0.7373,1.2627,high,0.25,-0.5878,45-54 years old,Male,"No, I am not colourblind",22975,100,True,27,yes,yes,yes,yes,,high_sem_high_perc,Q1,high,high,20,12,9,5.001,12.19,0.1782,-0.3717,-0.2415,0.2636,-0.0008,-0.1165,-1.106,1.4775,1.0,0.5,0.6666666666666666
R_8TI6QHRtAExxxNR,SK-A-1713,6,none,8,2.5,-2.1561,5.0,yes,3.0,-3.0,1.0,0.5,-0.3874347530096192,-1.3874347530096192,0.6125652469903808,low,1.0,0.2627,-0.7373,1.2627,high,0.25,-0.5878,45-54 years old,Male,"No, I am not colourblind",22975,100,True,27,yes,yes,yes,yes,,low_sem_low_perc,Q4,low,low,15,13,10,2.989,8.961,-1.0545,-0.6251,-0.0862,0.587,-0.6866,-0.0414,-0.1003,1.4775,1.0,0.5,0.6666666666666666
R_8TI6QHRtAExxxNR,SK-A-388,7,human,5,-0.5,-8.1561,7.0,yes,2.0,2.0,1.0,0.5,-0.3874347530096192,-1.3874347530096192,0.6125652469903808,low,1.0,0.2627,-0.7373,1.2627,high,0.25,-0.5878,45-54 years old,Male,"No, I am not colourblind",22975,100,True,27,yes,yes,yes,yes,,high_sem_low_perc,Q3,high,low,52,24,12,4.026,10.43,-0.4191,1.2502,1.6212,1.2339,-0.3746,1.3684,0.1145,1.4775,1.0,0.5,0.6666666666666666
R_8TI6QHRtAExxxNR,SK-A-232,8,ai,5,-0.5,-8.1561,8.0,yes,3.0,3.0,1.0,0.5,-0.3874347530096192,-1.3874347530096192,0.6125652469903808,low,1.0,0.2627,-0.7373,1.2627,high,0.25,-0.5878,45-54 years old,Male,"No, I am not colourblind",22975,100,True,27,yes,yes,yes,yes,,high_sem_low_perc,Q3,high,low,76,16,8,2.204,6.579,-1.5354,2.4667,0.3794,-0.0599,-1.1924,0.9287,0.1549,1.4775,1.0,0.5,0.6666666666666666
R_8TI6QHRtAExxxNR,SK-A-1940,9,human,5,-0.5,-8.1561,7.0,yes,2.0,2.0,1.0,0.5,-0.3874347530096192,-1.3874347530096192,0.6125652469903808,low,1.0,0.2627,-0.7373,1.2627,high,0.25,-0.5878,45-54 years old,Male,"No, I am not colourblind",22975,100,True,27,yes,yes,yes,yes,,high_sem_high_perc,Q1,high,high,39,23,10,7.148,15.116,1.4935,0.5913,1.466,0.587,0.6205,0.8814,-0.3461,1.4775,1.0,0.5,0.6666666666666666
R_8TI6QHRtAExxxNR,SK-A-3023,10,ai,9,3.5,3.8439,4.0,yes,5.0,-5.0,1.0,0.5,-0.3874347530096192,-1.3874347530096192,0.6125652469903808,low,1.0,0.2627,-0.7373,1.2627,high,0.25,-0.5878,45-54 years old,Male,"No, I am not colourblind",22975,100,True,27,yes,yes,yes,yes,,high_sem_low_perc,Q3,high,low,24,9,6,2.609,6.171,-1.2873,-0.169,-0.7071,-0.7068,-1.2791,-0.5276,-0.4284,1.4775,1.0,0.5,0.6666666666666666
R_8TI6QHRtAExxxNR,SK-C-243,11,ai,2,-3.5,3.8439,5.0,yes,3.0,3.0,1.0,0.5,-0.3874347530096192,-1.3874347530096192,0.6125652469903808,low,1.0,0.2627,-0.7373,1.2627,high,0.25,-0.5878,45-54 years old,Male,"No, I am not colourblind",22975,100,True,27,yes,yes,yes,yes,,low_sem_low_perc,Q4,low,low,14,12,6,4.052,8.426,-0.4032,-0.6758,-0.2415,-0.7068,-0.8002,-0.5414,0.1632,1.4775,1.0,0.5,0.6666666666666666
R_8TI6QHRtAExxxNR,SK-A-1684,12,human,6,0.5,-8.1561,8.0,yes,2.0,2.0,1.0,0.5,-0.3874347530096192,-1.3874347530096192,0.6125652469903808,low,1.0,0.2627,-0.7373,1.2627,high,0.25,-0.5878,45-54 years old,Male,"No, I am not colourblind",22975,100,True,27,yes,yes,yes,yes,,low_sem_low_perc,Q4,low,low,7,6,5,1.478,7.119,-1.9802,-1.0306,-1.1728,-1.0303,-1.0777,-1.0779,1.5061,1.4775,1.0,0.5,0.6666666666666666
R_8TI6QHRtAExxxNR,SK-A-1298,13,none,8,2.5,-2.1561,4.0,yes,4.0,-4.0,1.0,0.5,-0.3874347530096192,-1.3874347530096192,0.6125652469903808,low,1.0,0.2627,-0.7373,1.2627,high,0.25,-0.5878,45-54 years old,Male,"No, I am not colourblind",22975,100,True,27,yes,yes,yes,yes,,low_sem_high_perc,Q2,low,high,13,4,3,6.345,12.638,1.0016,-0.7265,-1.4832,-1.6772,0.0943,-1.2956,-1.1122,1.4775,1.0,0.5,0.6666666666666666
R_8TI6QHRtAExxxNR,SK-C-95,14,human,3,-2.5,-2.1561,7.0,yes,4.0,4.0,1.0,0.5,-0.3874347530096192,-1.3874347530096192,0.6125652469903808,low,1.0,0.2627,-0.7373,1.2627,high,0.25,-0.5878,45-54 years old,Male,"No, I am not colourblind",22975,100,True,27,yes,yes,yes,yes,,low_sem_high_perc,Q2,low,high,12,10,6,5.078,11.141,0.2254,-0.7772,-0.5519,-0.7068,-0.2236,-0.6786,0.0208,1.4775,1.0,0.5,0.6666666666666666
R_8TI6QHRtAExxxNR,SK-A-1403,15,none,3,-2.5,-2.1561,8.0,yes,5.0,5.0,1.0,0.5,-0.3874347530096192,-1.3874347530096192,0.6125652469903808,low,1.0,0.2627,-0.7373,1.2627,high,0.25,-0.5878,45-54 years old,Male,"No, I am not colourblind",22975,100,True,27,yes,yes,yes,yes,,high_sem_high_perc,Q1,high,high,69,22,13,5.281,17.539,0.3497,2.1119,1.3107,1.5574,1.1351,1.66,0.7811,1.4775,1.0,0.5,0.6666666666666666
R_8TI6QHRtAExxxNR,SK-A-4469,16,ai,10,4.5,11.8439,6.0,yes,4.0,-4.0,1.0,0.5,-0.3874347530096192,-1.3874347530096192,0.6125652469903808,low,1.0,0.2627,-0.7373,1.2627,high,0.25,-0.5878,45-54 years old,Male,"No, I am not colourblind",22975,100,True,27,yes,yes,yes,yes,,high_sem_high_perc,Q1,high,high,31,11,6,6.128,21.628,0.8686,0.1858,-0.3967,-0.7068,2.0035,-0.3059,-0.9165,1.4775,1.0,0.5,0.6666666666666666
R_8TI6QHRtAExxxNR,SK-A-62,17,ai,6,0.5,-8.1561,5.0,yes,1.0,-1.0,1.0,0.5,-0.3874347530096192,-1.3874347530096192,0.6125652469903808,low,1.0,0.2627,-0.7373,1.2627,high,0.25,-0.5878,45-54 years old,Male,"No, I am not colourblind",22975,100,True,27,yes,yes,yes,yes,,low_sem_low_perc,Q4,low,low,6,4,4,4.61,10.563,-0.0614,-1.0813,-1.4832,-1.3537,-0.3464,-1.3061,-1.366,1.4775,1.0,0.5,0.6666666666666666
R_8TI6QHRtAExxxNR,SK-A-3297,18,none,7,1.5,-6.1561,7.0,yes,0.0,0.0,1.0,0.5,-0.3874347530096192,-1.3874347530096192,0.6125652469903808,low,1.0,0.2627,-0.7373,1.2627,high,0.25,-0.5878,45-54 years old,Male,"No, I am not colourblind",22975,100,True,27,yes,yes,yes,yes,,low_sem_low_perc,Q4,low,low,17,10,7,4.118,13.599,-0.3628,-0.5237,-0.5519,-0.3834,0.2984,-0.4863,-0.4879,1.4775,1.0,0.5,0.6666666666666666
R_8TI6QHRtAExxxNR,SK-A-2320 A,19,none,4,-1.5,-6.1561,6.0,yes,2.0,2.0,1.0,0.5,-0.3874347530096192,-1.3874347530096192,0.6125652469903808,low,1.0,0.2627,-0.7373,1.2627,high,0.25,-0.5878,45-54 years old,Male,"No, I am not colourblind",22975,100,True,27,yes,yes,yes,yes,,high_sem_low_perc,Q3,high,low,47,24,14,4.652,11.926,-0.0356,0.9968,1.6212,1.8808,-0.0569,1.4996,0.4324,1.4775,1.0,0.5,0.6666666666666666
R_8TI6QHRtAExxxNR,SK-A-4717,20,ai,5,-0.5,-8.1561,7.0,yes,2.0,2.0,1.0,0.5,-0.3874347530096192,-1.3874347530096192,0.6125652469903808,low,1.0,0.2627,-0.7373,1.2627,high,0.25,-0.5878,45-54 years old,Male,"No, I am not colourblind",22975,100,True,27,yes,yes,yes,yes,,low_sem_high_perc,Q2,low,high,12,10,9,6.171,17.158,0.895,-0.7772,-0.5519,0.2636,1.0542,-0.3552,-0.0167,1.4775,1.0,0.5,0.6666666666666666
R_8TI6QHRtAExxxNR,SK-C-153,21,none,5,-0.5,-8.1561,8.0,yes,3.0,3.0,1.0,0.5,-0.3874347530096192,-1.3874347530096192,0.6125652469903808,low,1.0,0.2627,-0.7373,1.2627,high,0.25,-0.5878,45-54 years old,Male,"No, I am not colourblind",22975,100,True,27,yes,yes,yes,yes,,low_sem_high_perc,Q2,low,high,14,12,8,6.72,23.164,1.2313,-0.6758,-0.2415,-0.0599,2.3297,-0.3257,0.2978,1.4775,1.0,0.5,0.6666666666666666
R_8TI6QHRtAExxxNR,SK-A-110,22,human,9,3.5,3.8439,8.0,yes,1.0,-1.0,1.0,0.5,-0.3874347530096192,-1.3874347530096192,0.6125652469903808,low,1.0,0.2627,-0.7373,1.2627,high,0.25,-0.5878,45-54 years old,Male,"No, I am not colourblind",22975,100,True,27,yes,yes,yes,yes,,low_sem_high_perc,Q2,low,high,9,7,5,5.104,15.147,0.2413,-0.9292,-1.0175,-1.0303,0.6271,-0.9923,0.0078,1.4775,1.0,0.5,0.6666666666666666
R_8TI6QHRtAExxxNR,SK-A-864,23,human,2,-3.5,3.8439,9.0,yes,7.0,7.0,1.0,0.5,-0.3874347530096192,-1.3874347530096192,0.6125652469903808,low,1.0,0.2627,-0.7373,1.2627,high,0.25,-0.5878,45-54 years old,Male,"No, I am not colourblind",22975,100,True,27,yes,yes,yes,yes,,high_sem_high_perc,Q1,high,high,66,28,11,8.181,13.079,2.1264,1.9598,2.242,0.9105,0.188,1.7041,1.4922,1.4775,1.0,0.5,0.6666666666666666
R_8TI6QHRtAExxxNR,SK-A-87,24,ai,10,4.5,11.8439,4.0,yes,6.0,-6.0,1.0,0.5,-0.3874347530096192,-1.3874347530096192,0.6125652469903808,low,1.0,0.2627,-0.7373,1.2627,high,0.25,-0.5878,45-54 years old,Male,"No, I am not colourblind",22975,100,True,27,yes,yes,yes,yes,,low_sem_low_perc,Q4,low,low,16,9,4,1.284,3.991,-2.099,-0.5744,-0.7071,-1.3537,-1.742,-0.8784,0.5278,1.4775,1.0,0.5,0.6666666666666666
R_8TI6QHRtAExxxNR,SK-A-1906,25,none,1,-4.5,11.8439,8.0,yes,7.0,7.0,1.0,0.5,-0.3874347530096192,-1.3874347530096192,0.6125652469903808,low,1.0,0.2627,-0.7373,1.2627,high,0.25,-0.5878,45-54 years old,Male,"No, I am not colourblind",22975,100,True,27,yes,yes,yes,yes,,high_sem_low_perc,Q3,high,low,43,16,11,4.708,19.343,-0.0013,0.7941,0.3794,0.9105,1.5182,0.6947,0.4853,1.4775,1.0,0.5,0.6666666666666666
R_8TI6QHRtAExxxNR,SK-A-2320 B,26,none,9,3.5,3.8439,6.0,yes,3.0,-3.0,1.0,0.5,-0.3874347530096192,-1.3874347530096192,0.6125652469903808,low,1.0,0.2627,-0.7373,1.2627,high,0.25,-0.5878,45-54 years old,Male,"No, I am not colourblind",22975,100,True,27,yes,yes,yes,yes,,low_sem_high_perc,Q2,low,high,11,7,4,4.974,8.222,0.1616,-0.8279,-1.0175,-1.3537,-0.8435,-1.0664,0.3704,1.4775,1.0,0.5,0.6666666666666666
R_8TI6QHRtAExxxNR,SK-A-298,27,none,3,-2.5,-2.1561,6.0,yes,3.0,3.0,1.0,0.5,-0.3874347530096192,-1.3874347530096192,0.6125652469903808,low,1.0,0.2627,-0.7373,1.2627,high,0.25,-0.5878,45-54 years old,Male,"No, I am not colourblind",22975,100,True,27,yes,yes,yes,yes,,high_sem_low_perc,Q3,high,low,22,19,12,3.588,8.258,-0.6875,-0.2703,0.8451,1.2339,-0.8359,0.6029,0.4922,1.4775,1.0,0.5,0.6666666666666666
